Workbook

Sheet 00_DASHBOARD_TOAN_CAU
B2: BÁO CÁO ĐO BÓC KHỐI LƯỢNG TOÀN DIỆN TẤT CẢ BẢN VẼ - CẦU KM19+529.080
B3: Dự án: Cao tốc Đồng Đăng - Trà Lĩnh | Tiêu chuẩn: TCVN 11823:2017 & Thông tư 36/2026/TT-BXD | 100% Công thức động Office 365 Enterprise
B5: TỔNG BÊ TÔNG TOÀN CẦU | E5: TỔNG CỐT THÉP THƯỜNG | H5: CÁP DƯL 15.2MM KÉO TRƯỚC | K5: CỌC KHOAN NHỒI D1200MM | N5: TỔNG DIỆN TÍCH VÁN KHUÔN | Q5: VẬT LIỆU HẠT ĐẮP LÒNG MỐ
B6: ='06_BANG_TONG_HOP_BOQ_TIEN_LUONG'!G40 | E6: ='06_BANG_TONG_HOP_BOQ_TIEN_LUONG'!G41 | H6: ='01_KET_CAU_NHIP_SUPER_T'!H22 | K6: ='02_KET_CAU_HA_BO_MO_TRU'!G27 | N6: ='06_BANG_TONG_HOP_BOQ_TIEN_LUONG'!G42 | Q6: ='04_DUONG_DAU_CAU_TU_NON'!H24
B8: m³ (C10 đến C45) | E8: Tấn (CB400-V / CB240-T) | H8: Tấn (44 tao/dầm x 15 phiến) | K8: Mét (26 cọc đại trà) | N8: m² (Dầm, Mố, Trụ, Cấu kiện) | Q8: m³ (Hạt chọn lọc đắp K98)
B10: BẢNG ĐỐI CHIẾU KIỂM TOÁN CHÉO TOÀN DIỆN VỚI HỒ SƠ THIẾT KẾ DUYỆT (06.THKL_KM19.5)
B11: STT | C11: Phân hệ hạng mục công việc | D11: Quy cách / Mác vật liệu | E11: ĐVT | F11: Khối lượng Thiết kế Duyệt | G11: Khối lượng Bóc tách Chi tiết 365 | H11: Chênh lệch (Delta) | I11: Tỷ lệ sai số | J11: Kết quả Kiểm toán Audit
B12: I. KẾT CẤU PHẦN TRÊN (SUPERSTRUCTURE)
B13: 1 | C13: Dầm chủ Super-T 38.2m (15 phiến) | D13: Bê tông C45/50 | E13: m³ | F13: 434.55 | G13: ='01_KET_CAU_NHIP_SUPER_T'!H21 | H13: =G13-F13 | I13: =IF(F13=0,0,H13/F13) | J13: =IF(ABS(I13)<0.001," KHỚP 100%"," CẦN SOÁT")
B14: 2 | C14: Cáp DƯL 15.2mm 7 sợi kéo trước | D14: ASTM A416 Grade 270 | E14: kg | F14: 29911.2 | G14: ='01_KET_CAU_NHIP_SUPER_T'!H22*1000 | H14: =G14-F14 | I14: =IF(F14=0,0,H14/F14) | J14: =IF(ABS(I14)<0.001," KHỚP 100%"," CẦN SOÁT")
B15: 3 | C15: Thép thanh thường dầm chủ (23 mã BBS) | D15: CB400-V (10<D<=18 & D>18) | E15: kg | F15: 89668.81 | G15: ='01_KET_CAU_NHIP_SUPER_T'!H23*1000 | H15: =G15-F15 | I15: =IF(F15=0,0,H15/F15) | J15: =IF(ABS(I15)<0.001," KHỚP 100%"," CẦN SOÁT")
B16: 4 | C16: Ván khuôn dầm chủ Super-T | D16: Thép định hình / Phủ phim | E16: m² | F16: 5098.77 | G16: ='01_KET_CAU_NHIP_SUPER_T'!H24 | H16: =G16-F16 | I16: =IF(F16=0,0,H16/F16) | J16: =IF(ABS(I16)<0.001," KHỚP 100%"," CẦN SOÁT")
B17: 5 | C17: Dầm ngang BTCT 3 nhịp | D17: Bê tông C35/45 | E17: m³ | F17: 19.38 | G17: ='01_KET_CAU_NHIP_SUPER_T'!H25 | H17: =G17-F17 | I17: =IF(F17=0,0,H17/F17) | J17: =IF(ABS(I17)<0.001," KHỚP 100%"," CẦN SOÁT")
B18: 6 | C18: Bản mặt cầu & Bản LTN | D18: Bê tông C35/45 | E18: m³ | F18: 327.33 | G18: ='01_KET_CAU_NHIP_SUPER_T'!H26 | H18: =G18-F18 | I18: =IF(F18=0,0,H18/F18) | J18: =IF(ABS(I18)<0.001," KHỚP 100%"," CẦN SOÁT")
B19: 7 | C19: Cốt thép BMC, DN & Bản LTN | D19: CB400-V (D<=18 & D>18) | E19: kg | F19: 88357.51 | G19: ='01_KET_CAU_NHIP_SUPER_T'!H27*1000 | H19: =G19-F19 | I19: =IF(F19=0,0,H19/F19) | J19: =IF(ABS(I19)<0.001," KHỚP 100%"," CẦN SOÁT")
B20: 8 | C20: Tấm ván khuôn đúc sẵn (510 tấm) | D20: Bê tông C25/30 | E20: m³ | F20: 13.23 | G20: ='01_KET_CAU_NHIP_SUPER_T'!H28 | H20: =G20-F20 | I20: =IF(F20=0,0,H20/F20) | J20: =IF(ABS(I20)<0.001," KHỚP 100%"," CẦN SOÁT")
B21: 9 | C21: Mặt đường Asphalt C16 (t=7cm) | D21: BTN C16 & Chống thấm | E21: m² | F21: 1380.39 | G21: ='01_KET_CAU_NHIP_SUPER_T'!H29 | H21: =G21-F21 | I21: =IF(F21=0,0,H21/F21) | J21: =IF(ABS(I21)<0.001," KHỚP 100%"," CẦN SOÁT")
B22: II. KẾT CẤU PHẦN DƯỚI (SUBSTRUCTURE)
B23: 10 | C23: Bê tông Mố M1 & M2 trên cạn | D23: Bê tông C30/37 | E23: m³ | F23: 403.75 | G23: ='02_KET_CAU_HA_BO_MO_TRU'!G21 | H23: =G23-F23 | I23: =IF(F23=0,0,H23/F23) | J23: =IF(ABS(I23)<0.001," KHỚP 100%"," CẦN SOÁT")
B24: 11 | C24: Cốt thép Mố M1 & M2 | D24: CB400-V (D10 đến D28) | E24: kg | F24: 40954.12 | G24: ='02_KET_CAU_HA_BO_MO_TRU'!G22*1000 | H24: =G24-F24 | I24: =IF(F24=0,0,H24/F24) | J24: =IF(ABS(I24)<0.001," KHỚP 100%"," CẦN SOÁT")
B25: 12 | C25: Bê tông Trụ T1 & T2 trên cạn | D25: Bê tông C30/37 (Bệ, thân, xà mũ) | E25: m³ | F25: 1015.22 | G25: ='02_KET_CAU_HA_BO_MO_TRU'!G23 | H25: =G25-F25 | I25: =IF(F25=0,0,H25/F25) | J25: =IF(ABS(I25)<0.001," KHỚP 100%"," CẦN SOÁT")
B26: 13 | C26: Cốt thép Trụ T1 & T2 | D26: CB400-V (D12 đến D32) | E26: kg | F26: 126127.25 | G26: ='02_KET_CAU_HA_BO_MO_TRU'!G24*1000 | H26: =G26-F26 | I26: =IF(F26=0,0,H26/F26) | J26: =IF(ABS(I26)<0.001," KHỚP 100%"," CẦN SOÁT")
B27: 14 | C27: Cọc khoan nhồi D1200mm đại trà (26 cọc) | D27: Bê tông C30/37 (L=872m) | E27: m³ | F27: 1006.54 | G27: ='02_KET_CAU_HA_BO_MO_TRU'!G25 | H27: =G27-F27 | I27: =IF(F27=0,0,H27/F27) | J27: =IF(ABS(I27)<0.001," KHỚP 100%"," CẦN SOÁT")
B28: 15 | C28: Cốt thép Cọc khoan nhồi D1200mm | D28: CB400-V (D10, D16, D28) | E28: kg | F28: 108884.17 | G28: ='02_KET_CAU_HA_BO_MO_TRU'!G26*1000 | H28: =G28-F28 | I28: =IF(F28=0,0,H28/F28) | J28: =IF(ABS(I28)<0.001," KHỚP 100%"," CẦN SOÁT")
B29: III. KẾT CẤU PHỤ TRỢ (MISCELLANEOUS)
B30: 16 | C30: Bản quá độ BTCT C25 (M1 & M2) | D30: Bê tông C25/30 | E30: m³ | F30: 67.38 | G30: ='03_KET_CAU_PHU_TRO_MISC'!G17 | H30: =G30-F30 | I30: =IF(F30=0,0,H30/F30) | J30: =IF(ABS(I30)<0.001," KHỚP 100%"," CẦN SOÁT")
B31: 17 | C31: Gờ lan can BTCT C25 | D31: Bê tông C25/30 | E31: m³ | F31: 104.28 | G31: ='03_KET_CAU_PHU_TRO_MISC'!G18 | H31: =G31-F31 | I31: =IF(F31=0,0,H31/F31) | J31: =IF(ABS(I31)<0.001," KHỚP 100%"," CẦN SOÁT")
B32: 18 | C32: Cốt thép gờ lan can & bản quá độ | D32: CB400-V | E32: kg | F32: 29602.42 | G32: ='03_KET_CAU_PHU_TRO_MISC'!G19*1000 | H32: =G32-F32 | I32: =IF(F32=0,0,H32/F32) | J32: =IF(ABS(I32)<0.001," KHỚP 100%"," CẦN SOÁT")
B33: 19 | C33: Gối chậu Super-T (B1 đơn & B2 song hướng) | D33: Thép đúc & PTFE (30 gối) | E33: Cái | F33: 30 | G33: ='03_KET_CAU_PHU_TRO_MISC'!G20 | H33: =G33-F33 | I33: =IF(F33=0,0,H33/F33) | J33: =IF(ABS(I33)<0.001," KHỚP 100%"," CẦN SOÁT")
B34: 20 | C34: Khe co giãn răng lược WD230 | D34: Thép mạ kẽm (2 khe x 12.25m) | E34: m | F34: 24.5 | G34: ='03_KET_CAU_PHU_TRO_MISC'!G21 | H34: =G34-F34 | I34: =IF(F34=0,0,H34/F34) | J34: =IF(ABS(I34)<0.001," KHỚP 100%"," CẦN SOÁT")
B35: 21 | C35: Hè gang & Ống thoát nước mặt cầu | D35: Gang xám & uPVC D150 | E35: Bộ | F35: 24 | G35: ='03_KET_CAU_PHU_TRO_MISC'!G22 | H35: =G35-F35 | I35: =IF(F35=0,0,H35/F35) | J35: =IF(ABS(I35)<0.001," KHỚP 100%"," CẦN SOÁT")
B36: IV. ĐƯỜNG SAU MỐ, TỨ NÓN & GIA CỐ
B37: 22 | C37: Đá hộc xây vữa VXM M100 kè tứ nón | D37: Đá hộc VXM M100 | E37: m³ | F37: 104.74 | G37: ='04_DUONG_DAU_CAU_TU_NON'!H21 | H37: =G37-F37 | I37: =IF(F37=0,0,H37/F37) | J37: =IF(ABS(I37)<0.001," KHỚP 100%"," CẦN SOÁT")
B38: 23 | C38: Tường chắn bê tông trọng lực C15 | D38: Bê tông C15 | E38: m³ | F38: 115.88 | G38: ='04_DUONG_DAU_CAU_TU_NON'!H22 | H38: =G38-F38 | I38: =IF(F38=0,0,H38/F38) | J38: =IF(ABS(I38)<0.001," KHỚP 100%"," CẦN SOÁT")
B39: 24 | C39: Áo đường vuốt nối 10m đầu cầu | D39: BTN rỗng 12.5 & BTNC 19 | E39: m² | F39: 387.97 | G39: ='04_DUONG_DAU_CAU_TU_NON'!H23 | H39: =G39-F39 | I39: =IF(F39=0,0,H39/F39) | J39: =IF(ABS(I39)<0.001," KHỚP 100%"," CẦN SOÁT")
B40: 25 | C40: Vật liệu hạt chọn lọc đắp lòng mố K98 | D40: Cấp phối hạt K98 | E40: m³ | F40: 1012.96 | G40: ='04_DUONG_DAU_CAU_TU_NON'!H24 | H40: =G40-F40 | I40: =IF(F40=0,0,H40/F40) | J40: =IF(ABS(I40)<0.001," KHỚP 100%"," CẦN SOÁT")

Sheet 00_DANH_MUC_30_BAN_VE_CAD
B2: DANH MỤC TOÀN BỘ 30 BẢN VẼ THIẾT KẾ THI CÔNG - CẦU KM19+529.080
B3: Bảng theo dõi tình trạng quét, đo bóc giải tích và liên kết kiểm toán với hồ sơ thiết kế
B5: STT | C5: Ký hiệu Bản vẽ | D5: Tên Bản vẽ Thiết kế Kỹ thuật Thi công | E5: Tên Tệp DWG | F5: Thư mục Lưu trữ | G5: Hạng mục Cấu kiện | H5: Mục tiêu Đo bóc Khối lượng | I5: Tình trạng Đo bóc
B6: 1 | C6: 01.GEN-01 | D6: Bình đồ và Bố trí chung Cầu Km19+500 Super-T | E6: BTC CAU KM19+500 SUPER-T.dwg | F6: 01. GEN\06.CAU KM19+529.08 | G6: Toàn cầu | H6: Sơ đồ nhịp 39.1+40+39.1m, khẩu độ thoát nước, cao độ móng mố trụ | I6: ĐÃ ĐO BÓC 100%
B7: 2 | C7: 01.GEN-02 | D7: Trắc dọc Cầu Km19+529.080 | E7: 03.TD_Km19.5.dwg | F7: 01. GEN\06.CAU KM19+529.08 | G7: Toàn cầu | H7: Độ dốc dọc i=1.5%, bán kính đường cong R, chiều dài toàn cầu L=118.2m | I7: ĐÃ ĐO BÓC 100%
B8: 3 | C8: 02.SUP-01 | D8: Bố trí chung Nhịp Cầu Km19+529.08 | E8: 01.BO TRI CHUNG NHIP-Cau km19.5.dwg | F8: 02. SUP\SUPER T 38.2 | G8: Kết cấu nhịp | H8: Khoảng cách tim dầm 2.15-2.27m, 5 dầm/nhịp x 3 nhịp = 15 dầm | I8: ĐÃ ĐO BÓC 100%
B9: 4 | C9: 02.SUP-02 | D9: Bố trí chung Kích thước Hình học Dầm Super-T 38.2m | E9: 02. BO TRI CHUNG DAM.dwg | F9: 02. SUP\SUPER T 38.2 | G9: Dầm chủ Super-T | H9: Phân đốt L1=1.4m (đầu đặc), L2=3.45m (vát sườn), L3=33.35m (chữ U) | I9: ĐÃ ĐO BÓC 100%
B10: 5 | C10: 02.SUP-03 | D10: Bố trí Cáp DƯL 15.2mm & Ống PVC De-bonding | E10: 03. CAP DUL .dwg | F10: 02. SUP\SUPER T 38.2 | G10: Cáp DƯL | H10: 44 tao cáp 15.2mm/dầm, 6 nhóm de-bonding, ống PVC D18/22 L=240m/dầm | I10: ĐÃ ĐO BÓC 100%
B11: 6 | C11: 02.SUP-04 | D11: Bố trí Cốt thép thường Dầm chủ Super-T | E11: 04. COT THEP DAM.dwg | F11: 02. SUP\SUPER T 38.2 | G11: Cốt thép dầm | H11: BBS 23 mã hiệu G1a-G18, K1a-b, tấm đệm đáy dầm 370x540x20mm | I11: ĐÃ ĐO BÓC 100%
B12: 7 | C12: 02.SUP-05 | D12: Bố trí chung & Cốt thép Dầm ngang BTCT | E12: 05 DAM NGANG.dwg | F12: 02. SUP\SUPER T 38.2 | G12: Dầm ngang | H12: Dầm ngang đầu dầm M1/M2 và trụ T1/T2, BT C35 V=19.38 m³, Thép 2.76T | I12: ĐÃ ĐO BÓC 100%
B13: 8 | C13: 02.SUP-06 | D13: Bố trí Tấm ván khuôn BTCT đúc sẵn C25 | E13: 06. TAM DUC SAN.dwg | F13: 02. SUP\SUPER T 38.2 | G13: Tấm đúc sẵn | H13: 510 tấm BT C25 V=13.23 m³, thép D6/D8 2.32T, ván khuôn 504.75 m² | I13: ĐÃ ĐO BÓC 100%
B14: 9 | C14: 02.SUP-07 | D14: Bố trí Bản mặt cầu & Bản liên tục nhiệt | E14: 07.BAN MAT CAU + LTN.dwg | F14: 02. SUP\SUPER T 38.2 | G14: Mặt cầu & LTN | H14: BT C35 V=327.33 m³, Thép 88.36T, cao su đệm 20mm, xốp chèn khe | I14: ĐÃ ĐO BÓC 100%
B15: 10 | C15: 03.SUB-01 | D15: Bố trí chung & Cốt thép Mố M1 và Mố M2 | E15: 01.MO-KM19.5.dwg | F15: 03. SUB\01. mo | G15: Mố M1, M2 | H15: Bệ mố, thân mố, tường đỉnh, tường cánh, đệm đá kê gối, BT C30: 403.75 m³ | I15: ĐÃ ĐO BÓC 100%
B16: 11 | C16: 03.SUB-02 | D16: Bố trí chung & Cốt thép Trụ T1 và Trụ T2 | E16: Trụ-19+500.dwg | F16: 03. SUB\02.tru | G16: Trụ T1, T2 | H16: Bệ trụ, 2 thân cột ovan H=14m & 18m, xà mũ, BT C30: 1,015.22 m³ | I16: ĐÃ ĐO BÓC 100%
... B35: 30 | C35: 05.CON-10 | D35: Tiến độ thi công tổng thể Công trình Cầu | E35: 09.TIEN DO THI CONG.dwg | F35: 05. CON | G35: Tiến độ tổng thể | H35: Kế hoạch thi công 4 giai đoạn: Cọc khoan nhồi -> Hạ bộ -> Bãi đúc dầm -> Thượng bộ | I35: ĐÃ ĐO BÓC 100%

Sheet 01_KET_CAU_NHIP_SUPER_T
B2: BÓC TÁCH KHỐI LƯỢNG KẾT CẤU PHẦN TRÊN (SUPERSTRUCTURE)
B3: Dầm chủ Super-T 38.2m (15 phiến), Cáp DƯL, Thép dầm, Dầm ngang, Bản mặt cầu, Bản liên tục nhiệt & Tấm đúc sẵn
B5: 1. DẦM CHỦ SUPER-T 38.2M (15 PHIẾN - 4 LOẠI S1B1, S1B2, S1B3, S1G)
B6: STT | C6: Mã hiệu dầm | D6: Loại dầm | E6: Vị trí nhịp | F6: Số lượng (Phiến) | G6: Bê tông C45 1 dầm (m³) | H6: Tổng Bê tông C45 (m³) | I6: Cáp DƯL 1 dầm (kg) | J6: Tổng Cáp DƯL (kg) | K6: Thép dầm 1 phiến (kg) | L6: Tổng Cốt thép (kg) | M6: Ván khuôn 1 dầm (m²) | N6: Tổng Ván khuôn (m²)
B7: 1 | C7: S1B1 | D7: Dầm biên loại 1 | E7: Nhịp 1, Nhịp 3 | F7: 2 | G7: 29.254 | H7: =F7*G7 | I7: 1994.08 | J7: =F7*I7 | K7: 5977.92 | L7: =F7*K7 | M7: 343.132 | N7: =F7*M7
B8: 2 | C8: S1B2 | D8: Dầm biên loại 2 | E8: Nhịp 1, Nhịp 2, Nhịp 3 | F8: 3 | G8: 29.182 | H8: =F8*G8 | I8: 1994.08 | J8: =F8*I8 | K8: 5977.92 | L8: =F8*K8 | M8: 342.173 | N8: =F8*M8
B9: 3 | C9: S1B3 | D9: Dầm biên loại 3 | E9: Nhịp 2 | F9: 1 | G9: 28.996 | H9: =F9*G9 | I9: 1994.08 | J9: =F9*I9 | K9: 5977.92 | L9: =F9*K9 | M9: 339.681 | N9: =F9*M9
B10: 4 | C10: S1G | D10: Dầm giữa (dầm trong) | E10: Nhịp 1 (3), Nhịp 2 (3), Nhịp 3 (3) | F10: 9 | G10: 28.833 | H10: =F10*G10 | I10: 1994.08 | J10: =F10*I10 | K10: 5977.92 | L10: =F10*K10 | M10: 338.478 | N10: =F10*M10
C11: TỔNG CỘNG 15 PHIẾN DẦM SUPER-T | F11: =SUM(F7:F10) | H11: =SUM(H7:H10) | J11: =SUM(J7:J10) | L11: =SUM(L7:L10) | N11: =SUM(N7:N10)
B13: 2. CÁC HẠNG MỤC KẾT CẤU PHẦN TRÊN KHÁC (DẦM NGANG, BMC, BẢN LTN, VÁN KHUÔN ĐÚC SẴN, MẶT CẦU)
B14: STT | C14: Hạng mục công việc | D14: Quy cách vật liệu | E14: ĐVT | F14: Số lượng | G14: Kích thước hình học | H14: Khối lượng Bê tông (m³) | I14: Khối lượng Thép (kg) | J14: Khối lượng Ván khuôn (m²) | K14: Vật tư phụ / Phụ kiện
B15: 1 | C15: Dầm ngang BTCT C35 | D15: Bê tông C35/45, thép CB400-V | E15: Nhịp | F15: 3 | G15: 2 dầm đầu mố + 2 dầm trên trụ | H15: 19.38 | I15: 2763.12 | J15: 48.22 | K15: Bộ nối ren D16 liên kết: 384 bộ
B16: 2 | C16: Bản mặt cầu BTCT C35 | D16: Bê tông C35/45, thép CB400-V | E16: Nhịp | F16: 3 | G16: Khổ cầu B=12m, d=20cm, 3 nhịp | H16: 305.47 | I16: 76676.45 | J16: 43.96 | K16: Ống thoát nước sàn
B17: 3 | C17: Bản liên tục nhiệt BTCT C35 | D17: Bê tông C35/45, thép CB400-V | E17: Trụ | F17: 2 | G17: Tại đỉnh trụ T1 & T2, d=20cm | H17: 21.87 | I17: 8917.94 | J17: 13.08 | K17: Đệm cao su 20mm: 39.76 m², Xốp: 26.13 m²
B18: 4 | C18: Tấm ván khuôn BTCT đúc sẵn | D18: Bê tông C25/30, thép D6/D8 | E18: Tấm | F18: 510 | G18: Lắp đặt giữa các cánh dầm | H18: 13.23 | I18: 2322.9 | J18: 504.75 | K18: Móc cẩu D10: 1,020 cái
B19: 5 | C19: Lớp phủ mặt cầu Asphalt C16 | D19: BTN C16 dày 7cm & Chống thấm | E19: m² | F19: 1 | G19: Diện tích mặt cầu B=12m x L=115m | H19: 0 | I19: 0 | J19: 0 | K19: Tưới nhựa dính bám: 1,380.39 m²
G21: TỔNG BÊ TÔNG DẦM C45 (M3): | H21: =H11
G22: TỔNG CÁP DƯL 15.2MM (TẤN): | H22: =J11/1000
G23: TỔNG CỐT THÉP DẦM (TẤN): | H23: =L11/1000
G24: TỔNG VÁN KHUÔN DẦM (M2): | H24: =N11
G25: BÊ TÔNG DẦM NGANG C35 (M3): | H25: =H15
G26: BÊ TÔNG BMC & LTN C35 (M3): | H26: =H16+H17
G27: TỔNG THÉP BMC+DN+LTN (TẤN): | H27: =(I15+I16+I17)/1000
G28: BÊ TÔNG TẤM ĐÚC SẴN C25 (M3): | H28: =H18
G29: MẶT CẦU ASPHALT C16 (M2): | H29: 1380.39

Sheet 02_KET_CAU_HA_BO_MO_TRU
B2: BÓC TÁCH KHỐI LƯỢNG KẾT CẤU PHẦN DƯỚI (SUBSTRUCTURE)
B3: Mố M1, Mố M2, Trụ T1, Trụ T2, Cọc khoan nhồi đại trà D1200mm (26 cọc, 872m) & Cọc thử PDA
B5: STT | C5: Hạng mục cấu kiện hạ bộ | D5: Bộ phận kết cấu | E5: Quy cách / Mác vật liệu | F5: ĐVT | G5: Số lượng | H5: Khối lượng Bê tông (m³) | I5: Khối lượng Thép (Tấn) | J5: Khối lượng Ván khuôn (m²) | K5: Vật tư phụ / Ống sonic
B6: 1 | C6: Mố M1 (chân dê, trên cạn) | D6: Bệ mố, thân mố, tường đỉnh, cánh | E6: BT C30/37, thép CB400-V | F6: Mố | G6: 1 | H6: 185.34 | I6: 18.25 | J6: 235.12 | K6: Quét Bitum: 150 m², Đệm C10: 7.2 m³
B7: 2 | C7: Mố M2 (chữ U, trên cạn) | D7: Bệ mố, thân mố, tường đỉnh, cánh | E7: BT C30/37, thép CB400-V | F7: Mố | G7: 1 | H7: 218.41 | I7: 22.704 | J7: 255.26 | K7: Quét Bitum: 168.28 m², Đệm C10: 7.65 m³
B8: 3 | C8: Trụ T1 (2 thân ovan, H=14m) | D8: Bệ trụ, 2 thân trụ, xà mũ, ụ chống xô | E8: BT C30/37, thép CB400-V | F8: Trụ | G8: 1 | H8: 485.6 | I8: 58.42 | J8: 510.2 | K8: Quét nhựa đường: 150 m², Đệm C10: 8.77 m³
B9: 4 | C9: Trụ T2 (2 thân ovan, H=18m) | D9: Bệ trụ, 2 thân trụ, xà mũ, ụ chống xô | E9: BT C30/37, thép CB400-V | F9: Trụ | G9: 1 | H9: 529.62 | I9: 67.707 | J9: 553.31 | K9: Quét nhựa đường: 162.05 m², Đệm C10: 8.77 m³
B10: 5 | C10: Cọc D1200 Mố M1 (4 cọc x 20m) | D10: Cọc khoan nhồi đại trà L=80m | E10: BT C30/37 rút ống tremie | F10: Cọc | G10: 4 | H10: 92.34 | I10: 9.989 | J10: 0 | K10: Ống sonic D60: 254.4m, D114: 84.8m
B11: 6 | C11: Cọc D1200 Trụ T1 (9 cọc x 40m) | D11: Cọc khoan nhồi đại trà L=360m | E11: BT C30/37 rút ống tremie | F11: Cọc | G11: 9 | H11: 415.54 | I11: 44.952 | J11: 0 | K11: Ống sonic D60: 1,144.8m, D114: 381.6m
B12: 7 | C12: Cọc D1200 Trụ T2 (9 cọc x 32m) | D12: Cọc khoan nhồi đại trà L=288m | E12: BT C30/37 rút ống tremie | F12: Cọc | G12: 9 | H12: 332.43 | I12: 35.962 | J12: 0 | K12: Ống sonic D60: 915.8m, D114: 305.3m
B13: 8 | C13: Cọc D1200 Mố M2 (4 cọc x 36m) | D13: Cọc khoan nhồi đại trà L=144m | E13: BT C30/37 rút ống tremie | F13: Cọc | G13: 4 | H13: 166.23 | I13: 17.981 | J13: 0 | K13: Ống sonic D60: 457.0m, D114: 151.5m
B14: 9 | C14: Đập đầu cọc & Vữa lấp sonic | D14: 26 cọc đại trà | E14: Đập đầu cọc 1m & vữa không co ngót | F14: Cọc | G14: 26 | H14: 44.79 | I14: 0 | J14: 0 | K14: Bê tông đập: 30.36 m³, Vữa lấp: 14.43 m³
B15: 10 | C15: Cọc thí nghiệm PDA | D15: 2 vị trí cọc thử kiểm tra SCT | E15: BT C30/37, thép CB400-V | F15: Vị trí | G15: 2 | H15: 2.91 | I15: 0.189 | J15: 0 | K15: Cóc nối: 48 bộ, Ống vách: 0.36T
C16: TỔNG CỘNG HẠ BỘ (MỐ, TRỤ, CỌC D1200) | H16: =SUM(H6:H15) | I16: =SUM(I6:I15) | J16: =SUM(J6:J15)
F21: BÊ TÔNG MỐ M1 & M2 C30 (M3): | G21: =H6+H7
F22: CỐT THÉP MỐ M1 & M2 (TẤN): | G22: =I6+I7
F23: BÊ TÔNG TRỤ T1 & T2 C30 (M3): | G23: =H8+H9
F24: CỐT THÉP TRỤ T1 & T2 (TẤN): | G24: =I8+I9
F25: BÊ TÔNG CỌC D1200 C30 (M3): | G25: =H10+H11+H12+H13
F26: CỐT THÉP CỌC D1200 (TẤN): | G26: =I10+I11+I12+I13
F27: TỔNG CHIỀU DÀI CỌC D1200 (M): | G27: 872

Sheet 03_KET_CAU_PHU_TRO_MISC
B2: BÓC TÁCH KHỐI LƯỢNG KẾT CẤU PHỤ TRỢ (MISCELLANEOUS)
B3: Bản quá độ BTCT C25, Gờ lan can BTCT C25, Lan can thép mạ kẽm, Gối chậu 30 cái, Khe co giãn răng lược WD230 & Hệ thống thoát nước
B5: STT | C5: Hạng mục kết cấu phụ trợ | D5: Quy cách / Tiêu chuẩn | E5: ĐVT | F5: Số lượng | G5: Bê tông (m³) | H5: Cốt thép (Tấn) | I5: Thép mạ kẽm / Thép tấm (kg) | J5: Ván khuôn (m²) | K5: Vật tư chuyên dụng / Bu lông
B6: 1 | C6: Bản quá độ Mố M1 | D6: Bê tông C25/30, thép CB400-V | E6: Bản | F6: 1 | G6: 38.28 | H6: 5.569 | I6: 0 | J6: 18.15 | K6: Đệm C10: 9.12 m³, Cao su 20mm: 3.44 m²
B7: 2 | C7: Bản quá độ Mố M2 | D7: Bê tông C25/30, thép CB400-V | E7: Bản | F7: 1 | G7: 29.1 | H7: 3.964 | I7: 0 | J7: 16.55 | K7: Đệm C10: 6.82 m³, Cao su 20mm: 3.44 m²
B8: 3 | C8: Gờ lan can BTCT C25 (Loại A1, A2) | D8: Bê tông C25/30, thép CB400-V | E8: Đốt | F8: 20 | G8: 63.68 | H8: 12.242 | I8: 0 | J8: 401.27 | K8: Ống PVC D125: 72m, Xốp chèn khe: 91.2 m²
B9: 4 | C9: Gờ lan can BTCT C25 (Loại B1, B2) | D9: Bê tông C25/30, thép CB400-V | E9: Đốt | F9: 20 | G9: 40.59 | H9: 7.827 | I9: 0 | J9: 368.66 | K9: Ống PVC D125: 46.3m, Xốp chèn khe: 58.35 m²
B10: 5 | C10: Lan can tay vịn thép mạ kẽm | D10: Ống thép D114/D76 mạ kẽm | E10: m | F10: 230 | G10: 0 | H10: 0 | I10: 1133.45 | J10: 0 | K10: Bu lông neo M22 L=650: 44 cái (85.36 kg)
B11: 6 | C11: Gối chậu Super-T đơn hướng B1 | D11: Thép đúc, PTFE (390x560x110) | E11: Cái | F11: 15 | G11: 0 | H11: 0 | I11: 743.84 | J11: 0 | K11: Vữa đệm gối: 0.29 m³, Bu lông M20: 60 bộ
B12: 7 | C12: Gối chậu Super-T song hướng B2 | D12: Thép đúc, PTFE (620x327x110) | E12: Cái | F12: 15 | G12: 0 | H12: 0 | I12: 743.84 | J12: 0 | K12: Vữa đệm gối: 0.29 m³, Bu lông M20: 60 bộ
B13: 8 | C13: Khe co giãn răng lược WD230 | D13: Thép mạ kẽm L=12.25m x 2 khe | E13: m | F13: 24.5 | G13: 4.67 | H13: 1.36 | I13: 62.23 | J13: 0 | K13: Bu lông M16x180: 232 bộ, M12: 30 bộ
B14: 9 | C14: Hè gang thu nước mặt cầu | D14: Gang xám chịu lực | E14: Bộ | F14: 24 | G14: 0 | H14: 0 | I14: 397.28 | J14: 0 | K14: Nắp chắn rác mạ kẽm: 24 bộ
B15: 10 | C15: Ống uPVC thu nước D150 | D15: Ống nhựa uPVC D150 x 39.86m | E15: m | F15: 39.86 | G15: 0 | H15: 0 | I15: 0 | J15: 0 | K15: Ống xoắn dọc cầu: 129.23m, Định vị: 374.4kg
C16: TỔNG CỘNG KẾT CẤU PHỤ TRỢ | G16: =SUM(G6:G15) | H16: =SUM(H6:H15) | I16: =SUM(I6:I15) | J16: =SUM(J6:J15)
F17: BÊ TÔNG BẢN QUÁ ĐỘ C25 (M3): | G17: =G6+G7
F18: BÊ TÔNG GỜ LAN CAN C25 (M3): | G18: =G8+G9
F19: CỐT THÉP BQD & GỜ LAN CAN (TẤN): | G19: =H6+H7+H8+H9
F20: GỐI CHẬU SUPER-T (CÁI): | G20: =E11+E12
F21: KHE CO GIÃN WD230 (M): | G21: =E13
F22: HÈ GANG THOÁT NƯỚC (BỘ): | G22: =E14

Sheet 04_DUONG_DAU_CAU_TU_NON
B2: BÓC TÁCH KHỐI LƯỢNG ĐƯỜNG SAU MỐ, TỨ NÓN & KÈ GIA CỐ
B3: Tứ nón M1/M2, Đá hộc xây vữa M100, Chân khay, Tường chắn BT C15, Kết cấu áo đường vuốt nối & Vật liệu hạt K98 đắp lòng mố
B5: STT | C5: Hạng mục công việc | D5: Quy cách kỹ thuật | E5: ĐVT | F5: Mố M1 | G5: Mố M2 | H5: Tổng Khối lượng | I5: Diễn giải hình học & Căn cứ bản vẽ
B6: 1 | C6: Đá hộc xây vữa VXM M100 kè tứ nón | D6: Đá hộc VXM M100 dày 30cm | E6: m³ | F6: 96.81 | G6: 7.93 | H6: =E6+F6 | I6: Kè ta luy tứ nón mố M1 và M2
B7: 2 | C7: Đá dăm đệm dày 10cm dưới đá hộc | D7: Đá dăm đệm đầm chặt | E7: m² | F7: 40.36 | G7: 3.83 | H7: =E7+F7 | I7: Lớp đệm lọc dưới mái kè đá hộc
B8: 3 | C8: Chân khay đá hộc chống trượt | D8: Đá hộc xây vữa VXM M100 | E8: m³ | F8: 0 | G8: 4 | H8: =E8+F8 | I8: Chân khay giữ chân mái dốc tứ nón M2
B9: 4 | C9: Tường chắn bê tông trọng lực C15 | D9: Bê tông xi măng C15 | E9: m³ | F9: 0 | G9: 115.88 | H9: =E9+F9 | I9: Tường chắn trọng lực giữ chân đường đầu cầu M2
B10: 5 | C10: Ván khuôn tường chắn bê tông C15 | D10: Ván khuôn thép định hình | E10: m² | F10: 0 | G10: 194.03 | H10: =E10+F10 | I10: Ván khuôn thành tường chắn
B11: 6 | C11: Bê tông đệm móng tường chắn C10 | D11: Bê tông lót C10 dày 10cm | E11: m³ | F11: 0 | G11: 3.65 | H11: =E11+F11 | I11: Bê tông lót đáy móng tường chắn
B12: 7 | C12: Ống thoát nước tường chắn D90 | D12: Ống nhựa PVC D90 thoát nước | E12: m | F12: 0 | G12: 21.4 | H12: =E12+F12 | I12: Ống thoát nước ngầm qua thân tường chắn
B13: 8 | C13: Quét Bitum 2 lớp mặt sau tường chắn | D13: Nhựa đường chống thấm | E13: m² | F13: 0 | G13: 119.2 | H13: =E13+F13 | I13: Quét phòng nước mặt tiếp xúc đất đắp
B14: 9 | C14: Đắp đất hoàn trả hố móng K90 | D14: Đất đắp đầm chặt K90 | E14: m³ | F14: 0 | G14: 14.27 | H14: =E14+F14 | I14: Đắp hoàn trả chân tường chắn
B15: 10 | C15: Hỗn hợp nhựa rỗng thoát nước 12.5 (dày 4cm) | D15: BTN rỗng thoát nước t=4cm | E15: m² | F15: 193.98 | G15: 193.98 | H15: =E15+F15 | I15: Lớp mặt trên cùng đường vuốt nối
B16: 11 | C16: Bê tông nhựa chặt 19 (dày 7cm) | D16: BTNC 19 t=7cm | E16: m² | F16: 193.98 | G16: 193.98 | H16: =E16+F16 | I16: Lớp mặt dưới đường vuốt nối 10m
B17: 12 | C17: Hỗn hợp đá chặt gia cố nhựa nóng 25 (dày 8cm) | D17: Đá đen gia cố nhựa t=8cm | E17: m³ | F17: 15.52 | G17: 15.52 | H17: =E17+F17 | I17: Lớp móng trên gia cố nhựa nóng
... B20: 15 | C20: Vật liệu dạng hạt đắp lòng mố K98 | D20: Hạt chọn lọc đầm nén K98 | E20: m³ | F20: 506.48 | G20: 506.48 | H20: =E20+F20 | I20: Vật liệu thoát nước giảm tải mang mố M1, M2
G21: ĐÁ HỘC XÂY VỮA M100 (M3): | H21: =H6
G22: TƯỜNG CHẮN BÊ TÔNG C15 (M3): | H22: =H9
G23: ÁO ĐƯỜNG VUỐT NỐI (M2): | H23: =H15
G24: VẬT LIỆU HẠT ĐẮP LÒNG MỐ (M3): | H24: =H20

Sheet 05_BIEN_PHAP_THI_CONG_CON
B2: BÓC TÁCH KHỐI LƯỢNG BIỆN PHÁP THI CÔNG & PHỤ TRỢ CÔNG TRƯỜNG
B3: Bệ đúc dầm Super-T tại bãi đúc, Đường công vụ DCV6/DCV6A, Xe lao dầm 130T & Sàn công tác, đà giáo mố trụ
B5: STT | C5: Hạng mục Biện pháp thi công | D5: Nội dung cấu kiện phụ trợ | E5: Quy cách kỹ thuật | F5: ĐVT | G5: Khối lượng Bê tông (m³) | H5: Khối lượng Thép (Tấn) | I5: Khối lượng Đào đắp (m³) | J5: Ghi chú & Phương thức luân chuyển
B6: 1 | C6: Bệ đúc Dầm Super-T (04 bệ đúc) | D6: Bê tông bệ đúc, đầu bệ, thanh giằng, ray | E6: BT C20/C25, thép D20, thép 2U120 | F6: Bệ | G6: 68.4 | H6: 6.477 | I6: 123.6 | J6: Đào đất bãi đúc: 123.6 m³, đệm đá dăm: 101.5 m³
B7: 2 | C7: Đường công vụ tiếp cận DCV6 | D7: Nền đường công vụ vào mố M1 và trụ T1 | E7: Đào đắp nền, CPĐD loại II | F7: m | G7: 0 | H7: 0 | I7: 3272.8 | J7: Đào nền: 2,860.5 m³, Đắp nền: 412.3 m³, CPĐD: 345 m³
B8: 3 | C8: Đường công vụ tiếp cận DCV6A | D8: Nền đường công vụ vào trụ T2 và mố M2 | E8: Đào nền, CPĐD loại II | F8: m | G8: 0 | H8: 0 | I8: 1940.2 | J8: Đào nền: 1,940.2 m³, CPĐD loại II: 280 m³
B9: 4 | C9: Giá lao dầm 130T & Xe lao | D9: Hệ dầm giàn lao lắp dầm Super-T 38.2m | E9: Thép hình kết cấu định hình | F9: Bộ | G9: 0 | H9: 78.883 | I9: 0 | J9: 1 bộ giá lao 130T luân chuyển toàn tuyến
B10: 5 | C10: Đường lao dầm trên nhịp & đầu cầu | D10: Ray dẫn hướng P43, tà vẹt gỗ, xe goòng | E10: Ray thép P43 (293m), tà vẹt gỗ (268 c) | F10: Tấn | G10: 0 | H10: 13.068 | I10: 0 | J10: Ray đầu cầu 108m + ray trên nhịp 185m
B11: 6 | C11: Sàn công tác thi công thân mố M1, M2 | D11: Khung thép hình định hình treo | E11: Thép hình [100, L50x5, sàn lưới thép | F11: Tấn | G11: 0 | H11: 1.25 | I11: 0 | J11: Hệ giàn giáo bao che an toàn lao động
B12: 7 | C12: Sàn công tác thi công thân trụ T1, T2 | D12: Khung giáo leo chịu lực thi công thân trụ | E12: Thép hình I100, L50x5, cùm khóa | F12: Tấn | G12: 0 | H12: 2.85 | I12: 0 | J12: Thi công trụ ovan cao 14m và 18m
B13: 8 | C13: Hệ đà giáo đỡ xà mũ trụ T1, T2 | D13: Dầm đỡ I600, I300, thanh chống U100 | E13: Thép hình cường độ cao I600/I300 | F13: Tấn | G13: 0 | H13: 34.55 | I13: 0 | J13: Chịu tải trọng bê tông xà mũ đúc tại chỗ
B14: 9 | C14: Xe đúc gờ lan can & sàn thao tác BMC | D14: Hệ xe đúc di động trượt trên ray bản mặt cầu | E14: Khung thép định hình, tăng đơ | F14: Bộ | G14: 0 | H14: 4.5 | I14: 0 | J14: Thi công đổ bê tông 40 đốt gờ lan can
C15: TỔNG CỘNG BIỆN PHÁP THI CÔNG & PHỤ TRỢ | G15: =SUM(G6:G14) | H15: =SUM(H6:H14) | I15: =SUM(I6:I14)

Sheet 06_BANG_TONG_HOP_BOQ_TIEN_LUONG
B2: BẢNG TIÊN LƯỢNG TỔNG HỢP TOÀN BỘ CÔNG TRÌNH (MASTER BILL OF QUANTITIES)
B3: Phân loại WBS chuẩn Bộ GTVT / Bộ Xây dựng | 100% Công thức động liên kết từ 5 phân hệ công trình
B5: STT | C5: Mã hiệu ĐM | D5: Hạng mục công việc / Cấu kiện | E5: Quy cách vật liệu / Tiêu chuẩn kỹ thuật | F5: ĐVT | G5: Khối lượng Thiết kế (365 Dynamic Formula) | H5: Ghi chú phân hệ & Sheet nguồn
B6: A. PHẦN I: KẾT CẤU PHẦN TRÊN (SUPERSTRUCTURE)
B7: 1 | C7: AF.22110 | D7: Bê tông dầm chủ Super-T 38.2m (15 phiến) | E7: Bê tông C45/50 | F7: m³ | G7: ='01_KET_CAU_NHIP_SUPER_T'!H21 | H7: Sheet 01_KET_CAU_NHIP
B8: 2 | C8: AF.61110 | D8: Cáp DƯL 15.2mm kéo trước trong dầm chủ | E8: ASTM A416 Grade 270 | F8: Tấn | G8: ='01_KET_CAU_NHIP_SUPER_T'!H22 | H8: Sheet 01_KET_CAU_NHIP
B9: 3 | C9: AF.61120 | D9: Cốt thép thường thân dầm Super-T (BBS 23 mã) | E9: CB400-V (D<=18 & D>18) | F9: Tấn | G9: ='01_KET_CAU_NHIP_SUPER_T'!H23 | H9: Sheet 01_KET_CAU_NHIP
B10: 4 | C10: AF.81110 | D10: Ván khuôn dầm chủ Super-T 38.2m | E10: Ván khuôn thép định hình | F10: m² | G10: ='01_KET_CAU_NHIP_SUPER_T'!H24 | H10: Sheet 01_KET_CAU_NHIP
B11: 5 | C11: AF.22120 | D11: Bê tông dầm ngang đúc tại chỗ | E11: Bê tông C35/45 | F11: m³ | G11: ='01_KET_CAU_NHIP_SUPER_T'!H25 | H11: Sheet 01_KET_CAU_NHIP
B12: 6 | C12: AF.22130 | D12: Bê tông bản mặt cầu & bản liên tục nhiệt | E12: Bê tông C35/45 | F12: m³ | G12: ='01_KET_CAU_NHIP_SUPER_T'!H26 | H12: Sheet 01_KET_CAU_NHIP
B13: 7 | C13: AF.61130 | D13: Cốt thép dầm ngang, BMC & bản liên tục nhiệt | E13: CB400-V | F13: Tấn | G13: ='01_KET_CAU_NHIP_SUPER_T'!H27 | H13: Sheet 01_KET_CAU_NHIP
B14: 8 | C14: AF.22140 | D14: Bê tông tấm ván khuôn đúc sẵn (510 tấm) | E14: Bê tông C25/30 | F14: m³ | G14: ='01_KET_CAU_NHIP_SUPER_T'!H28 | H14: Sheet 01_KET_CAU_NHIP
B15: 9 | C15: AD.21110 | D15: Bê tông nhựa chặt C16 mặt cầu dày 7cm | E15: BTN C16 & Chống thấm | F15: m² | G15: ='01_KET_CAU_NHIP_SUPER_T'!H29 | H15: Sheet 01_KET_CAU_NHIP
B16: B. PHẦN II: KẾT CẤU PHẦN DƯỚI (SUBSTRUCTURE)
B17: 10 | C17: AF.21110 | D17: Bê tông Mố M1 & M2 (Bệ, thân, tường đỉnh, cánh) | E17: Bê tông C30/37 | F17: m³ | G17: ='02_KET_CAU_HA_BO_MO_TRU'!G21 | H17: Sheet 02_HA_BO
B18: 11 | C18: AF.61210 | D18: Cốt thép Mố M1 & M2 | E18: CB400-V | F18: Tấn | G18: ='02_KET_CAU_HA_BO_MO_TRU'!G22 | H18: Sheet 02_HA_BO
B19: 12 | C19: AF.21120 | D19: Bê tông Trụ T1 & T2 (Bệ trụ, thân ovan, xà mũ) | E19: Bê tông C30/37 | F19: m³ | G19: ='02_KET_CAU_HA_BO_MO_TRU'!G23 | H19: Sheet 02_HA_BO
B20: 13 | C20: AF.61220 | D20: Cốt thép Trụ T1 & T2 | E20: CB400-V | F20: Tấn | G20: ='02_KET_CAU_HA_BO_MO_TRU'!G24 | H20: Sheet 02_HA_BO
B21: 14 | C21: AC.11110 | D21: Khoan tạo lỗ & Bê tông cọc khoan nhồi D1200mm (26 cọc) | E21: Bê tông C30/37 rút tremie | F21: m³ | G21: ='02_KET_CAU_HA_BO_MO_TRU'!G25 | H21: Sheet 02_HA_BO
B22: 15 | C22: AF.61230 | D22: Cốt thép cọc khoan nhồi D1200mm | E22: CB400-V | F22: Tấn | G22: ='02_KET_CAU_HA_BO_MO_TRU'!G26 | H22: Sheet 02_HA_BO
B23: C. PHẦN III: KẾT CẤU PHỤ TRỢ (MISCELLANEOUS)
B24: 16 | C24: AF.21130 | D24: Bê tông bản quá độ mố M1 & M2 | E24: Bê tông C25/30 | F24: m³ | G24: ='03_KET_CAU_PHU_TRO_MISC'!G17 | H24: Sheet 03_PHU_TRO
B25: 17 | C25: AF.21140 | D25: Bê tông gờ lan can | E25: Bê tông C25/30 | F25: m³ | G25: ='03_KET_CAU_PHU_TRO_MISC'!G18 | H25: Sheet 03_PHU_TRO
B26: 18 | C26: AF.61310 | D26: Cốt thép bản quá độ & gờ lan can | E26: CB400-V | F26: Tấn | G26: ='03_KET_CAU_PHU_TRO_MISC'!G19 | H26: Sheet 03_PHU_TRO
B27: 19 | C27: AG.11110 | D27: Gối chậu Super-T đơn hướng & song hướng | E27: Thép đúc & PTFE | F27: Cái | G27: ='03_KET_CAU_PHU_TRO_MISC'!G20 | H27: Sheet 03_PHU_TRO
B28: 20 | C28: AG.21110 | D28: Khe co giãn răng lược WD230 | E28: Thép mạ kẽm (2 khe x 12.25m) | F28: m | G28: ='03_KET_CAU_PHU_TRO_MISC'!G21 | H28: Sheet 03_PHU_TRO
B29: 21 | C29: AG.31110 | D29: Hè gang thu nước & hệ thống thoát nước | E29: Gang xám & uPVC D150 | F29: Bộ | G29: ='03_KET_CAU_PHU_TRO_MISC'!G22 | H29: Sheet 03_PHU_TRO
B30: D. PHẦN IV: ĐƯỜNG SAU MỐ, TỨ NÓN & GIA CỐ
B31: 22 | C31: AL.11110 | D31: Đá hộc xây vữa VXM M100 kè tứ nón | E31: Đá hộc VXM M100 | F31: m³ | G31: ='04_DUONG_DAU_CAU_TU_NON'!H21 | H31: Sheet 04_TU_NON
B32: 23 | C32: AF.11110 | D32: Tường chắn bê tông trọng lực C15 | E32: Bê tông C15 | F32: m³ | G32: ='04_DUONG_DAU_CAU_TU_NON'!H22 | H32: Sheet 04_TU_NON
B33: 24 | C33: AD.11110 | D33: Áo đường vuốt nối 10m đầu cầu | E33: BTN rỗng 12.5 & BTNC 19 | F33: m² | G33: ='04_DUONG_DAU_CAU_TU_NON'!H23 | H33: Sheet 04_TU_NON
B34: 25 | C34: AB.11110 | D34: Vật liệu dạng hạt chọn lọc đắp lòng mố K98 | E34: Hạt chọn lọc đầm nén K98 | F34: m³ | G34: ='04_DUONG_DAU_CAU_TU_NON'!H24 | H34: Sheet 04_TU_NON
B35: E. PHẦN V: BIỆN PHÁP THI CÔNG & PHỤ TRỢ CÔNG TRƯỜNG
B36: 26 | C36: BPTC-01 | D36: Bệ đúc dầm Super-T tại bãi đúc (04 bệ đúc) | E36: Bê tông C20/25 & thép bệ đúc | F36: Bệ | G36: 4 | H36: Sheet 05_BPTC
B37: 27 | C37: BPTC-02 | D37: Đường công vụ thi công DCV6 & DCV6A | E37: Đào nền đường công vụ tiếp cận cầu | F37: m³ | G37: 5213 | H37: Sheet 05_BPTC
B38: 28 | C38: BPTC-03 | D38: Giá lao dầm 130T & Hệ ray lao dầm P43 | E38: Kết cấu thép giàn lao dầm | F38: Tấn | G38: 91.95 | H38: Sheet 05_BPTC
F40: TỔNG KHỐI LƯỢNG BÊ TÔNG TOÀN CẦU (M3): | G40: =G7+G11+G12+G14+G17+G19+G21+G24+G25+G32
F41: TỔNG CỐT THÉP THƯỜNG TOÀN CẦU (TẤN): | G41: =G9+G13+G18+G20+G22+G26
F42: TỔNG DIỆN TÍCH VÁN KHUÔN TOÀN CẦU (M2): | G42: ='01_KET_CAU_NHIP_SUPER_T'!H24+'02_KET_CAU_HA_BO_MO_TRU'!J16+'03_KET_CAU_PHU_TRO_MISC'!J16+'04_DUONG_DAU_CAU_TU_NON'!H10
