Workbook

Sheet QS_DIEN_GIAI_CHI_TIET
A1: BÓC TÁCH KHỐI LƯỢNG CỐNG HỘP TUYẾN A5 (OLP_SD_KC_HT_CH_06..22)
A2: ⚠ MẪU: 1 đốt/loại, kích thước từ OCR bản vẽ — cần đối chiếu bản gốc và nhập số đốt thật vào ô vàng.
A3: Ô vàng = đầu vào. Giả định (không có trên bản vẽ OCR) ghi rõ ở cột Ghi chú.
A5: Hạng mục | B5: Công thức | C5: Giá trị | D5: ĐV | E5: Ghi chú
A6: Số đốt cống 2.0x2.0 | B6: nhập | C6: 1 | D6: đốt | E6: MẪU — chưa có tổng chiều dài tuyến
A7: Số đốt cống 3.0x3.0 | B7: nhập | C7: 1 | D7: đốt | E7: MẪU — chưa có tổng chiều dài tuyến
A8: Chiều dài 1 đốt | B8: bản vẽ | C8: 11.3 | D8: m | E8: OCR: L=11300 (khe co giãn mỗi 11,7 m)
A9: Kích thước ngoài 2x2 | B9: bản vẽ | C9: 2.5 | D9: m | E9: OCR: 2500
A10: Kích thước trong 2x2 | B10: bản vẽ | C10: 2 | D10: m | E10: OCR: 2000
A11: Kích thước ngoài 3x3 | B11: bản vẽ | C11: 3.6 | D11: m | E11: OCR: 3600 / 3520 — cần đối chiếu
A12: Kích thước trong 3x3 | B12: bản vẽ | C12: 3 | D12: m | E12: OCR: 3000
A13: Dày bê tông lót M100 | B13: bản vẽ | C13: 0.05 | D13: m | E13: Ghi chú bản vẽ: lót dày 50 mm
A14: Lót mở rộng mỗi bên | B14: GIẢ ĐỊNH | C14: 0.1 | D14: m | E14: Không đọc được từ OCR
A15: Dày lớp thay cát đầm chặt | B15: bản vẽ | C15: 0.3 | D15: m | E15: Ghi chú: thay 30 cm bằng cát đầm chặt K0.9
A16: Mở rộng nền mỗi bên | B16: bản vẽ | C16: 0.3 | D16: m | E16: Ghi chú: phạm vi = bề rộng móng + 300 mm mỗi phía
A17: KẾT QUẢ (công thức sống)
A18: BT B20 (M250) cống 2x2 | B18: (B²−b²)·L·N | C18: =(C9*C9-C10*C10)*C8*C6 | D18: m3
A19: BT B20 (M250) cống 3x3 | B19: (B²−b²)·L·N | C19: =(C11*C11-C12*C12)*C8*C7 | D19: m3
A20: TỔNG BT B20 | C20: =C18+C19 | D20: m3
A21: Ván khuôn cống 2x2 | B21: (4B+4b)·L·N | C21: =(4*C9+4*C10)*C8*C6 | D21: m2 | E21: chưa tính mặt đầu đốt
A22: Ván khuôn cống 3x3 | B22: (4B+4b)·L·N | C22: =(4*C11+4*C12)*C8*C7 | D22: m2 | E22: chưa tính mặt đầu đốt
A23: TỔNG VÁN KHUÔN | C23: =C21+C22 | D23: m2
A24: BT lót M100 cống 2x2 | B24: (B+2e)·t·L·N | C24: =(C9+2*C14)*C13*C8*C6 | D24: m3
A25: BT lót M100 cống 3x3 | B25: (B+2e)·t·L·N | C25: =(C11+2*C14)*C13*C8*C7 | D25: m3
A26: TỔNG BT LÓT | C26: =C24+C25 | D26: m3
A27: Cát thay nền cống 2x2 | B27: (B+2w)·h·L·N | C27: =(C9+2*C16)*C15*C8*C6 | D27: m3
A28: Cát thay nền cống 3x3 | B28: (B+2w)·h·L·N | C28: =(C11+2*C16)*C15*C8*C7 | D28: m3
A29: TỔNG CÁT THAY NỀN | C29: =C27+C28 | D29: m3
A30: Tổng chiều dài cống | B30: L·(N2+N3) | C30: =C8*(C6+C7) | D30: m
A31: Số khe co giãn (ước) | B31: N2+N3 | C31: =C6+C7 | D31: khe | E31: mỗi đốt 1 khe

Sheet THONG_KE_THEP_CHI_TIET
A1: THỐNG KÊ THÉP CỐNG HỘP A5 — KÝ HIỆU ĐỌC TỪ OCR
A2: ⚠ OCR sai nhiều ký hiệu thép. Cột 'Số thanh' ĐỂ TRỐNG (nhập sau khi đối chiếu bản vẽ gốc); hệ thống không tự suy số thanh. Thép <Φ10: CB240-T; ≥Φ10: CB500-V (ghi chú bản vẽ).
A5: Mã | B5: Trang BV | C5: Vị trí | D5: Φ (mm) | E5: a (mm) | F5: L 1 thanh (m) | G5: Số thanh | H5: KL 1m (kg/m) | I5: KL 1 thanh (kg) | J5: Tổng KL (kg) | K5: Nguồn OCR | L5: Trạng thái
A6: T01 | B6: 2 | C6: Cống 2x2 - thép ôm ngoài | D6: 12 | E6: 250 | F6: 2.92 | H6: =0.00617*D6*D6 | I6: =F6*H6 | J6: =IF(G6="",0,G6*I6) | K6: 2x450Φ12a250 (OCR) | L6: CẦN ĐỐI CHIẾU
A7: T02 | B7: 2 | C7: Cống 2x2 - thép đáy/nắp | D7: 12 | E7: 100 | F7: 2.82 | H7: =0.00617*D7*D7 | I7: =F7*H7 | J7: =IF(G7="",0,G7*I7) | K7: 2x1130Φ12a100 (OCR) | L7: CẦN ĐỐI CHIẾU
A8: T03 | B8: 2 | C8: Cống 2x2 - thép thành | D8: 12 | E8: 250 | F8: 2.84 | H8: =0.00617*D8*D8 | I8: =F8*H8 | J8: =IF(G8="",0,G8*I8) | K8: 2x450Φ12a250 (OCR) | L8: CẦN ĐỐI CHIẾU
A9: T04 | B9: 2 | C9: Cống 2x2 - thép thành dày | D9: 12 | E9: 125 | F9: 2.84 | H9: =0.00617*D9*D9 | I9: =F9*H9 | J9: =IF(G9="",0,G9*I9) | K9: 2x900Φ12a125 (OCR) | L9: CẦN ĐỐI CHIẾU
A10: T05 | B10: 2 | C10: Cống 2x2 - thép gia cường | D10: 12 | E10: 250 | F10: 1.32 | H10: =0.00617*D10*D10 | I10: =F10*H10 | J10: =IF(G10="",0,G10*I10) | K10: 4x450Φ12a250 (OCR) | L10: CẦN ĐỐI CHIẾU
A11: T06 | B11: 2 | C11: Cống 2x2 - thép phân bố dọc | D11: 10 | E11: 200 | F11: 11.7 | H11: =0.00617*D11*D11 | I11: =F11*H11 | J11: =IF(G11="",0,G11*I11) | K11: Φ10a200 L=11700 (OCR) | L11: CẦN ĐỐI CHIẾU
A12: T07 | B12: 3 | C12: Hố lắng cặn 2x2 - thép sàn | D12: 12 | E12: 100 | F12: 2.94 | H12: =0.00617*D12*D12 | I12: =F12*H12 | J12: =IF(G12="",0,G12*I12) | K12: 200Φ12a100 (OCR) | L12: CẦN ĐỐI CHIẾU
A13: T08 | B13: 3 | C13: Hố lắng cặn 2x2 - thép sàn | D13: 12 | E13: 250 | F13: 2.94 | H13: =0.00617*D13*D13 | I13: =F13*H13 | J13: =IF(G13="",0,G13*I13) | K13: 160Φ12a250 (OCR) | L13: CẦN ĐỐI CHIẾU
A14: T09 | B14: 3 | C14: Hố lắng cặn 2x2 - phân bố | D14: 10 | E14: 200 | F14: 3.9 | H14: =0.00617*D14*D14 | I14: =F14*H14 | J14: =IF(G14="",0,G14*I14) | K14: 100Φ10a200 L=3900 (OCR) | L14: CẦN ĐỐI CHIẾU
A15: T10 | B15: 5 | C15: Cống 3x3 - thép chính | D15: 14 | E15: 250 | F15: 3.9 | H15: =0.00617*D15*D15 | I15: =F15*H15 | J15: =IF(G15="",0,G15*I15) | K15: 2x450Φ14a250 (OCR) | L15: CẦN ĐỐI CHIẾU
A16: T11 | B16: 5 | C16: Cống 3x3 - thép chính dày | D16: 14 | E16: 125 | F16: 3.9 | H16: =0.00617*D16*D16 | I16: =F16*H16 | J16: =IF(G16="",0,G16*I16) | K16: 2x900Φ14a125 (OCR) | L16: CẦN ĐỐI CHIẾU
A17: T12 | B17: 5 | C17: Cống 3x3 - thép gia cường | D17: 14 | E17: 250 | F17: 1.95 | H17: =0.00617*D17*D17 | I17: =F17*H17 | J17: =IF(G17="",0,G17*I17) | K17: 4x450Φ14a250 (OCR) | L17: CẦN ĐỐI CHIẾU
... A21: T16 | B21: 6 | C21: Hố lắng cặn 3x3 - gia cường | D21: 14 | E21: 250 | F21: 1.17 | H21: =0.00617*D21*D21 | I21: =F21*H21 | J21: =IF(G21="",0,G21*I21) | K21: 450Φ14a250 (OCR) | L21: CẦN ĐỐI CHIẾU
C22: TỔNG (kg) | J22: =SUM(J6:J21)

Sheet TIEN_DO_THI_CONG_WBS
B2: TIẾN ĐỘ THI CÔNG CỐNG HỘP TUYẾN A5 — chuẩn Vina Alpha (công thức sống) | N2: Ngày khởi công | R2: 46270 | V2: Hoàn thành (tính toán) | Z2: =MAX($J$8:$J$22) | AD2: Tổng thời gian (ngày) | AH2: =Z2-$R$2+1
B3: ⚠ Định mức công/ĐV và tổ đội là GIẢ ĐỊNH để chạy thử — thay bằng định mức thực tế của nhà thầu. | N3: Hạn hoàn thành (mục tiêu) | R3: 46338 | V3: Dự phòng so với hạn (ngày) | Z3: =$R$3-Z2 | AD3: Trạng thái | AH3: =IF(Z2<=$R$3,"ĐẠT","TRỄ")
N4: Gantt: 1=thanh 2=nhân công 3=ca | R4: 1
M5: ="T"&1 | N5: ="T"&2 | O5: ="T"&3 | P5: ="T"&4 | Q5: ="T"&5 | R5: ="T"&6 | S5: ="T"&7 | T5: ="T"&8 | U5: ="T"&9 | V5: ="T"&10 | W5: ="T"&11 | X5: ="T"&12 | Y5: ="T"&13 | Z5: ="T"&14 | AA5: ="T"&15 | AB5: ="T"&16 | AC5: ="T"&17 | AD5: ="T"&18 | AE5: ="T"&19 | AF5: ="T"&20 | AG5: ="T"&21 | AH5: ="T"&22 | AI5: ="T"&23 | AJ5: ="T"&24 | AK5: ="T"&25 | AL5: ="T"&26 | AM5: ="T"&27 | AN5: ="T"&28 | AO5: ="T"&29 | AP5: ="T"&30 | AQ5: ="T"&31 | AR5: ="T"&32 | AS5: ="T"&33 | AT5: ="T"&34 | AU5: ="T"&35 | AV5: ="T"&36 | AW5: ="T"&37 | AX5: ="T"&38 | AY5: ="T"&39 | AZ5: ="T"&40 | BA5: ="T"&41 | BB5: ="T"&42 | BC5: ="T"&43 | BD5: ="T"&44 | BF5: Đường găng (công thức)
A6: WBS | B6: Hạng mục | C6: Khối lượng | D6: ĐV | E6: Định mức | F6: Tổng công | G6: Tổ đội | H6: Số ngày | I6: Bắt đầu | J6: Kết thúc | K6: Tiền nhiệm | L6: Găng | M6: =$R$2+7*0 | N6: =$R$2+7*1 | O6: =$R$2+7*2 | P6: =$R$2+7*3 | Q6: =$R$2+7*4 | R6: =$R$2+7*5 | S6: =$R$2+7*6 | T6: =$R$2+7*7 | U6: =$R$2+7*8 | V6: =$R$2+7*9 | W6: =$R$2+7*10 | X6: =$R$2+7*11 | Y6: =$R$2+7*12 | Z6: =$R$2+7*13 | AA6: =$R$2+7*14 | AB6: =$R$2+7*15 | AC6: =$R$2+7*16 | AD6: =$R$2+7*17 | AE6: =$R$2+7*18 | AF6: =$R$2+7*19 | AG6: =$R$2+7*20 | AH6: =$R$2+7*21 | AI6: =$R$2+7*22 | AJ6: =$R$2+7*23 | AK6: =$R$2+7*24 | AL6: =$R$2+7*25 | AM6: =$R$2+7*26 | AN6: =$R$2+7*27 | AO6: =$R$2+7*28 | AP6: =$R$2+7*29 | AQ6: =$R$2+7*30 | AR6: =$R$2+7*31 | AS6: =$R$2+7*32 | AT6: =$R$2+7*33 | AU6: =$R$2+7*34 | AV6: =$R$2+7*35 | AW6: =$R$2+7*36 | AX6: =$R$2+7*37 | AY6: =$R$2+7*38 | AZ6: =$R$2+7*39 | BA6: =$R$2+7*40 | BB6: =$R$2+7*41 | BC6: =$R$2+7*42 | BD6: =$R$2+7*43 | BF6: LF | BG6: LS | BH6: TF
A7: 1 | B7: CHUẨN BỊ
A8: 1.1 | B8: Định vị tuyến, rào chắn, lắp dựng ĐD | C8: =QS_DIEN_GIAI_CHI_TIET!C30 | D8: m | E8: 0.15 | F8: =C8*E8 | G8: 4 | H8: =MAX(1,ROUNDUP(F8/G8,0)) | I8: =$R$2 | J8: =I8+H8-1 | K8: - | L8: =IF(BH8=0,"YES","NO") | M8: =IF(AND($I8<=M$6+6,$J8>=M$6),IF($R$4=1,"█",IF($R$4=2,$G8,$G8*2)),"") | N8: =IF(AND($I8<=N$6+6,$J8>=N$6),IF($R$4=1,"█",IF($R$4=2,$G8,$G8*2)),"") | O8: =IF(AND($I8<=O$6+6,$J8>=O$6),IF($R$4=1,"█",IF($R$4=2,$G8,$G8*2)),"") | P8: =IF(AND($I8<=P$6+6,$J8>=P$6),IF($R$4=1,"█",IF($R$4=2,$G8,$G8*2)),"") | Q8: =IF(AND($I8<=Q$6+6,$J8>=Q$6),IF($R$4=1,"█",IF($R$4=2,$G8,$G8*2)),"") | R8: =IF(AND($I8<=R$6+6,$J8>=R$6),IF($R$4=1,"█",IF($R$4=2,$G8,$G8*2)),"") | S8: =IF(AND($I8<=S$6+6,$J8>=S$6),IF($R$4=1,"█",IF($R$4=2,$G8,$G8*2)),"") | T8: =IF(AND($I8<=T$6+6,$J8>=T$6),IF($R$4=1,"█",IF($R$4=2,$G8,$G8*2)),"") | ... BD8: =IF(AND($I8<=BD$6+6,$J8>=BD$6),IF($R$4=1,"█",IF($R$4=2,$G8,$G8*2)),"") | BF8: =BG10-1-0 | BG8: =BF8-H8+1 | BH8: =BG8-I8
A9: 2 | B9: NỀN MÓNG
A10: 2.1 | B10: Đào bóc 30 cm nền hiện trạng | C10: =QS_DIEN_GIAI_CHI_TIET!C29 | D10: m3 | E10: 0.3 | F10: =C10*E10 | G10: 6 | H10: =MAX(1,ROUNDUP(F10/G10,0)) | I10: =J8+1+0 | J10: =I10+H10-1 | K10: 1.1FS | L10: =IF(BH10=0,"YES","NO") | M10: =IF(AND($I10<=M$6+6,$J10>=M$6),IF($R$4=1,"█",IF($R$4=2,$G10,$G10*2)),"") | N10: =IF(AND($I10<=N$6+6,$J10>=N$6),IF($R$4=1,"█",IF($R$4=2,$G10,$G10*2)),"") | O10: =IF(AND($I10<=O$6+6,$J10>=O$6),IF($R$4=1,"█",IF($R$4=2,$G10,$G10*2)),"") | P10: =IF(AND($I10<=P$6+6,$J10>=P$6),IF($R$4=1,"█",IF($R$4=2,$G10,$G10*2)),"") | Q10: =IF(AND($I10<=Q$6+6,$J10>=Q$6),IF($R$4=1,"█",IF($R$4=2,$G10,$G10*2)),"") | R10: =IF(AND($I10<=R$6+6,$J10>=R$6),IF($R$4=1,"█",IF($R$4=2,$G10,$G10*2)),"") | S10: =IF(AND($I10<=S$6+6,$J10>=S$6),IF($R$4=1,"█",IF($R$4=2,$G10,$G10*2)),"") | T10: =IF(AND($I10<=T$6+6,$J10>=T$6),IF($R$4=1,"█",IF($R$4=2,$G10,$G10*2)),"") | ... BD10: =IF(AND($I10<=BD$6+6,$J10>=BD$6),IF($R$4=1,"█",IF($R$4=2,$G10,$G10*2)),"") | BF10: =BG11-1-0 | BG10: =BF10-H10+1 | BH10: =BG10-I10
A11: 2.2 | B11: Đệm cát đầm chặt K0.9 | C11: =QS_DIEN_GIAI_CHI_TIET!C29 | D11: m3 | E11: 0.4 | F11: =C11*E11 | G11: 6 | H11: =MAX(1,ROUNDUP(F11/G11,0)) | I11: =J10+1+0 | J11: =I11+H11-1 | K11: 2.1FS | L11: =IF(BH11=0,"YES","NO") | M11: =IF(AND($I11<=M$6+6,$J11>=M$6),IF($R$4=1,"█",IF($R$4=2,$G11,$G11*2)),"") | N11: =IF(AND($I11<=N$6+6,$J11>=N$6),IF($R$4=1,"█",IF($R$4=2,$G11,$G11*2)),"") | O11: =IF(AND($I11<=O$6+6,$J11>=O$6),IF($R$4=1,"█",IF($R$4=2,$G11,$G11*2)),"") | P11: =IF(AND($I11<=P$6+6,$J11>=P$6),IF($R$4=1,"█",IF($R$4=2,$G11,$G11*2)),"") | Q11: =IF(AND($I11<=Q$6+6,$J11>=Q$6),IF($R$4=1,"█",IF($R$4=2,$G11,$G11*2)),"") | R11: =IF(AND($I11<=R$6+6,$J11>=R$6),IF($R$4=1,"█",IF($R$4=2,$G11,$G11*2)),"") | S11: =IF(AND($I11<=S$6+6,$J11>=S$6),IF($R$4=1,"█",IF($R$4=2,$G11,$G11*2)),"") | T11: =IF(AND($I11<=T$6+6,$J11>=T$6),IF($R$4=1,"█",IF($R$4=2,$G11,$G11*2)),"") | ... BD11: =IF(AND($I11<=BD$6+6,$J11>=BD$6),IF($R$4=1,"█",IF($R$4=2,$G11,$G11*2)),"") | BF11: =BG12-1-0 | BG11: =BF11-H11+1 | BH11: =BG11-I11
A12: 2.3 | B12: Bê tông lót M100 dày 50 | C12: =QS_DIEN_GIAI_CHI_TIET!C26 | D12: m3 | E12: 1.5 | F12: =C12*E12 | G12: 6 | H12: =MAX(1,ROUNDUP(F12/G12,0)) | I12: =J11+1+0 | J12: =I12+H12-1 | K12: 2.2FS | L12: =IF(BH12=0,"YES","NO") | M12: =IF(AND($I12<=M$6+6,$J12>=M$6),IF($R$4=1,"█",IF($R$4=2,$G12,$G12*2)),"") | N12: =IF(AND($I12<=N$6+6,$J12>=N$6),IF($R$4=1,"█",IF($R$4=2,$G12,$G12*2)),"") | O12: =IF(AND($I12<=O$6+6,$J12>=O$6),IF($R$4=1,"█",IF($R$4=2,$G12,$G12*2)),"") | P12: =IF(AND($I12<=P$6+6,$J12>=P$6),IF($R$4=1,"█",IF($R$4=2,$G12,$G12*2)),"") | Q12: =IF(AND($I12<=Q$6+6,$J12>=Q$6),IF($R$4=1,"█",IF($R$4=2,$G12,$G12*2)),"") | R12: =IF(AND($I12<=R$6+6,$J12>=R$6),IF($R$4=1,"█",IF($R$4=2,$G12,$G12*2)),"") | S12: =IF(AND($I12<=S$6+6,$J12>=S$6),IF($R$4=1,"█",IF($R$4=2,$G12,$G12*2)),"") | T12: =IF(AND($I12<=T$6+6,$J12>=T$6),IF($R$4=1,"█",IF($R$4=2,$G12,$G12*2)),"") | ... BD12: =IF(AND($I12<=BD$6+6,$J12>=BD$6),IF($R$4=1,"█",IF($R$4=2,$G12,$G12*2)),"") | BF12: =BG14-1-0 | BG12: =BF12-H12+1 | BH12: =BG12-I12
A13: 3 | B13: THÂN CỐNG
A14: 3.1 | B14: Gia công, lắp dựng cốt thép | C14: =QS_DIEN_GIAI_CHI_TIET!C20 | D14: m3 BT | E14: 2.5 | F14: =C14*E14 | G14: 8 | H14: =MAX(1,ROUNDUP(F14/G14,0)) | I14: =J12+1+0 | J14: =I14+H14-1 | K14: 2.3FS | L14: =IF(BH14=0,"YES","NO") | M14: =IF(AND($I14<=M$6+6,$J14>=M$6),IF($R$4=1,"█",IF($R$4=2,$G14,$G14*2)),"") | N14: =IF(AND($I14<=N$6+6,$J14>=N$6),IF($R$4=1,"█",IF($R$4=2,$G14,$G14*2)),"") | O14: =IF(AND($I14<=O$6+6,$J14>=O$6),IF($R$4=1,"█",IF($R$4=2,$G14,$G14*2)),"") | P14: =IF(AND($I14<=P$6+6,$J14>=P$6),IF($R$4=1,"█",IF($R$4=2,$G14,$G14*2)),"") | Q14: =IF(AND($I14<=Q$6+6,$J14>=Q$6),IF($R$4=1,"█",IF($R$4=2,$G14,$G14*2)),"") | R14: =IF(AND($I14<=R$6+6,$J14>=R$6),IF($R$4=1,"█",IF($R$4=2,$G14,$G14*2)),"") | S14: =IF(AND($I14<=S$6+6,$J14>=S$6),IF($R$4=1,"█",IF($R$4=2,$G14,$G14*2)),"") | T14: =IF(AND($I14<=T$6+6,$J14>=T$6),IF($R$4=1,"█",IF($R$4=2,$G14,$G14*2)),"") | ... BD14: =IF(AND($I14<=BD$6+6,$J14>=BD$6),IF($R$4=1,"█",IF($R$4=2,$G14,$G14*2)),"") | BF14: =BG15-(2)+H14-1 | BG14: =BF14-H14+1 | BH14: =BG14-I14
A15: 3.2 | B15: Lắp dựng ván khuôn | C15: =QS_DIEN_GIAI_CHI_TIET!C23 | D15: m2 | E15: 0.3 | F15: =C15*E15 | G15: 8 | H15: =MAX(1,ROUNDUP(F15/G15,0)) | I15: =I14+2 | J15: =I15+H15-1 | K15: 3.1SS+2d | L15: =IF(BH15=0,"YES","NO") | M15: =IF(AND($I15<=M$6+6,$J15>=M$6),IF($R$4=1,"█",IF($R$4=2,$G15,$G15*2)),"") | N15: =IF(AND($I15<=N$6+6,$J15>=N$6),IF($R$4=1,"█",IF($R$4=2,$G15,$G15*2)),"") | O15: =IF(AND($I15<=O$6+6,$J15>=O$6),IF($R$4=1,"█",IF($R$4=2,$G15,$G15*2)),"") | P15: =IF(AND($I15<=P$6+6,$J15>=P$6),IF($R$4=1,"█",IF($R$4=2,$G15,$G15*2)),"") | Q15: =IF(AND($I15<=Q$6+6,$J15>=Q$6),IF($R$4=1,"█",IF($R$4=2,$G15,$G15*2)),"") | R15: =IF(AND($I15<=R$6+6,$J15>=R$6),IF($R$4=1,"█",IF($R$4=2,$G15,$G15*2)),"") | S15: =IF(AND($I15<=S$6+6,$J15>=S$6),IF($R$4=1,"█",IF($R$4=2,$G15,$G15*2)),"") | T15: =IF(AND($I15<=T$6+6,$J15>=T$6),IF($R$4=1,"█",IF($R$4=2,$G15,$G15*2)),"") | ... BD15: =IF(AND($I15<=BD$6+6,$J15>=BD$6),IF($R$4=1,"█",IF($R$4=2,$G15,$G15*2)),"") | BF15: =BG16-1-0 | BG15: =BF15-H15+1 | BH15: =BG15-I15
A16: 3.3 | B16: Đổ bê tông B20 thân cống | C16: =QS_DIEN_GIAI_CHI_TIET!C20 | D16: m3 | E16: 0.6 | F16: =C16*E16 | G16: 10 | H16: =MAX(1,ROUNDUP(F16/G16,0)) | I16: =J15+1+0 | J16: =I16+H16-1 | K16: 3.2FS | L16: =IF(BH16=0,"YES","NO") | M16: =IF(AND($I16<=M$6+6,$J16>=M$6),IF($R$4=1,"█",IF($R$4=2,$G16,$G16*2)),"") | N16: =IF(AND($I16<=N$6+6,$J16>=N$6),IF($R$4=1,"█",IF($R$4=2,$G16,$G16*2)),"") | O16: =IF(AND($I16<=O$6+6,$J16>=O$6),IF($R$4=1,"█",IF($R$4=2,$G16,$G16*2)),"") | P16: =IF(AND($I16<=P$6+6,$J16>=P$6),IF($R$4=1,"█",IF($R$4=2,$G16,$G16*2)),"") | Q16: =IF(AND($I16<=Q$6+6,$J16>=Q$6),IF($R$4=1,"█",IF($R$4=2,$G16,$G16*2)),"") | R16: =IF(AND($I16<=R$6+6,$J16>=R$6),IF($R$4=1,"█",IF($R$4=2,$G16,$G16*2)),"") | S16: =IF(AND($I16<=S$6+6,$J16>=S$6),IF($R$4=1,"█",IF($R$4=2,$G16,$G16*2)),"") | T16: =IF(AND($I16<=T$6+6,$J16>=T$6),IF($R$4=1,"█",IF($R$4=2,$G16,$G16*2)),"") | ... BD16: =IF(AND($I16<=BD$6+6,$J16>=BD$6),IF($R$4=1,"█",IF($R$4=2,$G16,$G16*2)),"") | BF16: =BG17-1-0 | BG16: =BF16-H16+1 | BH16: =BG16-I16
A17: 3.4 | B17: Bảo dưỡng, tháo ván khuôn (7 ngày) | C17: 7 | D17: ngày | E17: 1 | F17: =C17*E17 | G17: 1 | H17: =MAX(1,ROUNDUP(F17/G17,0)) | I17: =J16+1+0 | J17: =I17+H17-1 | K17: 3.3FS | L17: =IF(BH17=0,"YES","NO") | M17: =IF(AND($I17<=M$6+6,$J17>=M$6),IF($R$4=1,"█",IF($R$4=2,$G17,$G17*2)),"") | N17: =IF(AND($I17<=N$6+6,$J17>=N$6),IF($R$4=1,"█",IF($R$4=2,$G17,$G17*2)),"") | O17: =IF(AND($I17<=O$6+6,$J17>=O$6),IF($R$4=1,"█",IF($R$4=2,$G17,$G17*2)),"") | P17: =IF(AND($I17<=P$6+6,$J17>=P$6),IF($R$4=1,"█",IF($R$4=2,$G17,$G17*2)),"") | Q17: =IF(AND($I17<=Q$6+6,$J17>=Q$6),IF($R$4=1,"█",IF($R$4=2,$G17,$G17*2)),"") | R17: =IF(AND($I17<=R$6+6,$J17>=R$6),IF($R$4=1,"█",IF($R$4=2,$G17,$G17*2)),"") | S17: =IF(AND($I17<=S$6+6,$J17>=S$6),IF($R$4=1,"█",IF($R$4=2,$G17,$G17*2)),"") | T17: =IF(AND($I17<=T$6+6,$J17>=T$6),IF($R$4=1,"█",IF($R$4=2,$G17,$G17*2)),"") | ... BD17: =IF(AND($I17<=BD$6+6,$J17>=BD$6),IF($R$4=1,"█",IF($R$4=2,$G17,$G17*2)),"") | BF17: =BG19-1-0 | BG17: =BF17-H17+1 | BH17: =BG17-I17
A18: 4 | B18: HOÀN THIỆN
A19: 4.1 | B19: Khe co giãn: xốp, bao tải nhựa đường | C19: =QS_DIEN_GIAI_CHI_TIET!C31 | D19: khe | E19: 1 | F19: =C19*E19 | G19: 3 | H19: =MAX(1,ROUNDUP(F19/G19,0)) | I19: =J17+1+0 | J19: =I19+H19-1 | K19: 3.4FS | L19: =IF(BH19=0,"YES","NO") | M19: =IF(AND($I19<=M$6+6,$J19>=M$6),IF($R$4=1,"█",IF($R$4=2,$G19,$G19*2)),"") | N19: =IF(AND($I19<=N$6+6,$J19>=N$6),IF($R$4=1,"█",IF($R$4=2,$G19,$G19*2)),"") | O19: =IF(AND($I19<=O$6+6,$J19>=O$6),IF($R$4=1,"█",IF($R$4=2,$G19,$G19*2)),"") | P19: =IF(AND($I19<=P$6+6,$J19>=P$6),IF($R$4=1,"█",IF($R$4=2,$G19,$G19*2)),"") | Q19: =IF(AND($I19<=Q$6+6,$J19>=Q$6),IF($R$4=1,"█",IF($R$4=2,$G19,$G19*2)),"") | R19: =IF(AND($I19<=R$6+6,$J19>=R$6),IF($R$4=1,"█",IF($R$4=2,$G19,$G19*2)),"") | S19: =IF(AND($I19<=S$6+6,$J19>=S$6),IF($R$4=1,"█",IF($R$4=2,$G19,$G19*2)),"") | T19: =IF(AND($I19<=T$6+6,$J19>=T$6),IF($R$4=1,"█",IF($R$4=2,$G19,$G19*2)),"") | ... BD19: =IF(AND($I19<=BD$6+6,$J19>=BD$6),IF($R$4=1,"█",IF($R$4=2,$G19,$G19*2)),"") | BF19: =BG20-1-0 | BG19: =BF19-H19+1 | BH19: =BG19-I19
A20: 4.2 | B20: Đắp cát hai bên, hoàn trả | C20: =QS_DIEN_GIAI_CHI_TIET!C29 | D20: m3 | E20: 0.3 | F20: =C20*E20 | G20: 6 | H20: =MAX(1,ROUNDUP(F20/G20,0)) | I20: =J19+1+0 | J20: =I20+H20-1 | K20: 4.1FS | L20: =IF(BH20=0,"YES","NO") | M20: =IF(AND($I20<=M$6+6,$J20>=M$6),IF($R$4=1,"█",IF($R$4=2,$G20,$G20*2)),"") | N20: =IF(AND($I20<=N$6+6,$J20>=N$6),IF($R$4=1,"█",IF($R$4=2,$G20,$G20*2)),"") | O20: =IF(AND($I20<=O$6+6,$J20>=O$6),IF($R$4=1,"█",IF($R$4=2,$G20,$G20*2)),"") | P20: =IF(AND($I20<=P$6+6,$J20>=P$6),IF($R$4=1,"█",IF($R$4=2,$G20,$G20*2)),"") | Q20: =IF(AND($I20<=Q$6+6,$J20>=Q$6),IF($R$4=1,"█",IF($R$4=2,$G20,$G20*2)),"") | R20: =IF(AND($I20<=R$6+6,$J20>=R$6),IF($R$4=1,"█",IF($R$4=2,$G20,$G20*2)),"") | S20: =IF(AND($I20<=S$6+6,$J20>=S$6),IF($R$4=1,"█",IF($R$4=2,$G20,$G20*2)),"") | T20: =IF(AND($I20<=T$6+6,$J20>=T$6),IF($R$4=1,"█",IF($R$4=2,$G20,$G20*2)),"") | ... BD20: =IF(AND($I20<=BD$6+6,$J20>=BD$6),IF($R$4=1,"█",IF($R$4=2,$G20,$G20*2)),"") | BF20: =BG22-1-0 | BG20: =BF20-H20+1 | BH20: =BG20-I20
A21: 5 | B21: NGHIỆM THU
A22: 5.1 | B22: Nghiệm thu KCS, hoàn công | C22: 1 | D22: hồ sơ | E22: 2 | F22: =C22*E22 | G22: 1 | H22: =MAX(1,ROUNDUP(F22/G22,0)) | I22: =J20+1+0 | J22: =I22+H22-1 | K22: 4.2FS | L22: =IF(BH22=0,"YES","NO") | M22: =IF(AND($I22<=M$6+6,$J22>=M$6),IF($R$4=1,"█",IF($R$4=2,$G22,$G22*2)),"") | N22: =IF(AND($I22<=N$6+6,$J22>=N$6),IF($R$4=1,"█",IF($R$4=2,$G22,$G22*2)),"") | O22: =IF(AND($I22<=O$6+6,$J22>=O$6),IF($R$4=1,"█",IF($R$4=2,$G22,$G22*2)),"") | P22: =IF(AND($I22<=P$6+6,$J22>=P$6),IF($R$4=1,"█",IF($R$4=2,$G22,$G22*2)),"") | Q22: =IF(AND($I22<=Q$6+6,$J22>=Q$6),IF($R$4=1,"█",IF($R$4=2,$G22,$G22*2)),"") | R22: =IF(AND($I22<=R$6+6,$J22>=R$6),IF($R$4=1,"█",IF($R$4=2,$G22,$G22*2)),"") | S22: =IF(AND($I22<=S$6+6,$J22>=S$6),IF($R$4=1,"█",IF($R$4=2,$G22,$G22*2)),"") | T22: =IF(AND($I22<=T$6+6,$J22>=T$6),IF($R$4=1,"█",IF($R$4=2,$G22,$G22*2)),"") | ... BD22: =IF(AND($I22<=BD$6+6,$J22>=BD$6),IF($R$4=1,"█",IF($R$4=2,$G22,$G22*2)),"") | BF22: =MAX($J$8:$J$22) | BG22: =BF22-H22+1 | BH22: =BG22-I22

Sheet HOSO_KCS_NGHIEM_THU
A1: DANH MỤC NGHIỆM THU KCS — CỐNG HỘP A5 (ngày lấy từ tiến độ)
A5: STT | B5: Công việc nghiệm thu | C5: Biên bản | D5: Trạng thái | E5: Ngày bắt đầu | F5: Ngày kết thúc
A6: 1 | B6: Nghiệm thu nền móng, đệm cát | C6: BB-01 | D6: Chờ lập biên bản | E6: =TIEN_DO_THI_CONG_WBS!I11 | F6: =TIEN_DO_THI_CONG_WBS!J11
A7: 2 | B7: Nghiệm thu BT lót | C7: BB-02 | D7: Chờ lập biên bản | E7: =TIEN_DO_THI_CONG_WBS!I12 | F7: =TIEN_DO_THI_CONG_WBS!J12
A8: 3 | B8: Nghiệm thu cốt thép | C8: BB-03 | D8: Chờ lập biên bản | E8: =TIEN_DO_THI_CONG_WBS!I14 | F8: =TIEN_DO_THI_CONG_WBS!J14
A9: 4 | B9: Nghiệm thu ván khuôn | C9: BB-04 | D9: Chờ lập biên bản | E9: =TIEN_DO_THI_CONG_WBS!I15 | F9: =TIEN_DO_THI_CONG_WBS!J15
A10: 5 | B10: Nghiệm thu đổ bê tông thân cống | C10: BB-05 | D10: Chờ lập biên bản | E10: =TIEN_DO_THI_CONG_WBS!I16 | F10: =TIEN_DO_THI_CONG_WBS!J16
A11: 6 | B11: Nghiệm thu khe co giãn | C11: BB-06 | D11: Chờ lập biên bản | E11: =TIEN_DO_THI_CONG_WBS!I19 | F11: =TIEN_DO_THI_CONG_WBS!J19
A12: 7 | B12: Nghiệm thu hoàn thành hạng mục | C12: BB-07 | D12: Chờ lập biên bản | E12: =TIEN_DO_THI_CONG_WBS!I22 | F12: =TIEN_DO_THI_CONG_WBS!J22
