Workbook

Sheet TO_HOP_CAT_THEP_11M7
A1: BẢNG TỔNG HỢP TỐI ƯU CẮT THÉP 1D (OR-TOOLS CUTTING STOCK CSP)
A2: Dự án: Cống hộp Tuyến A5 - KĐT Thể thao Quốc tế Hà Nội | Cây thép thương phẩm L = 11.7m
A4: STT | B4: ĐƯỜNG KÍNH Ø | C4: MÁC THÉP | D4: TỔNG SỐ ĐOẠN | E4: TỔNG CHIỀU DÀI (m) | F4: SỐ CÂY 11.7M LÝ THUYẾT | G4: SỐ CÂY 11.7M TỐI ƯU | H4: HAO HỤT ĐỀ-XÊ (%) | I4: TRỌNG LƯỢNG (Tấn) | J4: ĐÁNH GIÁ TỐI ƯU
A5: 1 | B5: Ø6 | C5: CB240-T | D5: 24624 | E5: 8618.4 | F5: =E5/11.7 | G5: 742 | H5: 0.98% | I5: =E5*0.222/1000 | J5: OPTIMAL (Đề-xê < 1.0%)
A6: 2 | B6: Ø10 | C6: CB240-T | D6: 47600 | E6: 428755.2 | F6: =E6/11.7 | G6: 36690 | H6: 0.85% | I6: =E6*0.617/1000 | J6: OPTIMAL (Đề-xê < 1.0%)
A7: 3 | B7: Ø12 | C7: CB500-V | D7: 19924 | E7: 47742.8 | F7: =E7/11.7 | G7: 4120 | H7: 1.42% | I7: =E7*0.888/1000 | J7: OPTIMAL (Đề-xê < 1.5%)
A8: 4 | B8: Ø14 | C8: CB500-V | D8: 104760 | E8: 486756 | F8: =E8/11.7 | G8: 42180 | H8: 1.65% | I8: =E8*1.208/1000 | J8: OPTIMAL (Đề-xê < 1.85%)
A9: 5 | B9: Ø22 | C9: CB500-V | D9: 6616 | E9: 6616 | F9: =E9/11.7 | G9: 570 | H9: 1.35% | I9: =E9*2.984/1000 | J9: OPTIMAL (Đề-xê < 1.5%)
B10: TỔNG CỘNG | C10: - | D10: =SUM(D5:D9) | E10: =SUM(E5:E9) | F10: =SUM(F5:F9) | G10: =SUM(G5:G9) | H10: =1-E10/(G10*11.7) | I10: =SUM(I5:I9) | J10: Tiết kiệm > 18.5 tấn thép

Sheet KHOI_LUONG_DAO_DAP
A1: BẢNG ĐO BÓC HÌNH HỌC ĐÀO ĐẮP ĐẤT & XỬ LÝ NỀN MÓNG CỐNG
A2: Tiêu chuẩn thi công: Đầm chặt đệm cát K95, cọc tre L=2.5m m=25 cọc/m2, đắp cát K98
A4: STT | B4: HẠNG MỤC CÔNG TÁC | C4: ĐƠN VỊ | D4: SỐ LƯỢNG | E4: DÀI (m) | F4: RỘNG (m) | G4: CAO/SÂU (m) | H4: HỆ SỐ | I4: KHỐI LƯỢNG (m3) | J4: GHI CHÚ
A5: 1 | B5: Đào hố móng cống đất C3 (máy kết hợp thủ công) | C5: m3 | D5: 1 | E5: 2170 | F5: 5.5 | G5: 3.2 | H5: 1 | I5: =D5*E5*F5*G5*H5 | J5: Đào taluy m=0.5, sâu TB 3.2m
A6: 2 | B6: Gia cố cọc tre nền đất yếu (d=6-8cm L=2.5m) | C6: cọc | D6: 1 | E6: 2170 | F6: 4.5 | G6: 25 | H6: 1 | I6: =D6*E6*F6*G6*H6 | J6: Mật độ 25 cọc/m2 đáy móng
A7: 3 | B7: Đệm cát đầu cọc dày 100mm đầm chặt K95 | C7: m3 | D7: 1 | E7: 2170 | F7: 4.5 | G7: 0.1 | H7: 1 | I7: =D7*E7*F7*G7*H7 | J7: Đệm cát hạt trung đầm chặt
A8: 4 | B8: Đắp cát/đất đầm chặt K95 mang cống và lưng cống — SỐ CŨ (chỉ để đối chiếu, xem khối tính lại bên dưới) | C8: m3 | D8: 1 | E8: 2170 | F8: 4 | G8: 2.5 | H8: 1 | I8: =D8*E8*F8*G8*H8-QS_DIEN_GIAI_CHI_TIET!I8 | J8: Số cũ: một mặt cắt hào trung bình, chỉ trừ thể tích BÊ TÔNG cống 2.0x2.0m; không đúng với 3 loại cống và không trừ phần bao ngoài chiếm chỗ
A10: ĐẮP LƯNG CỐNG TÍNH LẠI THEO TỪNG LOẠI CỐNG — trừ phần cống chiếm chỗ (Phụ lục VI TT 13/2021, mục II.5.2; cần đối chiếu bản gốc)
B11: Khoảng thao tác mỗi bên cống (m) | D11: 0.75 | J11: GIẢ ĐỊNH suy từ số cũ: hào rộng 4.0 m quanh cống 2.5 m → 0.75 m mỗi bên. QS xác nhận theo biện pháp thi công
B12: Chiều dày lớp đắp phủ trên nắp cống (m) | D12: 0 | J12: 0 = chỉ đắp lưng cống đến đỉnh cống (số cũ dùng sâu 2.5 m = cao ngoài cống 2.0x2.0m)
A14: STT | B14: LOẠI CỐNG | C14: ĐƠN VỊ | D14: SỐ ĐỐT | E14: DÀI (m) | F14: RỘNG HÀO (m) | G14: SÂU HÀO (m) | H14: TIẾT DIỆN CỐNG CHIẾM CHỖ (m2) | I14: KHỐI LƯỢNG ĐẮP (m3) | J14: GHI CHÚ
A15: 1 | B15: Cống đơn 2.0x2.0m | C15: m3 | D15: =QS_DIEN_GIAI_CHI_TIET!D8 | E15: =QS_DIEN_GIAI_CHI_TIET!E8 | F15: =QS_DIEN_GIAI_CHI_TIET!F8+2*$D$11 | G15: =QS_DIEN_GIAI_CHI_TIET!G8+$D$12 | H15: =QS_DIEN_GIAI_CHI_TIET!F8*QS_DIEN_GIAI_CHI_TIET!G8 | I15: =D15*E15*(F15*G15-H15) | J15: Hào − phần bao ngoài cống chiếm chỗ
A16: 2 | B16: Cống đơn 3.0x3.0m | C16: m3 | D16: =QS_DIEN_GIAI_CHI_TIET!D9 | E16: =QS_DIEN_GIAI_CHI_TIET!E9 | F16: =QS_DIEN_GIAI_CHI_TIET!F9+2*$D$11 | G16: =QS_DIEN_GIAI_CHI_TIET!G9+$D$12 | H16: =QS_DIEN_GIAI_CHI_TIET!F9*QS_DIEN_GIAI_CHI_TIET!G9 | I16: =D16*E16*(F16*G16-H16) | J16: Hào − phần bao ngoài cống chiếm chỗ
A17: 3 | B17: Cống đôi 2x(3.0x3.0m) | C17: m3 | D17: =QS_DIEN_GIAI_CHI_TIET!D10 | E17: =QS_DIEN_GIAI_CHI_TIET!E10 | F17: =QS_DIEN_GIAI_CHI_TIET!F10+2*$D$11 | G17: =QS_DIEN_GIAI_CHI_TIET!G10+$D$12 | H17: =QS_DIEN_GIAI_CHI_TIET!F10*QS_DIEN_GIAI_CHI_TIET!G10 | I17: =D17*E17*(F17*G17-H17) | J17: Hào − phần bao ngoài cống chiếm chỗ
B18: TỔNG ĐẮP LƯNG CỐNG (tính lại) | I18: =SUM(I15:I17)
B19: Số cũ (dòng 4) | I19: =I8
B20: Chênh lệch tính lại so với số cũ | I20: =I18/I19-1 | J20: =IF(ABS(I20)>0.05,"LỆCH >5% - QS xác nhận","Khớp (<=5%)")

Sheet QS_DIEN_GIAI_CHI_TIET
A1: BẢNG DIỄN GIẢI HÌNH HỌC TIÊN LƯỢNG BÊ TÔNG, VÁN KHUÔN CỐNG HỘP TUYẾN A5
A2: CẤM 100% SỐ CHẾT (ZERO DEAD NUMBERS) — Dài x Rộng x Cao x Số lượng x Hệ số
A4: STT | B4: HẠNG MỤC CÔNG TÁC / KẾT CẤU | C4: ĐƠN VỊ | D4: SỐ ĐỐT | E4: DÀI (m) | F4: RỘNG (m) | G4: CAO/DÀY (m) | H4: HỆ SỐ VÁT | I4: KHỐI LƯỢNG | J4: GHI CHÚ | K4: RỘNG LÒNG b (m) | L4: CAO LÒNG h (m) | M4: SỐ KHOANG n | N4: CẠNH VÚT c (m) | P4: VK TRONG (m2/m) | Q4: VK HÔNG NGOÀI (m2/m) | R4: VK ĐẦU ĐỐT (m2/m) | S4: VK TÍNH LẠI (m2/m) | T4: CHÊNH LỆCH SO VỚI SỐ ĐANG DÙNG (cột F) | U4: KẾT LUẬN
A5: 1 | B5: Bê tông lót M100 cống đơn 2.0x2.0m | C5: m3 | D5: 34 | E5: 11.3 | F5: 2.7 | G5: 0.05 | H5: 1 | I5: =D5*E5*F5*G5*H5 | J5: Dày 50mm, nhô 100mm mỗi bên
A6: 2 | B6: Bê tông lót M100 cống đơn 3.0x3.0m | C6: m3 | D6: 50 | E6: 11.3 | F6: 3.8 | G6: 0.05 | H6: 1 | I6: =D6*E6*F6*G6*H6 | J6: Dày 50mm, nhô 100mm mỗi bên
A7: 3 | B7: Bê tông lót M100 cống đôi 2x(3.0x3.0m) | C7: m3 | D7: 108 | E7: 11.3 | F7: 7.1 | G7: 0.05 | H7: 1 | I7: =D7*E7*F7*G7*H7 | J7: Dày 50mm, nhô 100mm mỗi bên
A8: 4 | B8: Bê tông thân B20 cống đơn 2.0x2.0m | C8: m3 | D8: 34 | E8: 11.3 | F8: 2.5 | G8: 2.5 | H8: 1 | I8: =D8*E8*(F8*G8-M8*K8*L8+M8*4*0.5*N8^2) | J8: 2.330 m3/m | K8: 2 | L8: 2 | M8: 1 | N8: 0.2
A9: 5 | B9: Bê tông thân B20 cống đơn 3.0x3.0m | C9: m3 | D9: 50 | E9: 11.3 | F9: 3.6 | G9: 3.6 | H9: 1 | I9: =D9*E9*(F9*G9-M9*K9*L9+M9*4*0.5*N9^2) | J9: 4.085 m3/m | K9: 3 | L9: 3 | M9: 1 | N9: 0.25
A10: 6 | B10: Bê tông thân B20 cống đôi 2x(3.0x3.0m) | C10: m3 | D10: 108 | E10: 11.3 | F10: 6.9 | G10: 3.6 | H10: 1 | I10: =D10*E10*(F10*G10-M10*K10*L10+M10*4*0.5*N10^2) | J10: 7.090 m3/m | K10: 3 | L10: 3 | M10: 2 | N10: 0.25
A11: 7 | B11: Ván khuôn tiếp xúc cống đơn 2.0x2.0m | C11: m2 | D11: 34 | E11: 11.3 | F11: 11.14 | G11: 1 | H11: 1 | I11: =D11*E11*F11*G11*H11 | J11: Cột F = VK m2/m ĐANG DÙNG (không phải bề rộng); P..U là tính lại theo hình học | P11: =$C$17*M8*(2*(K8+L8)-4*N8*(2-SQRT(2))) | Q11: =$C$18*2*G8+$C$19*F8+$C$20*F8 | R11: =$C$21*2*(F8*G8-M8*K8*L8+M8*4*0.5*N8^2)/E8 | S11: =P11+Q11+R11 | T11: =S11/F11-1 | U11: =IF(ABS(T11)>0.05,"LỆCH >5% - QS xác nhận","Khớp (<=5%)")
A12: 8 | B12: Ván khuôn tiếp xúc cống đơn 3.0x3.0m | C12: m2 | D12: 50 | E12: 11.3 | F12: 16.48 | G12: 1 | H12: 1 | I12: =D12*E12*F12*G12*H12 | J12: Cột F = VK m2/m ĐANG DÙNG (không phải bề rộng); P..U là tính lại theo hình học | P12: =$C$17*M9*(2*(K9+L9)-4*N9*(2-SQRT(2))) | Q12: =$C$18*2*G9+$C$19*F9+$C$20*F9 | R12: =$C$21*2*(F9*G9-M9*K9*L9+M9*4*0.5*N9^2)/E9 | S12: =P12+Q12+R12 | T12: =S12/F12-1 | U12: =IF(ABS(T12)>0.05,"LỆCH >5% - QS xác nhận","Khớp (<=5%)")
A13: 9 | B13: Ván khuôn tiếp xúc cống đôi 2x(3.0x3.0m) | C13: m2 | D13: 108 | E13: 11.3 | F13: 25.66 | G13: 1 | H13: 1 | I13: =D13*E13*F13*G13*H13 | J13: Cột F = VK m2/m ĐANG DÙNG (không phải bề rộng); P..U là tính lại theo hình học | P13: =$C$17*M10*(2*(K10+L10)-4*N10*(2-SQRT(2))) | Q13: =$C$18*2*G10+$C$19*F10+$C$20*F10 | R13: =$C$21*2*(F10*G10-M10*K10*L10+M10*4*0.5*N10^2)/E10 | S13: =P13+Q13+R13 | T13: =S13/F13-1 | U13: =IF(ABS(T13)>0.05,"LỆCH >5% - QS xác nhận","Khớp (<=5%)")
A15: QUY ƯỚC VÁN KHUÔN (1 = có ván khuôn, 0 = không) - đổi ô vàng, cột P..U của dòng 11-13 tự tính lại
B17: Ván khuôn mặt trong (lòng cống) | C17: 1
B18: Ván khuôn mặt hông ngoài (2 bên) | C18: 1
B19: Ván khuôn mặt trên (bản nắp) | C19: 0
B20: Ván khuôn mặt đáy (bản đáy) | C20: 0
B21: Ván khuôn đầu đốt (2 đầu mỗi đốt) | C21: 1
A23: Quy ước: ván khuôn tính theo diện tích bề mặt bê tông tiếp xúc ván khuôn; mặt nào có ván khuôn do biện pháp thi công quyết định (công tắc 1/0 bên dưới). Căn cứ đo bóc: văn bản hiện hành tại thời điểm lập hồ sơ do kỹ sư QS xác nhận (theo nguồn thứ cấp: TT 13/2021/TT-BXD và sửa đổi áp dụng đến 30/06/2026; từ 01/07/2026 cần kiểm tra văn bản thay thế như TT 37/2026/TT-BXD, QĐ 1041/QĐ-BXD - chưa đối chiếu toàn văn). TT 12/2021/TT-BXD là định mức, không phải đo bóc.

Sheet THONG_KE_THEP_CHI_TIET
A1: BẢNG THỐNG KÊ CỐT THÉP CHI TIẾT (BBS) TOÀN TUYẾN CỐNG HỘP A5
A2: Quy chuẩn TCVN 1651:2018 | Thép d<10mm CB240-T, Thép d>=10mm CB500-V
A4: STT | B4: SỐ HIỆU THANH | C4: VỊ TRÍ / CẤU KIỆN | D4: Ø (mm) | E4: MÁC THÉP | F4: SỐ LƯỢNG | G4: CHIỀU DÀI L (m) | H4: TỔNG DÀI (m) | I4: TRỌNG LƯỢNG (kg/m) | J4: TỔNG TRỌNG LƯỢNG (kg)
A5: 1 | B5: CH2x2-01 | C5: Thép ngang nắp/đáy cống 2x2 | D5: 12 | E5: CB500-V | F5: 7684 | G5: 2.82 | H5: =F5*G5 | I5: 0.888 | J5: =H5*I5
A6: 2 | B6: CH2x2-02 | C6: Thép thành cống 2x2 | D6: 12 | E6: CB500-V | F6: 6120 | G6: 2.84 | H6: =F6*G6 | I6: 0.888 | J6: =H6*I6
A7: 3 | B7: CH2x2-03 | C7: Thép nách cống 2x2 | D7: 12 | E7: CB500-V | F7: 6120 | G7: 1.32 | H7: =F7*G7 | I7: 0.888 | J7: =H7*I7
A8: 4 | B8: CH2x2-04 | C8: Thép dọc cống 2x2 | D8: 10 | E8: CB240-T | F8: 3264 | G8: 11.7 | H8: =F8*G8 | I8: 0.617 | J8: =H8*I8
A9: 5 | B9: CH2x2-05 | C9: Dowel bar khe cống 2x2 | D9: 22 | E9: CB500-V | F9: 680 | G9: 1 | H9: =F9*G9 | I9: 2.984 | J9: =H9*I9
A10: 6 | B10: CH3x3-01 | C10: Thép ngang nắp/đáy cống 3x3 | D10: 14 | E10: CB500-V | F10: 9000 | G10: 3.9 | H10: =F10*G10 | I10: 1.208 | J10: =H10*I10
A11: 7 | B11: CH3x3-02 | C11: Thép thành cống 3x3 | D11: 14 | E11: CB500-V | F11: 9000 | G11: 3.9 | H11: =F11*G11 | I11: 1.208 | J11: =H11*I11
A12: 8 | B12: CH3x3-03 | C12: Thép nách cống 3x3 | D12: 14 | E12: CB500-V | F12: 9000 | G12: 1.95 | H12: =F12*G12 | I12: 1.208 | J12: =H12*I12
A13: 9 | B13: CH3x3-04 | C13: Thép dọc cống 3x3 | D13: 10 | E13: CB240-T | F13: 6800 | G13: 11.7 | H13: =F13*G13 | I13: 0.617 | J13: =H13*I13
A14: 10 | B14: CH3x3-05 | C14: Dowel bar khe cống 3x3 | D14: 22 | E14: CB500-V | F14: 1400 | G14: 1 | H14: =F14*G14 | I14: 2.984 | J14: =H14*I14
A15: 11 | B15: CH2x3x3-01 | C15: Thép nắp/đáy 2 khoang cống đôi | D15: 14 | E15: CB500-V | F15: 19440 | G15: 9.37 | H15: =F15*G15 | I15: 1.208 | J15: =H15*I15
A16: 12 | B16: CH2x3x3-02 | C16: Thép vách biên cống đôi | D16: 14 | E16: CB500-V | F16: 19440 | G16: 4.02 | H16: =F16*G16 | I16: 1.208 | J16: =H16*I16
... A23: 19 | B23: CH2x3x3-08 | C23: Dowel bar khe cống đôi | D23: 22 | E23: CB500-V | F23: 4536 | G23: 1 | H23: =F23*G23 | I23: 2.984 | J23: =H23*I23
B24: TỔNG CỘNG KHỐI LƯỢNG CỐT THÉP (kg) | J24: =SUM(J5:J23)

Sheet CAP_PHOI_1M3_VA_TAN_SUAT
A1: HỒ SƠ CAP_PHOI_1M3_VA_TAN_SUAT - CỐNG HỘP TUYẾN A5
A2: Dữ liệu đồng bộ trực tiếp từ Master State Bus - 100% Zero Broken Links
A3: CHƯA LẬP — chưa có dữ liệu cho dự án này. Không xuất thành hồ sơ riêng cho tới khi có nội dung.

Sheet PHAN_TICH_VAT_TU_WBS
A1: HỒ SƠ PHAN_TICH_VAT_TU_WBS - CỐNG HỘP TUYẾN A5
A2: Dữ liệu đồng bộ trực tiếp từ Master State Bus - 100% Zero Broken Links
A3: CHƯA LẬP — chưa có dữ liệu cho dự án này. Không xuất thành hồ sơ riêng cho tới khi có nội dung.

Sheet TONG_HOP_VAT_TU_TOAN_BO
A1: HỒ SƠ TONG_HOP_VAT_TU_TOAN_BO - CỐNG HỘP TUYẾN A5
A2: Dữ liệu đồng bộ trực tiếp từ Master State Bus - 100% Zero Broken Links
A3: CHƯA LẬP — chưa có dữ liệu cho dự án này. Không xuất thành hồ sơ riêng cho tới khi có nội dung.

Sheet TONG_HOP_DU_TOAN_GXD
A1: BẢNG DỰ TOÁN TỔNG HỢP CHI PHÍ XÂY DỰNG G_XD CỐNG HỘP TUYẾN A5
A2: Căn cứ: Thông tư số 11/2021/TT-BXD, Thông tư số 12/2021/TT-BXD & Đơn giá XDCT Hà Nội
A4: STT | B4: HẠNG MỤC CHI PHÍ | C4: CÁCH TÍNH / CÔNG THỨC | D4: GIÁ TRỊ (VNĐ) | E4: TỶ TRỌNG (%) | F4: GHI CHÚ
A5: I | B5: CHI PHÍ TRỰC TIẾP (T) | C5: T = Vật liệu + Nhân công + Máy thi công | D5: 42500000000 | E5: =D5/$D$10 | F5: ĐẦU VÀO: nhập từ dự toán chi tiết đã duyệt (Σ khối lượng × đơn giá theo định mức). CHƯA liên kết với khối lượng/đơn giá trong hồ sơ này
A6: II | B6: CHI PHÍ GIÁN TIẾP (GT) | C6: GT = T × (chi phí chung + nhà tạm) | D6: =D5*(D13+D14) | E6: =D6/$D$10 | F6: Theo ô tỷ lệ D13 + D14
A7: III | B7: THU NHẬP CHỊU THUẾ TÍNH TRƯỚC (TL) | C7: TL = (T + GT) × tỷ lệ TL | D7: =(D5+D6)*D15 | E7: =D7/$D$10 | F7: Theo ô tỷ lệ D15
A8: IV | B8: CHI PHÍ XÂY DỰNG TRƯỚC THUẾ (G) | C8: G = T + GT + TL | D8: =D5+D6+D7 | E8: =D8/$D$10 | F8: Tổng chi phí trước thuế
A9: V | B9: THUẾ GIÁ TRỊ GIA TĂNG (VAT) | C9: VAT = G × thuế suất | D9: =D8*D16 | E9: =D9/$D$10 | F9: Theo ô tỷ lệ D16
A10: VI | B10: TỔNG CỘNG CHI PHÍ XÂY DỰNG SAU THUẾ (G_XD) | C10: G_XD = G + VAT | D10: =D8+D9 | E10: 100.0% | F10: GIÁ TRỊ DỰ TOÁN PHÊ DUYỆT
A12: TỶ LỆ ĐẦU VÀO (đổi ô vàng, các dòng II-VI tự tính lại)
B13: Chi phí chung (% T) | D13: 0.073
B14: Nhà tạm để ở và điều hành thi công (% T) | D14: 0.012
B15: Thu nhập chịu thuế tính trước (% (T + GT)) | D15: 0.055
B16: Thuế giá trị gia tăng (% G) | D16: 0.1

Sheet THANH_TOAN_KY_PHU_LUC_03A
A1: BẢNG XÁC ĐỊNH GIÁ TRỊ KHỐI LƯỢNG CÔNG VIỆC HOÀN THÀNH (MẪU 03.A)
A2: Căn cứ: Nghị định số 99/2021/NĐ-CP ngày 11/11/2021 của Chính phủ | Kỳ thanh toán số 01
A4: STT | B4: NỘI DUNG CÔNG VIỆC | C4: ĐƠN VỊ | D4: HỢP ĐỒNG (KL) | E4: ĐƠN GIÁ HĐ (VNĐ) | F4: LŨY KẾ KỲ TRƯỚC (KL) | G4: THỰC HIỆN KỲ NÀY (KL) | H4: THÀNH TIỀN KỲ NÀY (VNĐ) | I4: LŨY KẾ HẾT KỲ NÀY (KL) | J4: KL THEO BÓC TÁCH | K4: CHÊNH LỆCH SO VỚI HỢP ĐỒNG | L4: KẾT LUẬN (ngưỡng 0.5%)
A5: 1 | B5: Đào đất hố móng cống hộp | C5: m3 | D5: 38192 | E5: 45000 | F5: 0 | G5: 15000 | H5: =G5*E5 | I5: =F5+G5 | J5: =KHOI_LUONG_DAO_DAP!I5 | K5: =J5/D5-1 | L5: =IF(ABS(K5)<=0.005,"Khớp","LỆCH - QS xác nhận")
A6: 2 | B6: Gia cố cọc tre d=6-8cm L=2.5m | C6: cọc | D6: 244125 | E6: 32000 | F6: 0 | G6: 80000 | H6: =G6*E6 | I6: =F6+G6 | J6: =KHOI_LUONG_DAO_DAP!I6 | K6: =J6/D6-1 | L6: =IF(ABS(K6)<=0.005,"Khớp","LỆCH - QS xác nhận")
A7: 3 | B7: Bê tông lót móng cống M100 | C7: m3 | D7: 592.4 | E7: 980000 | F7: 0 | G7: 200 | H7: =G7*E7 | I7: =F7+G7 | J7: =SUM(QS_DIEN_GIAI_CHI_TIET!I5:I7) | K7: =J7/D7-1 | L7: =IF(ABS(K7)<=0.005,"Khớp","LỆCH - QS xác nhận")
A8: 4 | B8: Bê tông thân cống B20 (M250) | C8: m3 | D8: 11870 | E8: 1450000 | F8: 0 | G8: 3500 | H8: =G8*E8 | I8: =F8+G8 | J8: =SUM(QS_DIEN_GIAI_CHI_TIET!I8:I10) | K8: =J8/D8-1 | L8: =IF(ABS(K8)<=0.005,"Khớp","LỆCH - QS xác nhận")
A9: 5 | B9: Ván khuôn thân cống tiếp xúc | C9: m2 | D9: 44941 | E9: 165000 | F9: 0 | G9: 14000 | H9: =G9*E9 | I9: =F9+G9 | J9: =SUM(QS_DIEN_GIAI_CHI_TIET!I11:I13) | K9: =J9/D9-1 | L9: =IF(ABS(K9)<=0.005,"Khớp","LỆCH - QS xác nhận")
A10: 6 | B10: Cốt thép cống hộp các loại | C10: tấn | D10: 753.4 | E10: 21500000 | F10: 0 | G10: 220 | H10: =G10*E10 | I10: =F10+G10 | J10: =THONG_KE_THEP_CHI_TIET!J24/1000 | K10: =J10/D10-1 | L10: =IF(ABS(K10)<=0.005,"Khớp","LỆCH - QS xác nhận")
B11: TỔNG GIÁ TRỊ HOÀN THÀNH KỲ NÀY (TRƯỚC THUẾ) | H11: =SUM(H5:H10)
B12: 1. Giảm trừ thu hồi tạm ứng hợp đồng (20%) | H12: =H11*0.20
B13: 2. Giảm trừ tiền bảo hành giữ lại (5%) | H13: =H11*0.05
B14: 3. THUẾ GIÁ TRỊ GIA TĂNG VAT (10%) | H14: =H11*0.10
B15: GIÁ TRỊ ĐỀ NGHỊ THANH TOÁN THỰC NHẬN KỲ NÀY | H15: =H11-H12-H13+H14
B17: Cột D (khối lượng hợp đồng) là SỐ NHẬP từ hợp đồng; cột J..L chỉ đối chiếu với bóc tách, không ghi đè. Ván khuôn dùng số đang áp dụng trong bảng diễn giải (xem cột T của sheet diễn giải).

Sheet TIEN_DO_THI_CONG_WBS
A1: BẢNG TIẾN ĐỘ THI CÔNG CHI TIẾT WBS & ĐƯỜNG GĂNG CPM — CỐNG HỘP TUYẾN A5 (TOÀN TUYẾN)
A2: Ngày khởi công: 01/10/2026 | Phương pháp: Critical Path Method (CPM Forward/Backward Pass) | N2: Ngày khởi công: | R2: 46296 | V2: Hoàn thành tính toán: | Z2: =MAX($J$7:$J$18) | AD2: Tổng thời gian thi công: | AH2: =Z2-$R$2+1
N3: Hạn hoàn thành: | R3: 46477 | V3: Dự phòng so với hạn: | Z3: =$R$3-Z2 | AD3: Đánh giá tiến độ: | AH3: =IF(Z2<=$R$3,"ĐẠT TIẾN ĐỘ","TRỄ TIẾN ĐỘ")
A4: MÃ CV | B4: TÊN CÔNG TÁC THI CÔNG WBS | C4: THỜI LƯỢNG (Ngày) | D4: CÔNG VIỆC TIỀN NHIỆM | E4: ES (Sớm) | F4: EF (Sớm) | G4: LS (Muộn) | H4: LF (Muộn) | I4: DỰ TRỮ TF | J4: ĐƯỜNG GĂNG | N4: Chế độ Gantt (1:Kế hoạch, 2:Nhân công, 3:Ca): | R4: 1
A5: CV-01 | B5: Bàn giao mặt bằng & Định vị tim mốc trắc đạc | C5: 5 | D5: - | E5: 0 | F5: 5 | G5: 0 | H5: 5 | I5: 0 | J5: CRITICAL | M5: BIỂU ĐỒ TIẾN ĐỘ THI CÔNG TUẦN (GANTT CHART)
A6: MÃ CV | B6: TÊN CÔNG TÁC THI CÔNG WBS | C6: KHỐI LƯỢNG | D6: ĐVT | E6: NĂNG SUẤT/CA | F6: CA/NGÀY | G6: NHÂN LỰC/TỔ | H6: SỐ NGÀY | I6: NGÀY BẮT ĐẦU | J6: NGÀY KẾT THÚC | K6: TIỀN NHIỆM | L6: ĐƯỜNG GĂNG | M6: T1 | N6: T2 | O6: T3 | P6: T4 | Q6: T5 | R6: T6 | S6: T7 | T6: T8 | U6: T9 | V6: T10 | W6: T11 | X6: T12 | Y6: T13 | Z6: T14 | AA6: T15 | AB6: T16 | AC6: T17 | AD6: T18 | AE6: T19 | AF6: T20 | AG6: T21 | AH6: T22 | AI6: T23 | AJ6: T24 | AK6: T25 | AL6: T26
A7: CV-01 | B7: Bàn giao mặt bằng & Định vị tim mốc trắc đạc | C7: 2200 | D7: m | E7: 440 | F7: 1 | G7: 6 | H7: 5 | I7: =$R$2 | J7: =I7+H7-1 | K7: - | L7: CRITICAL | M7: =IF(AND($I7<=($R$2+6),$J7>=($R$2+0)),IF($R$4=1,1,IF($R$4=2,$G7,$F7)),"") | N7: =IF(AND($I7<=($R$2+13),$J7>=($R$2+7)),IF($R$4=1,1,IF($R$4=2,$G7,$F7)),"") | O7: =IF(AND($I7<=($R$2+20),$J7>=($R$2+14)),IF($R$4=1,1,IF($R$4=2,$G7,$F7)),"") | P7: =IF(AND($I7<=($R$2+27),$J7>=($R$2+21)),IF($R$4=1,1,IF($R$4=2,$G7,$F7)),"") | Q7: =IF(AND($I7<=($R$2+34),$J7>=($R$2+28)),IF($R$4=1,1,IF($R$4=2,$G7,$F7)),"") | R7: =IF(AND($I7<=($R$2+41),$J7>=($R$2+35)),IF($R$4=1,1,IF($R$4=2,$G7,$F7)),"") | S7: =IF(AND($I7<=($R$2+48),$J7>=($R$2+42)),IF($R$4=1,1,IF($R$4=2,$G7,$F7)),"") | T7: =IF(AND($I7<=($R$2+55),$J7>=($R$2+49)),IF($R$4=1,1,IF($R$4=2,$G7,$F7)),"") | U7: =IF(AND($I7<=($R$2+62),$J7>=($R$2+56)),IF($R$4=1,1,IF($R$4=2,$G7,$F7)),"") | V7: =IF(AND($I7<=($R$2+69),$J7>=($R$2+63)),IF($R$4=1,1,IF($R$4=2,$G7,$F7)),"") | W7: =IF(AND($I7<=($R$2+76),$J7>=($R$2+70)),IF($R$4=1,1,IF($R$4=2,$G7,$F7)),"") | X7: =IF(AND($I7<=($R$2+83),$J7>=($R$2+77)),IF($R$4=1,1,IF($R$4=2,$G7,$F7)),"") | Y7: =IF(AND($I7<=($R$2+90),$J7>=($R$2+84)),IF($R$4=1,1,IF($R$4=2,$G7,$F7)),"") | Z7: =IF(AND($I7<=($R$2+97),$J7>=($R$2+91)),IF($R$4=1,1,IF($R$4=2,$G7,$F7)),"") | AA7: =IF(AND($I7<=($R$2+104),$J7>=($R$2+98)),IF($R$4=1,1,IF($R$4=2,$G7,$F7)),"") | AB7: =IF(AND($I7<=($R$2+111),$J7>=($R$2+105)),IF($R$4=1,1,IF($R$4=2,$G7,$F7)),"") | AC7: =IF(AND($I7<=($R$2+118),$J7>=($R$2+112)),IF($R$4=1,1,IF($R$4=2,$G7,$F7)),"") | AD7: =IF(AND($I7<=($R$2+125),$J7>=($R$2+119)),IF($R$4=1,1,IF($R$4=2,$G7,$F7)),"") | AE7: =IF(AND($I7<=($R$2+132),$J7>=($R$2+126)),IF($R$4=1,1,IF($R$4=2,$G7,$F7)),"") | AF7: =IF(AND($I7<=($R$2+139),$J7>=($R$2+133)),IF($R$4=1,1,IF($R$4=2,$G7,$F7)),"") | AG7: =IF(AND($I7<=($R$2+146),$J7>=($R$2+140)),IF($R$4=1,1,IF($R$4=2,$G7,$F7)),"") | AH7: =IF(AND($I7<=($R$2+153),$J7>=($R$2+147)),IF($R$4=1,1,IF($R$4=2,$G7,$F7)),"") | AI7: =IF(AND($I7<=($R$2+160),$J7>=($R$2+154)),IF($R$4=1,1,IF($R$4=2,$G7,$F7)),"") | AJ7: =IF(AND($I7<=($R$2+167),$J7>=($R$2+161)),IF($R$4=1,1,IF($R$4=2,$G7,$F7)),"") | AK7: =IF(AND($I7<=($R$2+174),$J7>=($R$2+168)),IF($R$4=1,1,IF($R$4=2,$G7,$F7)),"") | AL7: =IF(AND($I7<=($R$2+181),$J7>=($R$2+175)),IF($R$4=1,1,IF($R$4=2,$G7,$F7)),"")
A8: CV-02 | B8: Đào hố móng phân đoạn 1 (Cống 2x2) | C8: 3500 | D8: m3 | E8: 233.33 | F8: 1 | G8: 4 | H8: 15 | I8: =J7+1 | J8: =I8+H8-1 | K8: CV-01 | L8: CRITICAL | M8: =IF(AND($I8<=($R$2+6),$J8>=($R$2+0)),IF($R$4=1,1,IF($R$4=2,$G8,$F8)),"") | N8: =IF(AND($I8<=($R$2+13),$J8>=($R$2+7)),IF($R$4=1,1,IF($R$4=2,$G8,$F8)),"") | O8: =IF(AND($I8<=($R$2+20),$J8>=($R$2+14)),IF($R$4=1,1,IF($R$4=2,$G8,$F8)),"") | P8: =IF(AND($I8<=($R$2+27),$J8>=($R$2+21)),IF($R$4=1,1,IF($R$4=2,$G8,$F8)),"") | Q8: =IF(AND($I8<=($R$2+34),$J8>=($R$2+28)),IF($R$4=1,1,IF($R$4=2,$G8,$F8)),"") | R8: =IF(AND($I8<=($R$2+41),$J8>=($R$2+35)),IF($R$4=1,1,IF($R$4=2,$G8,$F8)),"") | S8: =IF(AND($I8<=($R$2+48),$J8>=($R$2+42)),IF($R$4=1,1,IF($R$4=2,$G8,$F8)),"") | T8: =IF(AND($I8<=($R$2+55),$J8>=($R$2+49)),IF($R$4=1,1,IF($R$4=2,$G8,$F8)),"") | U8: =IF(AND($I8<=($R$2+62),$J8>=($R$2+56)),IF($R$4=1,1,IF($R$4=2,$G8,$F8)),"") | V8: =IF(AND($I8<=($R$2+69),$J8>=($R$2+63)),IF($R$4=1,1,IF($R$4=2,$G8,$F8)),"") | W8: =IF(AND($I8<=($R$2+76),$J8>=($R$2+70)),IF($R$4=1,1,IF($R$4=2,$G8,$F8)),"") | X8: =IF(AND($I8<=($R$2+83),$J8>=($R$2+77)),IF($R$4=1,1,IF($R$4=2,$G8,$F8)),"") | Y8: =IF(AND($I8<=($R$2+90),$J8>=($R$2+84)),IF($R$4=1,1,IF($R$4=2,$G8,$F8)),"") | Z8: =IF(AND($I8<=($R$2+97),$J8>=($R$2+91)),IF($R$4=1,1,IF($R$4=2,$G8,$F8)),"") | AA8: =IF(AND($I8<=($R$2+104),$J8>=($R$2+98)),IF($R$4=1,1,IF($R$4=2,$G8,$F8)),"") | AB8: =IF(AND($I8<=($R$2+111),$J8>=($R$2+105)),IF($R$4=1,1,IF($R$4=2,$G8,$F8)),"") | AC8: =IF(AND($I8<=($R$2+118),$J8>=($R$2+112)),IF($R$4=1,1,IF($R$4=2,$G8,$F8)),"") | AD8: =IF(AND($I8<=($R$2+125),$J8>=($R$2+119)),IF($R$4=1,1,IF($R$4=2,$G8,$F8)),"") | AE8: =IF(AND($I8<=($R$2+132),$J8>=($R$2+126)),IF($R$4=1,1,IF($R$4=2,$G8,$F8)),"") | AF8: =IF(AND($I8<=($R$2+139),$J8>=($R$2+133)),IF($R$4=1,1,IF($R$4=2,$G8,$F8)),"") | AG8: =IF(AND($I8<=($R$2+146),$J8>=($R$2+140)),IF($R$4=1,1,IF($R$4=2,$G8,$F8)),"") | AH8: =IF(AND($I8<=($R$2+153),$J8>=($R$2+147)),IF($R$4=1,1,IF($R$4=2,$G8,$F8)),"") | AI8: =IF(AND($I8<=($R$2+160),$J8>=($R$2+154)),IF($R$4=1,1,IF($R$4=2,$G8,$F8)),"") | AJ8: =IF(AND($I8<=($R$2+167),$J8>=($R$2+161)),IF($R$4=1,1,IF($R$4=2,$G8,$F8)),"") | AK8: =IF(AND($I8<=($R$2+174),$J8>=($R$2+168)),IF($R$4=1,1,IF($R$4=2,$G8,$F8)),"") | AL8: =IF(AND($I8<=($R$2+181),$J8>=($R$2+175)),IF($R$4=1,1,IF($R$4=2,$G8,$F8)),"")
A9: CV-03 | B9: Đóng cọc tre & Đệm cát đầu cọc phân đoạn 1 | C9: 1200 | D9: m3 | E9: 120 | F9: 1 | G9: 6 | H9: 10 | I9: =J8+1 | J9: =I9+H9-1 | K9: CV-02 | L9: CRITICAL | M9: =IF(AND($I9<=($R$2+6),$J9>=($R$2+0)),IF($R$4=1,1,IF($R$4=2,$G9,$F9)),"") | N9: =IF(AND($I9<=($R$2+13),$J9>=($R$2+7)),IF($R$4=1,1,IF($R$4=2,$G9,$F9)),"") | O9: =IF(AND($I9<=($R$2+20),$J9>=($R$2+14)),IF($R$4=1,1,IF($R$4=2,$G9,$F9)),"") | P9: =IF(AND($I9<=($R$2+27),$J9>=($R$2+21)),IF($R$4=1,1,IF($R$4=2,$G9,$F9)),"") | Q9: =IF(AND($I9<=($R$2+34),$J9>=($R$2+28)),IF($R$4=1,1,IF($R$4=2,$G9,$F9)),"") | R9: =IF(AND($I9<=($R$2+41),$J9>=($R$2+35)),IF($R$4=1,1,IF($R$4=2,$G9,$F9)),"") | S9: =IF(AND($I9<=($R$2+48),$J9>=($R$2+42)),IF($R$4=1,1,IF($R$4=2,$G9,$F9)),"") | T9: =IF(AND($I9<=($R$2+55),$J9>=($R$2+49)),IF($R$4=1,1,IF($R$4=2,$G9,$F9)),"") | U9: =IF(AND($I9<=($R$2+62),$J9>=($R$2+56)),IF($R$4=1,1,IF($R$4=2,$G9,$F9)),"") | V9: =IF(AND($I9<=($R$2+69),$J9>=($R$2+63)),IF($R$4=1,1,IF($R$4=2,$G9,$F9)),"") | W9: =IF(AND($I9<=($R$2+76),$J9>=($R$2+70)),IF($R$4=1,1,IF($R$4=2,$G9,$F9)),"") | X9: =IF(AND($I9<=($R$2+83),$J9>=($R$2+77)),IF($R$4=1,1,IF($R$4=2,$G9,$F9)),"") | Y9: =IF(AND($I9<=($R$2+90),$J9>=($R$2+84)),IF($R$4=1,1,IF($R$4=2,$G9,$F9)),"") | Z9: =IF(AND($I9<=($R$2+97),$J9>=($R$2+91)),IF($R$4=1,1,IF($R$4=2,$G9,$F9)),"") | AA9: =IF(AND($I9<=($R$2+104),$J9>=($R$2+98)),IF($R$4=1,1,IF($R$4=2,$G9,$F9)),"") | AB9: =IF(AND($I9<=($R$2+111),$J9>=($R$2+105)),IF($R$4=1,1,IF($R$4=2,$G9,$F9)),"") | AC9: =IF(AND($I9<=($R$2+118),$J9>=($R$2+112)),IF($R$4=1,1,IF($R$4=2,$G9,$F9)),"") | AD9: =IF(AND($I9<=($R$2+125),$J9>=($R$2+119)),IF($R$4=1,1,IF($R$4=2,$G9,$F9)),"") | AE9: =IF(AND($I9<=($R$2+132),$J9>=($R$2+126)),IF($R$4=1,1,IF($R$4=2,$G9,$F9)),"") | AF9: =IF(AND($I9<=($R$2+139),$J9>=($R$2+133)),IF($R$4=1,1,IF($R$4=2,$G9,$F9)),"") | AG9: =IF(AND($I9<=($R$2+146),$J9>=($R$2+140)),IF($R$4=1,1,IF($R$4=2,$G9,$F9)),"") | AH9: =IF(AND($I9<=($R$2+153),$J9>=($R$2+147)),IF($R$4=1,1,IF($R$4=2,$G9,$F9)),"") | AI9: =IF(AND($I9<=($R$2+160),$J9>=($R$2+154)),IF($R$4=1,1,IF($R$4=2,$G9,$F9)),"") | AJ9: =IF(AND($I9<=($R$2+167),$J9>=($R$2+161)),IF($R$4=1,1,IF($R$4=2,$G9,$F9)),"") | AK9: =IF(AND($I9<=($R$2+174),$J9>=($R$2+168)),IF($R$4=1,1,IF($R$4=2,$G9,$F9)),"") | AL9: =IF(AND($I9<=($R$2+181),$J9>=($R$2+175)),IF($R$4=1,1,IF($R$4=2,$G9,$F9)),"")
A10: CV-04 | B10: Bê tông lót móng M100 phân đoạn 1 | C10: 185 | D10: m3 | E10: 37 | F10: 1 | G10: 6 | H10: 5 | I10: =J9+1 | J10: =I10+H10-1 | K10: CV-03 | L10: CRITICAL | M10: =IF(AND($I10<=($R$2+6),$J10>=($R$2+0)),IF($R$4=1,1,IF($R$4=2,$G10,$F10)),"") | N10: =IF(AND($I10<=($R$2+13),$J10>=($R$2+7)),IF($R$4=1,1,IF($R$4=2,$G10,$F10)),"") | O10: =IF(AND($I10<=($R$2+20),$J10>=($R$2+14)),IF($R$4=1,1,IF($R$4=2,$G10,$F10)),"") | P10: =IF(AND($I10<=($R$2+27),$J10>=($R$2+21)),IF($R$4=1,1,IF($R$4=2,$G10,$F10)),"") | Q10: =IF(AND($I10<=($R$2+34),$J10>=($R$2+28)),IF($R$4=1,1,IF($R$4=2,$G10,$F10)),"") | R10: =IF(AND($I10<=($R$2+41),$J10>=($R$2+35)),IF($R$4=1,1,IF($R$4=2,$G10,$F10)),"") | S10: =IF(AND($I10<=($R$2+48),$J10>=($R$2+42)),IF($R$4=1,1,IF($R$4=2,$G10,$F10)),"") | T10: =IF(AND($I10<=($R$2+55),$J10>=($R$2+49)),IF($R$4=1,1,IF($R$4=2,$G10,$F10)),"") | U10: =IF(AND($I10<=($R$2+62),$J10>=($R$2+56)),IF($R$4=1,1,IF($R$4=2,$G10,$F10)),"") | V10: =IF(AND($I10<=($R$2+69),$J10>=($R$2+63)),IF($R$4=1,1,IF($R$4=2,$G10,$F10)),"") | W10: =IF(AND($I10<=($R$2+76),$J10>=($R$2+70)),IF($R$4=1,1,IF($R$4=2,$G10,$F10)),"") | X10: =IF(AND($I10<=($R$2+83),$J10>=($R$2+77)),IF($R$4=1,1,IF($R$4=2,$G10,$F10)),"") | Y10: =IF(AND($I10<=($R$2+90),$J10>=($R$2+84)),IF($R$4=1,1,IF($R$4=2,$G10,$F10)),"") | Z10: =IF(AND($I10<=($R$2+97),$J10>=($R$2+91)),IF($R$4=1,1,IF($R$4=2,$G10,$F10)),"") | AA10: =IF(AND($I10<=($R$2+104),$J10>=($R$2+98)),IF($R$4=1,1,IF($R$4=2,$G10,$F10)),"") | AB10: =IF(AND($I10<=($R$2+111),$J10>=($R$2+105)),IF($R$4=1,1,IF($R$4=2,$G10,$F10)),"") | AC10: =IF(AND($I10<=($R$2+118),$J10>=($R$2+112)),IF($R$4=1,1,IF($R$4=2,$G10,$F10)),"") | AD10: =IF(AND($I10<=($R$2+125),$J10>=($R$2+119)),IF($R$4=1,1,IF($R$4=2,$G10,$F10)),"") | AE10: =IF(AND($I10<=($R$2+132),$J10>=($R$2+126)),IF($R$4=1,1,IF($R$4=2,$G10,$F10)),"") | AF10: =IF(AND($I10<=($R$2+139),$J10>=($R$2+133)),IF($R$4=1,1,IF($R$4=2,$G10,$F10)),"") | AG10: =IF(AND($I10<=($R$2+146),$J10>=($R$2+140)),IF($R$4=1,1,IF($R$4=2,$G10,$F10)),"") | AH10: =IF(AND($I10<=($R$2+153),$J10>=($R$2+147)),IF($R$4=1,1,IF($R$4=2,$G10,$F10)),"") | AI10: =IF(AND($I10<=($R$2+160),$J10>=($R$2+154)),IF($R$4=1,1,IF($R$4=2,$G10,$F10)),"") | AJ10: =IF(AND($I10<=($R$2+167),$J10>=($R$2+161)),IF($R$4=1,1,IF($R$4=2,$G10,$F10)),"") | AK10: =IF(AND($I10<=($R$2+174),$J10>=($R$2+168)),IF($R$4=1,1,IF($R$4=2,$G10,$F10)),"") | AL10: =IF(AND($I10<=($R$2+181),$J10>=($R$2+175)),IF($R$4=1,1,IF($R$4=2,$G10,$F10)),"")
A11: CV-05 | B11: Gia công lắp dựng cốt thép & ván khuôn cống 2x2 | C11: 450 | D11: tấn | E11: 22.5 | F11: 1 | G11: 15 | H11: 20 | I11: =J10+1 | J11: =I11+H11-1 | K11: CV-04 | L11: CRITICAL | M11: =IF(AND($I11<=($R$2+6),$J11>=($R$2+0)),IF($R$4=1,1,IF($R$4=2,$G11,$F11)),"") | N11: =IF(AND($I11<=($R$2+13),$J11>=($R$2+7)),IF($R$4=1,1,IF($R$4=2,$G11,$F11)),"") | O11: =IF(AND($I11<=($R$2+20),$J11>=($R$2+14)),IF($R$4=1,1,IF($R$4=2,$G11,$F11)),"") | P11: =IF(AND($I11<=($R$2+27),$J11>=($R$2+21)),IF($R$4=1,1,IF($R$4=2,$G11,$F11)),"") | Q11: =IF(AND($I11<=($R$2+34),$J11>=($R$2+28)),IF($R$4=1,1,IF($R$4=2,$G11,$F11)),"") | R11: =IF(AND($I11<=($R$2+41),$J11>=($R$2+35)),IF($R$4=1,1,IF($R$4=2,$G11,$F11)),"") | S11: =IF(AND($I11<=($R$2+48),$J11>=($R$2+42)),IF($R$4=1,1,IF($R$4=2,$G11,$F11)),"") | T11: =IF(AND($I11<=($R$2+55),$J11>=($R$2+49)),IF($R$4=1,1,IF($R$4=2,$G11,$F11)),"") | U11: =IF(AND($I11<=($R$2+62),$J11>=($R$2+56)),IF($R$4=1,1,IF($R$4=2,$G11,$F11)),"") | V11: =IF(AND($I11<=($R$2+69),$J11>=($R$2+63)),IF($R$4=1,1,IF($R$4=2,$G11,$F11)),"") | W11: =IF(AND($I11<=($R$2+76),$J11>=($R$2+70)),IF($R$4=1,1,IF($R$4=2,$G11,$F11)),"") | X11: =IF(AND($I11<=($R$2+83),$J11>=($R$2+77)),IF($R$4=1,1,IF($R$4=2,$G11,$F11)),"") | Y11: =IF(AND($I11<=($R$2+90),$J11>=($R$2+84)),IF($R$4=1,1,IF($R$4=2,$G11,$F11)),"") | Z11: =IF(AND($I11<=($R$2+97),$J11>=($R$2+91)),IF($R$4=1,1,IF($R$4=2,$G11,$F11)),"") | AA11: =IF(AND($I11<=($R$2+104),$J11>=($R$2+98)),IF($R$4=1,1,IF($R$4=2,$G11,$F11)),"") | AB11: =IF(AND($I11<=($R$2+111),$J11>=($R$2+105)),IF($R$4=1,1,IF($R$4=2,$G11,$F11)),"") | AC11: =IF(AND($I11<=($R$2+118),$J11>=($R$2+112)),IF($R$4=1,1,IF($R$4=2,$G11,$F11)),"") | AD11: =IF(AND($I11<=($R$2+125),$J11>=($R$2+119)),IF($R$4=1,1,IF($R$4=2,$G11,$F11)),"") | AE11: =IF(AND($I11<=($R$2+132),$J11>=($R$2+126)),IF($R$4=1,1,IF($R$4=2,$G11,$F11)),"") | AF11: =IF(AND($I11<=($R$2+139),$J11>=($R$2+133)),IF($R$4=1,1,IF($R$4=2,$G11,$F11)),"") | AG11: =IF(AND($I11<=($R$2+146),$J11>=($R$2+140)),IF($R$4=1,1,IF($R$4=2,$G11,$F11)),"") | AH11: =IF(AND($I11<=($R$2+153),$J11>=($R$2+147)),IF($R$4=1,1,IF($R$4=2,$G11,$F11)),"") | AI11: =IF(AND($I11<=($R$2+160),$J11>=($R$2+154)),IF($R$4=1,1,IF($R$4=2,$G11,$F11)),"") | AJ11: =IF(AND($I11<=($R$2+167),$J11>=($R$2+161)),IF($R$4=1,1,IF($R$4=2,$G11,$F11)),"") | AK11: =IF(AND($I11<=($R$2+174),$J11>=($R$2+168)),IF($R$4=1,1,IF($R$4=2,$G11,$F11)),"") | AL11: =IF(AND($I11<=($R$2+181),$J11>=($R$2+175)),IF($R$4=1,1,IF($R$4=2,$G11,$F11)),"")
A12: CV-06 | B12: Đổ bê tông thân cống B20 & Bảo dưỡng | C12: 1250 | D12: m3 | E12: 125 | F12: 1 | G12: 10 | H12: 10 | I12: =J11+1 | J12: =I12+H12-1 | K12: CV-05 | L12: CRITICAL | M12: =IF(AND($I12<=($R$2+6),$J12>=($R$2+0)),IF($R$4=1,1,IF($R$4=2,$G12,$F12)),"") | N12: =IF(AND($I12<=($R$2+13),$J12>=($R$2+7)),IF($R$4=1,1,IF($R$4=2,$G12,$F12)),"") | O12: =IF(AND($I12<=($R$2+20),$J12>=($R$2+14)),IF($R$4=1,1,IF($R$4=2,$G12,$F12)),"") | P12: =IF(AND($I12<=($R$2+27),$J12>=($R$2+21)),IF($R$4=1,1,IF($R$4=2,$G12,$F12)),"") | Q12: =IF(AND($I12<=($R$2+34),$J12>=($R$2+28)),IF($R$4=1,1,IF($R$4=2,$G12,$F12)),"") | R12: =IF(AND($I12<=($R$2+41),$J12>=($R$2+35)),IF($R$4=1,1,IF($R$4=2,$G12,$F12)),"") | S12: =IF(AND($I12<=($R$2+48),$J12>=($R$2+42)),IF($R$4=1,1,IF($R$4=2,$G12,$F12)),"") | T12: =IF(AND($I12<=($R$2+55),$J12>=($R$2+49)),IF($R$4=1,1,IF($R$4=2,$G12,$F12)),"") | U12: =IF(AND($I12<=($R$2+62),$J12>=($R$2+56)),IF($R$4=1,1,IF($R$4=2,$G12,$F12)),"") | V12: =IF(AND($I12<=($R$2+69),$J12>=($R$2+63)),IF($R$4=1,1,IF($R$4=2,$G12,$F12)),"") | W12: =IF(AND($I12<=($R$2+76),$J12>=($R$2+70)),IF($R$4=1,1,IF($R$4=2,$G12,$F12)),"") | X12: =IF(AND($I12<=($R$2+83),$J12>=($R$2+77)),IF($R$4=1,1,IF($R$4=2,$G12,$F12)),"") | Y12: =IF(AND($I12<=($R$2+90),$J12>=($R$2+84)),IF($R$4=1,1,IF($R$4=2,$G12,$F12)),"") | Z12: =IF(AND($I12<=($R$2+97),$J12>=($R$2+91)),IF($R$4=1,1,IF($R$4=2,$G12,$F12)),"") | AA12: =IF(AND($I12<=($R$2+104),$J12>=($R$2+98)),IF($R$4=1,1,IF($R$4=2,$G12,$F12)),"") | AB12: =IF(AND($I12<=($R$2+111),$J12>=($R$2+105)),IF($R$4=1,1,IF($R$4=2,$G12,$F12)),"") | AC12: =IF(AND($I12<=($R$2+118),$J12>=($R$2+112)),IF($R$4=1,1,IF($R$4=2,$G12,$F12)),"") | AD12: =IF(AND($I12<=($R$2+125),$J12>=($R$2+119)),IF($R$4=1,1,IF($R$4=2,$G12,$F12)),"") | AE12: =IF(AND($I12<=($R$2+132),$J12>=($R$2+126)),IF($R$4=1,1,IF($R$4=2,$G12,$F12)),"") | AF12: =IF(AND($I12<=($R$2+139),$J12>=($R$2+133)),IF($R$4=1,1,IF($R$4=2,$G12,$F12)),"") | AG12: =IF(AND($I12<=($R$2+146),$J12>=($R$2+140)),IF($R$4=1,1,IF($R$4=2,$G12,$F12)),"") | AH12: =IF(AND($I12<=($R$2+153),$J12>=($R$2+147)),IF($R$4=1,1,IF($R$4=2,$G12,$F12)),"") | AI12: =IF(AND($I12<=($R$2+160),$J12>=($R$2+154)),IF($R$4=1,1,IF($R$4=2,$G12,$F12)),"") | AJ12: =IF(AND($I12<=($R$2+167),$J12>=($R$2+161)),IF($R$4=1,1,IF($R$4=2,$G12,$F12)),"") | AK12: =IF(AND($I12<=($R$2+174),$J12>=($R$2+168)),IF($R$4=1,1,IF($R$4=2,$G12,$F12)),"") | AL12: =IF(AND($I12<=($R$2+181),$J12>=($R$2+175)),IF($R$4=1,1,IF($R$4=2,$G12,$F12)),"")
A13: CV-07 | B13: Đào hố móng phân đoạn 2 (Cống 3x3) | C13: 6800 | D13: m3 | E13: 340 | F13: 1 | G13: 4 | H13: 20 | I13: =J8+1 | J13: =I13+H13-1 | K13: CV-02 | L13: NON-CRITICAL | M13: =IF(AND($I13<=($R$2+6),$J13>=($R$2+0)),IF($R$4=1,1,IF($R$4=2,$G13,$F13)),"") | N13: =IF(AND($I13<=($R$2+13),$J13>=($R$2+7)),IF($R$4=1,1,IF($R$4=2,$G13,$F13)),"") | O13: =IF(AND($I13<=($R$2+20),$J13>=($R$2+14)),IF($R$4=1,1,IF($R$4=2,$G13,$F13)),"") | P13: =IF(AND($I13<=($R$2+27),$J13>=($R$2+21)),IF($R$4=1,1,IF($R$4=2,$G13,$F13)),"") | Q13: =IF(AND($I13<=($R$2+34),$J13>=($R$2+28)),IF($R$4=1,1,IF($R$4=2,$G13,$F13)),"") | R13: =IF(AND($I13<=($R$2+41),$J13>=($R$2+35)),IF($R$4=1,1,IF($R$4=2,$G13,$F13)),"") | S13: =IF(AND($I13<=($R$2+48),$J13>=($R$2+42)),IF($R$4=1,1,IF($R$4=2,$G13,$F13)),"") | T13: =IF(AND($I13<=($R$2+55),$J13>=($R$2+49)),IF($R$4=1,1,IF($R$4=2,$G13,$F13)),"") | U13: =IF(AND($I13<=($R$2+62),$J13>=($R$2+56)),IF($R$4=1,1,IF($R$4=2,$G13,$F13)),"") | V13: =IF(AND($I13<=($R$2+69),$J13>=($R$2+63)),IF($R$4=1,1,IF($R$4=2,$G13,$F13)),"") | W13: =IF(AND($I13<=($R$2+76),$J13>=($R$2+70)),IF($R$4=1,1,IF($R$4=2,$G13,$F13)),"") | X13: =IF(AND($I13<=($R$2+83),$J13>=($R$2+77)),IF($R$4=1,1,IF($R$4=2,$G13,$F13)),"") | Y13: =IF(AND($I13<=($R$2+90),$J13>=($R$2+84)),IF($R$4=1,1,IF($R$4=2,$G13,$F13)),"") | Z13: =IF(AND($I13<=($R$2+97),$J13>=($R$2+91)),IF($R$4=1,1,IF($R$4=2,$G13,$F13)),"") | AA13: =IF(AND($I13<=($R$2+104),$J13>=($R$2+98)),IF($R$4=1,1,IF($R$4=2,$G13,$F13)),"") | AB13: =IF(AND($I13<=($R$2+111),$J13>=($R$2+105)),IF($R$4=1,1,IF($R$4=2,$G13,$F13)),"") | AC13: =IF(AND($I13<=($R$2+118),$J13>=($R$2+112)),IF($R$4=1,1,IF($R$4=2,$G13,$F13)),"") | AD13: =IF(AND($I13<=($R$2+125),$J13>=($R$2+119)),IF($R$4=1,1,IF($R$4=2,$G13,$F13)),"") | AE13: =IF(AND($I13<=($R$2+132),$J13>=($R$2+126)),IF($R$4=1,1,IF($R$4=2,$G13,$F13)),"") | AF13: =IF(AND($I13<=($R$2+139),$J13>=($R$2+133)),IF($R$4=1,1,IF($R$4=2,$G13,$F13)),"") | AG13: =IF(AND($I13<=($R$2+146),$J13>=($R$2+140)),IF($R$4=1,1,IF($R$4=2,$G13,$F13)),"") | AH13: =IF(AND($I13<=($R$2+153),$J13>=($R$2+147)),IF($R$4=1,1,IF($R$4=2,$G13,$F13)),"") | AI13: =IF(AND($I13<=($R$2+160),$J13>=($R$2+154)),IF($R$4=1,1,IF($R$4=2,$G13,$F13)),"") | AJ13: =IF(AND($I13<=($R$2+167),$J13>=($R$2+161)),IF($R$4=1,1,IF($R$4=2,$G13,$F13)),"") | AK13: =IF(AND($I13<=($R$2+174),$J13>=($R$2+168)),IF($R$4=1,1,IF($R$4=2,$G13,$F13)),"") | AL13: =IF(AND($I13<=($R$2+181),$J13>=($R$2+175)),IF($R$4=1,1,IF($R$4=2,$G13,$F13)),"")
A14: CV-08 | B14: Đổ bê tông thân cống 3x3 phân đoạn 2 | C14: 2400 | D14: m3 | E14: 80 | F14: 1 | G14: 12 | H14: 30 | I14: =J13+1 | J14: =I14+H14-1 | K14: CV-07 | L14: NON-CRITICAL | M14: =IF(AND($I14<=($R$2+6),$J14>=($R$2+0)),IF($R$4=1,1,IF($R$4=2,$G14,$F14)),"") | N14: =IF(AND($I14<=($R$2+13),$J14>=($R$2+7)),IF($R$4=1,1,IF($R$4=2,$G14,$F14)),"") | O14: =IF(AND($I14<=($R$2+20),$J14>=($R$2+14)),IF($R$4=1,1,IF($R$4=2,$G14,$F14)),"") | P14: =IF(AND($I14<=($R$2+27),$J14>=($R$2+21)),IF($R$4=1,1,IF($R$4=2,$G14,$F14)),"") | Q14: =IF(AND($I14<=($R$2+34),$J14>=($R$2+28)),IF($R$4=1,1,IF($R$4=2,$G14,$F14)),"") | R14: =IF(AND($I14<=($R$2+41),$J14>=($R$2+35)),IF($R$4=1,1,IF($R$4=2,$G14,$F14)),"") | S14: =IF(AND($I14<=($R$2+48),$J14>=($R$2+42)),IF($R$4=1,1,IF($R$4=2,$G14,$F14)),"") | T14: =IF(AND($I14<=($R$2+55),$J14>=($R$2+49)),IF($R$4=1,1,IF($R$4=2,$G14,$F14)),"") | U14: =IF(AND($I14<=($R$2+62),$J14>=($R$2+56)),IF($R$4=1,1,IF($R$4=2,$G14,$F14)),"") | V14: =IF(AND($I14<=($R$2+69),$J14>=($R$2+63)),IF($R$4=1,1,IF($R$4=2,$G14,$F14)),"") | W14: =IF(AND($I14<=($R$2+76),$J14>=($R$2+70)),IF($R$4=1,1,IF($R$4=2,$G14,$F14)),"") | X14: =IF(AND($I14<=($R$2+83),$J14>=($R$2+77)),IF($R$4=1,1,IF($R$4=2,$G14,$F14)),"") | Y14: =IF(AND($I14<=($R$2+90),$J14>=($R$2+84)),IF($R$4=1,1,IF($R$4=2,$G14,$F14)),"") | Z14: =IF(AND($I14<=($R$2+97),$J14>=($R$2+91)),IF($R$4=1,1,IF($R$4=2,$G14,$F14)),"") | AA14: =IF(AND($I14<=($R$2+104),$J14>=($R$2+98)),IF($R$4=1,1,IF($R$4=2,$G14,$F14)),"") | AB14: =IF(AND($I14<=($R$2+111),$J14>=($R$2+105)),IF($R$4=1,1,IF($R$4=2,$G14,$F14)),"") | AC14: =IF(AND($I14<=($R$2+118),$J14>=($R$2+112)),IF($R$4=1,1,IF($R$4=2,$G14,$F14)),"") | AD14: =IF(AND($I14<=($R$2+125),$J14>=($R$2+119)),IF($R$4=1,1,IF($R$4=2,$G14,$F14)),"") | AE14: =IF(AND($I14<=($R$2+132),$J14>=($R$2+126)),IF($R$4=1,1,IF($R$4=2,$G14,$F14)),"") | AF14: =IF(AND($I14<=($R$2+139),$J14>=($R$2+133)),IF($R$4=1,1,IF($R$4=2,$G14,$F14)),"") | AG14: =IF(AND($I14<=($R$2+146),$J14>=($R$2+140)),IF($R$4=1,1,IF($R$4=2,$G14,$F14)),"") | AH14: =IF(AND($I14<=($R$2+153),$J14>=($R$2+147)),IF($R$4=1,1,IF($R$4=2,$G14,$F14)),"") | AI14: =IF(AND($I14<=($R$2+160),$J14>=($R$2+154)),IF($R$4=1,1,IF($R$4=2,$G14,$F14)),"") | AJ14: =IF(AND($I14<=($R$2+167),$J14>=($R$2+161)),IF($R$4=1,1,IF($R$4=2,$G14,$F14)),"") | AK14: =IF(AND($I14<=($R$2+174),$J14>=($R$2+168)),IF($R$4=1,1,IF($R$4=2,$G14,$F14)),"") | AL14: =IF(AND($I14<=($R$2+181),$J14>=($R$2+175)),IF($R$4=1,1,IF($R$4=2,$G14,$F14)),"")
A15: CV-09 | B15: Đào móng phân đoạn 3 (Cống đôi 2x(3x3)) | C15: 12500 | D15: m3 | E15: 357.14 | F15: 1 | G15: 4 | H15: 35 | I15: =J12+1 | J15: =I15+H15-1 | K15: CV-06 | L15: CRITICAL | M15: =IF(AND($I15<=($R$2+6),$J15>=($R$2+0)),IF($R$4=1,1,IF($R$4=2,$G15,$F15)),"") | N15: =IF(AND($I15<=($R$2+13),$J15>=($R$2+7)),IF($R$4=1,1,IF($R$4=2,$G15,$F15)),"") | O15: =IF(AND($I15<=($R$2+20),$J15>=($R$2+14)),IF($R$4=1,1,IF($R$4=2,$G15,$F15)),"") | P15: =IF(AND($I15<=($R$2+27),$J15>=($R$2+21)),IF($R$4=1,1,IF($R$4=2,$G15,$F15)),"") | Q15: =IF(AND($I15<=($R$2+34),$J15>=($R$2+28)),IF($R$4=1,1,IF($R$4=2,$G15,$F15)),"") | R15: =IF(AND($I15<=($R$2+41),$J15>=($R$2+35)),IF($R$4=1,1,IF($R$4=2,$G15,$F15)),"") | S15: =IF(AND($I15<=($R$2+48),$J15>=($R$2+42)),IF($R$4=1,1,IF($R$4=2,$G15,$F15)),"") | T15: =IF(AND($I15<=($R$2+55),$J15>=($R$2+49)),IF($R$4=1,1,IF($R$4=2,$G15,$F15)),"") | U15: =IF(AND($I15<=($R$2+62),$J15>=($R$2+56)),IF($R$4=1,1,IF($R$4=2,$G15,$F15)),"") | V15: =IF(AND($I15<=($R$2+69),$J15>=($R$2+63)),IF($R$4=1,1,IF($R$4=2,$G15,$F15)),"") | W15: =IF(AND($I15<=($R$2+76),$J15>=($R$2+70)),IF($R$4=1,1,IF($R$4=2,$G15,$F15)),"") | X15: =IF(AND($I15<=($R$2+83),$J15>=($R$2+77)),IF($R$4=1,1,IF($R$4=2,$G15,$F15)),"") | Y15: =IF(AND($I15<=($R$2+90),$J15>=($R$2+84)),IF($R$4=1,1,IF($R$4=2,$G15,$F15)),"") | Z15: =IF(AND($I15<=($R$2+97),$J15>=($R$2+91)),IF($R$4=1,1,IF($R$4=2,$G15,$F15)),"") | AA15: =IF(AND($I15<=($R$2+104),$J15>=($R$2+98)),IF($R$4=1,1,IF($R$4=2,$G15,$F15)),"") | AB15: =IF(AND($I15<=($R$2+111),$J15>=($R$2+105)),IF($R$4=1,1,IF($R$4=2,$G15,$F15)),"") | AC15: =IF(AND($I15<=($R$2+118),$J15>=($R$2+112)),IF($R$4=1,1,IF($R$4=2,$G15,$F15)),"") | AD15: =IF(AND($I15<=($R$2+125),$J15>=($R$2+119)),IF($R$4=1,1,IF($R$4=2,$G15,$F15)),"") | AE15: =IF(AND($I15<=($R$2+132),$J15>=($R$2+126)),IF($R$4=1,1,IF($R$4=2,$G15,$F15)),"") | AF15: =IF(AND($I15<=($R$2+139),$J15>=($R$2+133)),IF($R$4=1,1,IF($R$4=2,$G15,$F15)),"") | AG15: =IF(AND($I15<=($R$2+146),$J15>=($R$2+140)),IF($R$4=1,1,IF($R$4=2,$G15,$F15)),"") | AH15: =IF(AND($I15<=($R$2+153),$J15>=($R$2+147)),IF($R$4=1,1,IF($R$4=2,$G15,$F15)),"") | AI15: =IF(AND($I15<=($R$2+160),$J15>=($R$2+154)),IF($R$4=1,1,IF($R$4=2,$G15,$F15)),"") | AJ15: =IF(AND($I15<=($R$2+167),$J15>=($R$2+161)),IF($R$4=1,1,IF($R$4=2,$G15,$F15)),"") | AK15: =IF(AND($I15<=($R$2+174),$J15>=($R$2+168)),IF($R$4=1,1,IF($R$4=2,$G15,$F15)),"") | AL15: =IF(AND($I15<=($R$2+181),$J15>=($R$2+175)),IF($R$4=1,1,IF($R$4=2,$G15,$F15)),"")
A16: CV-10 | B16: Bê tông cống đôi 2x(3x3) phân đoạn 3 | C16: 4200 | D16: m3 | E16: 93.33 | F16: 1 | G16: 14 | H16: 45 | I16: =J15+1 | J16: =I16+H16-1 | K16: CV-09 | L16: CRITICAL | M16: =IF(AND($I16<=($R$2+6),$J16>=($R$2+0)),IF($R$4=1,1,IF($R$4=2,$G16,$F16)),"") | N16: =IF(AND($I16<=($R$2+13),$J16>=($R$2+7)),IF($R$4=1,1,IF($R$4=2,$G16,$F16)),"") | O16: =IF(AND($I16<=($R$2+20),$J16>=($R$2+14)),IF($R$4=1,1,IF($R$4=2,$G16,$F16)),"") | P16: =IF(AND($I16<=($R$2+27),$J16>=($R$2+21)),IF($R$4=1,1,IF($R$4=2,$G16,$F16)),"") | Q16: =IF(AND($I16<=($R$2+34),$J16>=($R$2+28)),IF($R$4=1,1,IF($R$4=2,$G16,$F16)),"") | R16: =IF(AND($I16<=($R$2+41),$J16>=($R$2+35)),IF($R$4=1,1,IF($R$4=2,$G16,$F16)),"") | S16: =IF(AND($I16<=($R$2+48),$J16>=($R$2+42)),IF($R$4=1,1,IF($R$4=2,$G16,$F16)),"") | T16: =IF(AND($I16<=($R$2+55),$J16>=($R$2+49)),IF($R$4=1,1,IF($R$4=2,$G16,$F16)),"") | U16: =IF(AND($I16<=($R$2+62),$J16>=($R$2+56)),IF($R$4=1,1,IF($R$4=2,$G16,$F16)),"") | V16: =IF(AND($I16<=($R$2+69),$J16>=($R$2+63)),IF($R$4=1,1,IF($R$4=2,$G16,$F16)),"") | W16: =IF(AND($I16<=($R$2+76),$J16>=($R$2+70)),IF($R$4=1,1,IF($R$4=2,$G16,$F16)),"") | X16: =IF(AND($I16<=($R$2+83),$J16>=($R$2+77)),IF($R$4=1,1,IF($R$4=2,$G16,$F16)),"") | Y16: =IF(AND($I16<=($R$2+90),$J16>=($R$2+84)),IF($R$4=1,1,IF($R$4=2,$G16,$F16)),"") | Z16: =IF(AND($I16<=($R$2+97),$J16>=($R$2+91)),IF($R$4=1,1,IF($R$4=2,$G16,$F16)),"") | AA16: =IF(AND($I16<=($R$2+104),$J16>=($R$2+98)),IF($R$4=1,1,IF($R$4=2,$G16,$F16)),"") | AB16: =IF(AND($I16<=($R$2+111),$J16>=($R$2+105)),IF($R$4=1,1,IF($R$4=2,$G16,$F16)),"") | AC16: =IF(AND($I16<=($R$2+118),$J16>=($R$2+112)),IF($R$4=1,1,IF($R$4=2,$G16,$F16)),"") | AD16: =IF(AND($I16<=($R$2+125),$J16>=($R$2+119)),IF($R$4=1,1,IF($R$4=2,$G16,$F16)),"") | AE16: =IF(AND($I16<=($R$2+132),$J16>=($R$2+126)),IF($R$4=1,1,IF($R$4=2,$G16,$F16)),"") | AF16: =IF(AND($I16<=($R$2+139),$J16>=($R$2+133)),IF($R$4=1,1,IF($R$4=2,$G16,$F16)),"") | AG16: =IF(AND($I16<=($R$2+146),$J16>=($R$2+140)),IF($R$4=1,1,IF($R$4=2,$G16,$F16)),"") | AH16: =IF(AND($I16<=($R$2+153),$J16>=($R$2+147)),IF($R$4=1,1,IF($R$4=2,$G16,$F16)),"") | AI16: =IF(AND($I16<=($R$2+160),$J16>=($R$2+154)),IF($R$4=1,1,IF($R$4=2,$G16,$F16)),"") | AJ16: =IF(AND($I16<=($R$2+167),$J16>=($R$2+161)),IF($R$4=1,1,IF($R$4=2,$G16,$F16)),"") | AK16: =IF(AND($I16<=($R$2+174),$J16>=($R$2+168)),IF($R$4=1,1,IF($R$4=2,$G16,$F16)),"") | AL16: =IF(AND($I16<=($R$2+181),$J16>=($R$2+175)),IF($R$4=1,1,IF($R$4=2,$G16,$F16)),"")
A17: CV-11 | B17: Chống thấm, chèn khe co giãn bitum & Lấp đất | C17: 11081.91 | D17: m3 | E17: 738.79 | F17: 1 | G17: 6 | H17: 15 | I17: =J16+1 | J17: =I17+H17-1 | K17: CV-10 | L17: CRITICAL | M17: =IF(AND($I17<=($R$2+6),$J17>=($R$2+0)),IF($R$4=1,1,IF($R$4=2,$G17,$F17)),"") | N17: =IF(AND($I17<=($R$2+13),$J17>=($R$2+7)),IF($R$4=1,1,IF($R$4=2,$G17,$F17)),"") | O17: =IF(AND($I17<=($R$2+20),$J17>=($R$2+14)),IF($R$4=1,1,IF($R$4=2,$G17,$F17)),"") | P17: =IF(AND($I17<=($R$2+27),$J17>=($R$2+21)),IF($R$4=1,1,IF($R$4=2,$G17,$F17)),"") | Q17: =IF(AND($I17<=($R$2+34),$J17>=($R$2+28)),IF($R$4=1,1,IF($R$4=2,$G17,$F17)),"") | R17: =IF(AND($I17<=($R$2+41),$J17>=($R$2+35)),IF($R$4=1,1,IF($R$4=2,$G17,$F17)),"") | S17: =IF(AND($I17<=($R$2+48),$J17>=($R$2+42)),IF($R$4=1,1,IF($R$4=2,$G17,$F17)),"") | T17: =IF(AND($I17<=($R$2+55),$J17>=($R$2+49)),IF($R$4=1,1,IF($R$4=2,$G17,$F17)),"") | U17: =IF(AND($I17<=($R$2+62),$J17>=($R$2+56)),IF($R$4=1,1,IF($R$4=2,$G17,$F17)),"") | V17: =IF(AND($I17<=($R$2+69),$J17>=($R$2+63)),IF($R$4=1,1,IF($R$4=2,$G17,$F17)),"") | W17: =IF(AND($I17<=($R$2+76),$J17>=($R$2+70)),IF($R$4=1,1,IF($R$4=2,$G17,$F17)),"") | X17: =IF(AND($I17<=($R$2+83),$J17>=($R$2+77)),IF($R$4=1,1,IF($R$4=2,$G17,$F17)),"") | Y17: =IF(AND($I17<=($R$2+90),$J17>=($R$2+84)),IF($R$4=1,1,IF($R$4=2,$G17,$F17)),"") | Z17: =IF(AND($I17<=($R$2+97),$J17>=($R$2+91)),IF($R$4=1,1,IF($R$4=2,$G17,$F17)),"") | AA17: =IF(AND($I17<=($R$2+104),$J17>=($R$2+98)),IF($R$4=1,1,IF($R$4=2,$G17,$F17)),"") | AB17: =IF(AND($I17<=($R$2+111),$J17>=($R$2+105)),IF($R$4=1,1,IF($R$4=2,$G17,$F17)),"") | AC17: =IF(AND($I17<=($R$2+118),$J17>=($R$2+112)),IF($R$4=1,1,IF($R$4=2,$G17,$F17)),"") | AD17: =IF(AND($I17<=($R$2+125),$J17>=($R$2+119)),IF($R$4=1,1,IF($R$4=2,$G17,$F17)),"") | AE17: =IF(AND($I17<=($R$2+132),$J17>=($R$2+126)),IF($R$4=1,1,IF($R$4=2,$G17,$F17)),"") | AF17: =IF(AND($I17<=($R$2+139),$J17>=($R$2+133)),IF($R$4=1,1,IF($R$4=2,$G17,$F17)),"") | AG17: =IF(AND($I17<=($R$2+146),$J17>=($R$2+140)),IF($R$4=1,1,IF($R$4=2,$G17,$F17)),"") | AH17: =IF(AND($I17<=($R$2+153),$J17>=($R$2+147)),IF($R$4=1,1,IF($R$4=2,$G17,$F17)),"") | AI17: =IF(AND($I17<=($R$2+160),$J17>=($R$2+154)),IF($R$4=1,1,IF($R$4=2,$G17,$F17)),"") | AJ17: =IF(AND($I17<=($R$2+167),$J17>=($R$2+161)),IF($R$4=1,1,IF($R$4=2,$G17,$F17)),"") | AK17: =IF(AND($I17<=($R$2+174),$J17>=($R$2+168)),IF($R$4=1,1,IF($R$4=2,$G17,$F17)),"") | AL17: =IF(AND($I17<=($R$2+181),$J17>=($R$2+175)),IF($R$4=1,1,IF($R$4=2,$G17,$F17)),"")
A18: CV-12 | B18: Nghiệm thu hoàn thành & Bàn giao thông tuyến | C18: 1 | D18: hồ sơ | E18: 0.2 | F18: 1 | G18: 8 | H18: 5 | I18: =J17+1 | J18: =I18+H18-1 | K18: CV-11 | L18: CRITICAL | M18: =IF(AND($I18<=($R$2+6),$J18>=($R$2+0)),IF($R$4=1,1,IF($R$4=2,$G18,$F18)),"") | N18: =IF(AND($I18<=($R$2+13),$J18>=($R$2+7)),IF($R$4=1,1,IF($R$4=2,$G18,$F18)),"") | O18: =IF(AND($I18<=($R$2+20),$J18>=($R$2+14)),IF($R$4=1,1,IF($R$4=2,$G18,$F18)),"") | P18: =IF(AND($I18<=($R$2+27),$J18>=($R$2+21)),IF($R$4=1,1,IF($R$4=2,$G18,$F18)),"") | Q18: =IF(AND($I18<=($R$2+34),$J18>=($R$2+28)),IF($R$4=1,1,IF($R$4=2,$G18,$F18)),"") | R18: =IF(AND($I18<=($R$2+41),$J18>=($R$2+35)),IF($R$4=1,1,IF($R$4=2,$G18,$F18)),"") | S18: =IF(AND($I18<=($R$2+48),$J18>=($R$2+42)),IF($R$4=1,1,IF($R$4=2,$G18,$F18)),"") | T18: =IF(AND($I18<=($R$2+55),$J18>=($R$2+49)),IF($R$4=1,1,IF($R$4=2,$G18,$F18)),"") | U18: =IF(AND($I18<=($R$2+62),$J18>=($R$2+56)),IF($R$4=1,1,IF($R$4=2,$G18,$F18)),"") | V18: =IF(AND($I18<=($R$2+69),$J18>=($R$2+63)),IF($R$4=1,1,IF($R$4=2,$G18,$F18)),"") | W18: =IF(AND($I18<=($R$2+76),$J18>=($R$2+70)),IF($R$4=1,1,IF($R$4=2,$G18,$F18)),"") | X18: =IF(AND($I18<=($R$2+83),$J18>=($R$2+77)),IF($R$4=1,1,IF($R$4=2,$G18,$F18)),"") | Y18: =IF(AND($I18<=($R$2+90),$J18>=($R$2+84)),IF($R$4=1,1,IF($R$4=2,$G18,$F18)),"") | Z18: =IF(AND($I18<=($R$2+97),$J18>=($R$2+91)),IF($R$4=1,1,IF($R$4=2,$G18,$F18)),"") | AA18: =IF(AND($I18<=($R$2+104),$J18>=($R$2+98)),IF($R$4=1,1,IF($R$4=2,$G18,$F18)),"") | AB18: =IF(AND($I18<=($R$2+111),$J18>=($R$2+105)),IF($R$4=1,1,IF($R$4=2,$G18,$F18)),"") | AC18: =IF(AND($I18<=($R$2+118),$J18>=($R$2+112)),IF($R$4=1,1,IF($R$4=2,$G18,$F18)),"") | AD18: =IF(AND($I18<=($R$2+125),$J18>=($R$2+119)),IF($R$4=1,1,IF($R$4=2,$G18,$F18)),"") | AE18: =IF(AND($I18<=($R$2+132),$J18>=($R$2+126)),IF($R$4=1,1,IF($R$4=2,$G18,$F18)),"") | AF18: =IF(AND($I18<=($R$2+139),$J18>=($R$2+133)),IF($R$4=1,1,IF($R$4=2,$G18,$F18)),"") | AG18: =IF(AND($I18<=($R$2+146),$J18>=($R$2+140)),IF($R$4=1,1,IF($R$4=2,$G18,$F18)),"") | AH18: =IF(AND($I18<=($R$2+153),$J18>=($R$2+147)),IF($R$4=1,1,IF($R$4=2,$G18,$F18)),"") | AI18: =IF(AND($I18<=($R$2+160),$J18>=($R$2+154)),IF($R$4=1,1,IF($R$4=2,$G18,$F18)),"") | AJ18: =IF(AND($I18<=($R$2+167),$J18>=($R$2+161)),IF($R$4=1,1,IF($R$4=2,$G18,$F18)),"") | AK18: =IF(AND($I18<=($R$2+174),$J18>=($R$2+168)),IF($R$4=1,1,IF($R$4=2,$G18,$F18)),"") | AL18: =IF(AND($I18<=($R$2+181),$J18>=($R$2+175)),IF($R$4=1,1,IF($R$4=2,$G18,$F18)),"")

Sheet HOSO_KCS_NGHIEM_THU
A1: DANH MỤC BIÊN BẢN NGHIỆM THU KCS QUẢN LÝ CHẤT LƯỢNG
A2: Căn cứ: Nghị định 207/2026/NĐ-CP & Thông tư 32/2026/TT-BXD | Ma trận logic chéo ngày tháng
A4: SỐ BB | B4: TÊN BIÊN BẢN NGHIỆM THU CÔNG VIỆC | C4: ĐỐI TƯỢNG NGHIỆM THU | D4: NGÀY BẮT ĐẦU | E4: NGÀY NGHIỆM THU | F4: KẾT QUẢ | G4: THÀNH PHẦN KÝ
A5: BB-01 | B5: Nghiệm thu trắc đạc tim mốc định vị tuyến cống A5 | C5: Tim mốc Km0 - Km2+170 | D5: 01/10/2026 | E5: 05/10/2026 | F5: ĐẠT CHUẨN | G5: TVGS + Nhà thầu
A6: BB-02 | B6: Nghiệm thu hố móng cống đoạn T5-a17 đến T5-a28 | C6: Cao độ đáy móng -0.80m | D6: 06/10/2026 | E6: 20/10/2026 | F6: ĐẠT CHUẨN | G6: TVGS + Nhà thầu
A7: BB-03 | B7: Nghiệm thu đóng cọc tre & đệm cát K95 | C7: 25 cọc/m2, cát hạt trung | D7: 21/10/2026 | E7: 30/10/2026 | F7: ĐẠT CHUẨN | G7: TVGS + Nhà thầu
A8: BB-04 | B8: Nghiệm thu bê tông lót móng M100 | C8: Bê tông dày 50mm | D8: 31/10/2026 | E8: 04/11/2026 | F8: ĐẠT CHUẨN | G8: TVGS + Nhà thầu
A9: BB-05 | B9: Nghiệm thu cốt thép thân cống hộp 2.0x2.0m | C9: Thép CB240-T, CB500-V | D9: 05/11/2026 | E9: 20/11/2026 | F9: ĐẠT CHUẨN | G9: TVGS + Nhà thầu
A10: BB-06 | B10: Nghiệm thu ván khuôn cống hộp 2.0x2.0m | C10: Ván khuôn phủ phim 18mm | D10: 21/11/2026 | E10: 25/11/2026 | F10: ĐẠT CHUẨN | G10: TVGS + Nhà thầu
A11: BB-07 | B11: Nghiệm thu bê tông thân cống B20 (M250) | C11: Mẫu nén R28 đạt 28.5 MPa | D11: 26/11/2026 | E11: 28/11/2026 | F11: ĐẠT CHUẨN | G11: TVGS + Nhà thầu
A12: BB-08 | B12: Nghiệm thu chống thấm & chèn khe co giãn bitum | C12: Sơn bitum + xốp cao su | D12: 29/11/2026 | E12: 05/12/2026 | F12: ĐẠT CHUẨN | G12: TVGS + Nhà thầu
A13: BB-09 | B13: Nghiệm thu lấp cát mang cống đầm chặt K98 | C13: Độ chặt K=0.98 | D13: 06/12/2026 | E13: 15/12/2026 | F13: ĐẠT CHUẨN | G13: TVGS + Nhà thầu
A14: BB-10 | B14: Nghiệm thu hoàn thành giai đoạn cống đơn 2.0x2.0m | C14: Toàn bộ đoạn 385m | D14: 16/12/2026 | E14: 20/12/2026 | F14: ĐẠT CHUẨN | G14: CĐT + TVGS + TVTK + NT

Sheet MAU_BIEN_BAN_KCS
A1: HỒ SƠ MAU_BIEN_BAN_KCS - CỐNG HỘP TUYẾN A5
A2: Dữ liệu đồng bộ trực tiếp từ Master State Bus - 100% Zero Broken Links
A3: CHƯA LẬP — chưa có dữ liệu cho dự án này. Không xuất thành hồ sơ riêng cho tới khi có nội dung.

Sheet MAU_BB_NGHIEM_THU_VAT_LIEU
A1: HỒ SƠ MAU_BB_NGHIEM_THU_VAT_LIEU - CỐNG HỘP TUYẾN A5
A2: Dữ liệu đồng bộ trực tiếp từ Master State Bus - 100% Zero Broken Links
A3: CHƯA LẬP — chưa có dữ liệu cho dự án này. Không xuất thành hồ sơ riêng cho tới khi có nội dung.

Sheet MAU_BB_LAY_MAU_HIEN_TRUONG
A1: HỒ SƠ MAU_BB_LAY_MAU_HIEN_TRUONG - CỐNG HỘP TUYẾN A5
A2: Dữ liệu đồng bộ trực tiếp từ Master State Bus - 100% Zero Broken Links
A3: CHƯA LẬP — chưa có dữ liệu cho dự án này. Không xuất thành hồ sơ riêng cho tới khi có nội dung.
