Workbook

Sheet 📑 Tổng Hợp BoQ
B2: BẢNG TỔNG HỢP TIÊN LƯỢNG KHỐI LƯỢNG (BoQ) HỆ THỐNG THOÁT NƯỚC THẢI
B3: DỰ ÁN: KHU ĐÔ THỊ VINHOMES — LÔ B9.2, B9.3, B9.4 (MẶT BẰNG THOÁT NƯỚC THẢI TOÀN KHU)
B4: Chủ đầu tư: Vinhomes PMU | Nhà thầu: Vinalpha | Số liệu trích xuất CAD 100% | Đầy đủ Tọa độ Trục X - Y
B6: STT | C6: Mã hiệu ĐM | D6: Nội dung công việc | E6: ĐVT | F6: Khối lượng | G6: Liên kết bảng chi tiết | H6: Ghi chú kỹ thuật
B7: A | D7: HẠNG MỤC I: CỐNG THOÁT NƯỚC THẢI (D300 & D800)
B8: 1 | C8: AB.24111 | D8: Đào đất rãnh đặt cống thoát nước thải bằng máy đào kết hợp thủ công (đất cấp II) | E8: m3 | F8: ='📊 Bóc Tách Cống'!L13 -> 38386.717 | G8: 📊 Bóc Tách Cống | H8: Đào hào hình thang taluy m=0.33
B9: 2 | C9: AB.65111 | D9: Đắp cát đệm bảo vệ cống & đắp đất rãnh cống hoàn trả đầm chặt K95 | E9: m3 | F9: ='📊 Bóc Tách Cống'!L18 -> 37508.081 | G9: 📊 Bóc Tách Cống | H9: Đắp hoàn trả trừ thể tích ống
B10: 3 | C10: AB.71112 | D10: Vận chuyển đất đào thừa đổ đi bãi tập kết quy định bằng ô tô tự đổ 10T | E10: m3 | F10: ='📊 Bóc Tách Cống'!L22 -> 10336.226 | G10: 📊 Bóc Tách Cống | H10: Đất thừa = Đào - Đắp
B11: 4 | C11: BB.11101 | D11: Cung cấp và lắp đặt cống HDPE 2 lớp SN4 D300 trên vỉa hè / rãnh kỹ thuật | E11: m | F11: ='📊 Bóc Tách Cống'!L26 -> 20442.478 | G11: 📊 Bóc Tách Cống | H11: 852 đoạn cống dọc vỉa hè
B12: 5 | C12: BB.11102 | D12: Cung cấp và lắp đặt cống HDPE 2 vách SN8 D300 chịu lực dưới lòng đường | E12: m | F12: ='📊 Bóc Tách Cống'!L30 -> 1617.1342 | G12: 📊 Bóc Tách Cống | H12: 106 đoạn cống băng ngang đường
B13: 6 | C13: BB.12104 | D13: Cung cấp và lắp đặt cống bê tông cốt thép đúc sẵn D800 chịu tải trọng TC | E13: m | F13: ='📊 Bóc Tách Cống'!L34 -> 177.45801 | G13: 📊 Bóc Tách Cống | H13: 9 đoạn cống BTCT đúc sẵn qua đường
B14: B | D14: HẠNG MỤC II: HỐ GA THOÁT NƯỚC THẢI (TB41 & GA THĂM TOÀN KHU)
B15: 7 | C15: AB.25111 | D15: Đào đất hố móng ga thoát nước thải bằng máy đào kết hợp thủ công (đất cấp II) | E15: m3 | F15: ='📊 Bóc Tách Hố Ga'!L14 -> 5409.694 | G15: 📊 Bóc Tách Hố Ga | H15: Đào móng 990 hố ga theo 3 cấp độ sâu
B16: 8 | C16: AF.11111 | D16: Bê tông lót móng hố ga M100 đá 4x6 dày 100mm | E16: m3 | F16: ='📊 Bóc Tách Hố Ga'!L18 -> 222.75 | G16: 📊 Bóc Tách Hố Ga | H16: Bê tông lót đáy hố móng 1.5x1.5m
B17: 9 | C17: AF.81111 | D17: Ván khuôn bê tông lót móng hố ga | E17: m2 | F17: ='📊 Bóc Tách Hố Ga'!L22 -> 594 | G17: 📊 Bóc Tách Hố Ga | H17: Ván khuôn thành đệm lót dày 100mm
B18: 10 | C18: AF.21111 | D18: Bê tông thành và đáy hố ga C20/M200 (đúc sẵn hoặc đổ tại chỗ) | E18: m3 | F18: ='📊 Bóc Tách Hố Ga'!L27 -> 1038.2757 | G18: 📊 Bóc Tách Hố Ga | H18: Đáy dày 15cm, thành dày 15cm
B19: 11 | C19: AF.82111 | D19: Ván khuôn thân và thành hố ga (2 mặt trong và ngoài) | E19: m2 | F19: ='📊 Bóc Tách Hố Ga'!L31 -> 10497.476 | G19: 📊 Bóc Tách Hố Ga | H19: Ván khuôn thành hố ga
B20: 12 | C20: AF.61111 | D20: Cốt thép hố ga CB300-V (đường kính <= 18mm) | E20: kg | F20: ='📊 Bóc Tách Hố Ga'!L35 -> 67487.921 | G20: 📊 Bóc Tách Hố Ga | H20: Định mức 65 kg/m3 bê tông
B21: 13 | C21: BB.81111 | D21: Sản xuất và lắp đặt nắp hố ga gang cầu / composite ngăn mùi / song chắn rác | E21: bộ | F21: ='📊 Bóc Tách Hố Ga'!L39 -> 990 | G21: 📊 Bóc Tách Hố Ga | H21: 990 bộ nắp chuẩn TB41 và ga D800
B22: 14 | C22: AB.65112 | D22: Đắp đất hố móng xung quanh thành ga hoàn trả đầm chặt K95 | E22: m3 | F22: ='📊 Bóc Tách Hố Ga'!L43 -> 3007.6383 | G22: 📊 Bóc Tách Hố Ga | H22: Đắp hoàn trả mang hố ga
B23: 15 | C23: AB.71113 | D23: Vận chuyển đất đào thừa hố ga đổ đi bãi tập kết quy định bằng ô tô tự đổ 10T | E23: m3 | F23: ='📊 Bóc Tách Hố Ga'!L47 -> 2762.3641 | G23: 📊 Bóc Tách Hố Ga | H23: Đất thừa hố móng ga = Đào - Đắp

Sheet 📊 Bóc Tách Cống
B2: BẢNG TÍNH BÓC TÁCH CHI TIẾT KHỐI LƯỢNG HỆ THỐNG CỐNG THOÁT NƯỚC THẢI
B3: Căn cứ hình học CAD 100% (852 đoạn D300 hè, 106 đoạn D300 qua đường, 9 đoạn D800 BTCT) | 100% CÔNG THỨC SỐNG
B5: STT | C5: Mã hiệu ĐM | D5: Nội dung công tác & Diễn giải khối lượng | E5: ĐVT | F5: Số lượng | G5: Dài L (m) | H5: Rộng B (m) | I5: Cao H (m) | J5: Hệ số | K5: Công thức diễn giải | L5: Khối lượng | M5: Ghi chú
B6: A | D6: CỐNG THOÁT NƯỚC THẢI KHU B9.2, B9.3, B9.4 (CAD 100%)
B7: 1 | C7: AB.24111 | D7: Đào đất rãnh đặt cống thoát nước thải bằng máy đào kết hợp thủ công (đất cấp II) | E7: m3
D8: Đào rãnh cống HDPE D300 trên vỉa hè (852 đoạn cống dọc vỉa hè) | E8: m3 | F8: 1 | G8: ='📋 CSDL Tuyến Cống'!G4 -> 20240.077 | H8: 0.85 | I8: 1.28 | J8: 1 | K8: =F8*G8*(H8*I8+0.33*I8^2)*J8 -> 32964.447 | L8: =F8*G8*(H8*I8+0.33*I8^2)*J8 -> 32964.447 | M8: Hào đào hình thang m=0.33
D9: Đào rãnh cống HDPE D300 băng ngang lòng đường (106 đoạn) | E9: m3 | F9: 1 | G9: ='📋 CSDL Tuyến Cống'!G2 -> 1601.123 | H9: 0.9 | I9: 1.35 | J9: 1 | K9: =F9*G9*(H9*I9+0.33*I9^2)*J9 -> 2908.3198 | L9: =F9*G9*(H9*I9+0.33*I9^2)*J9 -> 2908.3198 | M9: Hào đào qua đường m=0.33
D10: Đào rãnh cống BTCT D800 đúc sẵn qua đường (9 đoạn) | E10: m3 | F10: 1 | G10: ='📋 CSDL Tuyến Cống'!G3 -> 175.701 | H10: 1.5 | I10: 1.85 | J10: 1 | K10: =F10*G10*(H10*I10+0.33*I10^2)*J10 -> 686.01138 | L10: =F10*G10*(H10*I10+0.33*I10^2)*J10 -> 686.01138 | M10: Cống D800 m=0.33
D11: Đào mở rộng tại vị trí nối ga / mở rộng hố đấu nối (5%) | E11: m3 | F11: 1 | G11: =SUM(L8:L10) -> 36558.778 | H11: 1 | I11: 1 | J11: 0.05 | K11: =G11*J11 -> 1827.9389 | L11: =G11*J11 -> 1827.9389 | M11: 5% đào mở rộng kỹ thuật
D13: CỘNG CÔNG TÁC ĐÀO ĐẤT RÃNH CỐNG (AB.24111) | E13: m3 | L13: =SUM(L8:L11) -> 38386.717
B14: 2 | C14: AB.65111 | D14: Đắp cát đệm bảo vệ cống & đắp đất rãnh cống hoàn trả đầm chặt K95 | E14: m3
D15: Đệm cát lót đáy cống dày 100mm (D300 hè, đường & D800) | E15: m3 | F15: 1 | G15: ='📋 CSDL Tuyến Cống'!G4+'📋 CSDL Tuyến Cống'!G2 -> 21841.2 | H15: 0.85 | I15: 0.1 | J15: 1 | K15: =F15*G15*H15*I15*J15 -> 1856.502 | L15: =F15*G15*H15*I15*J15 -> 1856.502 | M15: Đệm cát đáy hào dày 10cm
D16: Đắp cát bao bọc bảo vệ ống cống đến lưng cống +20cm (K95) | E16: m3 | F16: 1 | G16: ='📋 CSDL Tuyến Cống'!G4+'📋 CSDL Tuyến Cống'!G2 -> 21841.2 | H16: 0.85 | I16: 0.45 | J16: 1 | K16: =F16*G16*(H16*I16-3.1416*0.35^2/4)*J16 -> 6252.8844 | L16: =F16*G16*(H16*I16-3.1416*0.35^2/4)*J16 -> 6252.8844 | M16: Cát bọc thân ống
D17: Đắp đất hoàn trả rãnh cống đầm chặt K95 (trừ kết cấu áo đường & cát) | E17: m3 | F17: 1 | G17: =L13-L15-L16-('📋 CSDL Tuyến Cống'!G2*0.9*0.5)-('📋 CSDL Tuyến Cống'!G3*1.5*0.6) -> 29398.694 | H17: 1 | I17: 1 | J17: 1 | K17: =G17*J17 -> 29398.694 | L17: =G17*J17 -> 29398.694 | M17: Đất đắp hoàn trả K95
D18: CỘNG CÔNG TÁC ĐẮP CÁT & ĐẤT HOÀN TRẢ CỐNG (AB.65111) | E18: m3 | L18: =SUM(L15:L17) -> 37508.081
B19: 3 | C19: AB.71112 | D19: Vận chuyển đất đào thừa đổ đi bãi tập kết quy định bằng ô tô tự đổ 10T | E19: m3
D20: Đất thừa rãnh cống đào ra không dùng đắp (bằng Đào - Đắp đất) | E20: m3 | F20: 1 | G20: =L13-L17 -> 8988.0226 | H20: 1 | I20: 1 | J20: 1 | K20: =G20*J20 -> 8988.0226 | L20: =G20*J20 -> 8988.0226 | M20: Đất thừa = Đào hào - Đắp hoàn trả
D21: Đất thừa nở rời vận chuyển ô tô (hệ số nở rời k=1.15) | E21: m3 | F21: 1 | G21: =L20 -> 8988.0226 | H21: 1 | I21: 1 | J21: 0.15 | K21: =G21*J21 -> 1348.2034 | L21: =G21*J21 -> 1348.2034 | M21: Độ nở rời 15%
D22: CỘNG CÔNG TÁC VẬN CHUYỂN ĐẤT THỪA (AB.71112) | E22: m3 | L22: =SUM(L20:L21) -> 10336.226
B23: 4 | C23: BB.11101 | D23: Cung cấp và lắp đặt cống HDPE 2 lớp SN4 D300 trên vỉa hè / rãnh kỹ thuật | E23: m
D24: Tuyến cống HDPE D300 chạy dọc vỉa hè (852 đoạn cống - trích xuất CAD) | E24: m | F24: 1 | G24: ='📋 CSDL Tuyến Cống'!G4 -> 20240.077 | H24: 1 | I24: 1 | J24: 1 | K24: =F24*G24*J24 -> 20240.077 | L24: =F24*G24*J24 -> 20240.077 | M24: HDPE gân sóng 2 lớp SN4
D25: Hao hụt cắt nối ống tại các vị trí đầu ga (1.0%) | E25: m | F25: 1 | G25: =L24 -> 20240.077 | H25: 1 | I25: 1 | J25: 0.01 | K25: =G25*J25 -> 202.40077 | L25: =G25*J25 -> 202.40077 | M25: Định mức hao hụt cống BXD
D26: CỘNG CÔNG TÁC CỐNG HDPE D300 VỈA HÈ (BB.11101) | E26: m | L26: =SUM(L24:L25) -> 20442.478
B27: 5 | C27: BB.11102 | D27: Cung cấp và lắp đặt cống HDPE 2 vách SN8 D300 chịu lực dưới lòng đường | E27: m
D28: Đoạn cống HDPE D300 băng ngang qua lòng đường (106 đoạn - trích xuất CAD) | E28: m | F28: 1 | G28: ='📋 CSDL Tuyến Cống'!G2 -> 1601.123 | H28: 1 | I28: 1 | J28: 1 | K28: =F28*G28*J28 -> 1601.123 | L28: =F28*G28*J28 -> 1601.123 | M28: HDPE 2 vách gân xoắn SN8
D29: Hao hụt cắt nối cống qua đường (1.0%) | E29: m | F29: 1 | G29: =L28 -> 1601.123 | H29: 1 | I29: 1 | J29: 0.01 | K29: =G29*J29 -> 16.01123 | L29: =G29*J29 -> 16.01123 | M29: Định mức hao hụt cống BXD
D30: CỘNG CÔNG TÁC CỐNG HDPE D300 QUA ĐƯỜNG (BB.11102) | E30: m | L30: =SUM(L28:L29) -> 1617.1342
B31: 6 | C31: BB.12104 | D31: Cung cấp và lắp đặt cống bê tông cốt thép đúc sẵn D800 chịu tải trọng TC | E31: m
D32: Đoạn cống BTCT D800 đúc sẵn qua đường (9 đoạn - trích xuất CAD) | E32: m | F32: 1 | G32: ='📋 CSDL Tuyến Cống'!G3 -> 175.701 | H32: 1 | I32: 1 | J32: 1 | K32: =F32*G32*J32 -> 175.701 | L32: =F32*G32*J32 -> 175.701 | M32: Cống BTCT D800 đúc sẵn tải H30
D33: Hao hụt cống BTCT mối nối (1.0%) | E33: m | F33: 1 | G33: =L32 -> 175.701 | H33: 1 | I33: 1 | J33: 0.01 | K33: =G33*J33 -> 1.75701 | L33: =G33*J33 -> 1.75701 | M33: Định mức hao hụt cống BXD
D34: CỘNG CÔNG TÁC CỐNG BTCT D800 (BB.12104) | E34: m | L34: =SUM(L32:L33) -> 177.45801

Sheet 📊 Bóc Tách Hố Ga
B2: BẢNG TÍNH BÓC TÁCH CHI TIẾT KHỐI LƯỢNG HỐ GA THOÁT NƯỚC THẢI (TB41)
B3: Bóc tách 990 hố ga thực tế trích xuất từ CAD theo 3 cấp độ sâu tiêu chuẩn Bộ Xây dựng | 100% CÔNG THỨC SỐNG
B5: STT | C5: Mã hiệu ĐM | D5: Nội dung công tác & Diễn giải khối lượng | E5: ĐVT | F5: Số lượng | G5: Dài L (m) | H5: Rộng B (m) | I5: Cao H (m) | J5: Hệ số | K5: Công thức diễn giải | L5: Khối lượng | M5: Ghi chú
B6: B | D6: HỐ GA THOÁT NƯỚC THẢI (990 HỐ GA - TOÀN KHU B9.2, B9.3, B9.4)
B7: 7 | C7: AB.25111 | D7: Đào đất hố móng ga thoát nước thải bằng máy đào kết hợp thủ công (đất cấp II) | E7: m3
D8: Đào hố móng ga Cấp 1 (H <= 1.5m) | E8: m3 | F8: =COUNTIF('📋 CSDL Hố Ga'!L7:L996, "*Cấp 1*") -> 769 | G8: 1.7 | H8: 1.7 | I8: =AVERAGEIFS('📋 CSDL Hố Ga'!J7:J996, '📋 CSDL Hố Ga'!L7:L996, "*Cấp 1*")+0.1 -> 1.1144733 | J8: 1 | K8: =F8*G8*H8*I8*(1+0.25*I8/G8)*J8 -> 2882.75 | L8: =F8*G8*H8*I8*(1+0.25*I8/G8)*J8 -> 2882.75 | M8: Đáy móng 1.7x1.7m taluy 0.25
D9: Đào hố móng ga Cấp 2 (1.5m < H <= 2.5m) | E9: m3 | F9: =COUNTIF('📋 CSDL Hố Ga'!L7:L996, "*Cấp 2*") -> 156 | G9: 1.8 | H9: 1.8 | I9: =AVERAGEIFS('📋 CSDL Hố Ga'!J7:J996, '📋 CSDL Hố Ga'!L7:L996, "*Cấp 2*")+0.1 -> 2.0376282 | J9: 1 | K9: =F9*G9*H9*I9*(1+0.25*I9/G9)*J9 -> 1321.3642 | L9: =F9*G9*H9*I9*(1+0.25*I9/G9)*J9 -> 1321.3642 | M9: Đáy móng 1.8x1.8m taluy 0.25
D10: Đào hố móng ga Cấp 3 (H > 2.5m) | E10: m3 | F10: =COUNTIF('📋 CSDL Hố Ga'!L7:L996, "*Cấp 3*") -> 65 | G10: 2 | H10: 2 | I10: =AVERAGEIFS('📋 CSDL Hố Ga'!J7:J996, '📋 CSDL Hố Ga'!L7:L996, "*Cấp 3*")+0.1 -> 3.2866154 | J10: 1 | K10: =F10*G10*H10*I10*(1+0.25*I10/G10)*J10 -> 1205.5798 | L10: =F10*G10*H10*I10*(1+0.25*I10/G10)*J10 -> 1205.5798 | M10: Đáy móng 2.0x2.0m taluy 0.25
D14: CỘNG CÔNG TÁC ĐÀO ĐẤT HỐ MÓNG GA (AB.25111) | E14: m3 | L14: =SUM(L8:L10) -> 5409.694
B15: 8 | C15: AF.11111 | D15: Bê tông lót móng hố ga M100 đá 4x6 dày 100mm | E15: m3
D16: Bê tông lót đáy hố móng 990 hố ga (kích thước lót 1.5m x 1.5m x 0.1m) | E16: m3 | F16: =COUNTA('📋 CSDL Hố Ga'!C7:C996) -> 990 | G16: 1.5 | H16: 1.5 | I16: 0.1 | J16: 1 | K16: =F16*G16*H16*I16*J16 -> 222.75 | L16: =F16*G16*H16*I16*J16 -> 222.75 | M16: Lót đá 4x6 M100 dày 10cm
D18: CỘNG BÊ TÔNG LÓT MÓNG HỐ GA (AF.11111) | E18: m3 | L18: =L16 -> 222.75
B19: 9 | C19: AF.81111 | D19: Ván khuôn bê tông lót móng hố ga | E19: m2
D20: Ván khuôn thành lớp bê tông lót đáy móng (chu vi 4x1.5m, cao 0.1m) | E20: m2 | F20: =COUNTA('📋 CSDL Hố Ga'!C7:C996) -> 990 | G20: 6 | H20: 1 | I20: 0.1 | J20: 1 | K20: =F20*G20*I20*J20 -> 594 | L20: =F20*G20*I20*J20 -> 594 | M20: Chu vi lót móng 4 x 1.5m
D22: CỘNG VÁN KHUÔN LÓT MÓNG HỐ GA (AF.81111) | E22: m2 | L22: =L20 -> 594
B23: 10 | C23: AF.21111 | D23: Bê tông thành và đáy hố ga C20/M200 (đúc sẵn hoặc đổ tại chỗ) | E23: m3
D24: Bê tông bản đáy hố ga dày 150mm (phủ bì 1.3m x 1.3m) | E24: m3 | F24: =COUNTA('📋 CSDL Hố Ga'!C7:C996) -> 990 | G24: 1.3 | H24: 1.3 | I24: 0.15 | J24: 1 | K24: =F24*G24*H24*I24*J24 -> 250.965 | L24: =F24*G24*H24*I24*J24 -> 250.965 | M24: Bản đáy dày 15cm
D25: Bê tông thành hố ga C20 (thành dày 150mm, tiết diện F=0.69m2) | E25: m3 | F25: =COUNTA('📋 CSDL Hố Ga'!C7:C996) -> 990 | G25: 0.69 | H25: 1 | I25: =AVERAGE('📋 CSDL Hố Ga'!J7:J996)-0.15 -> 1.1525556 | J25: 1 | K25: =F25*G25*I25*J25 -> 787.3107 | L25: =F25*G25*I25*J25 -> 787.3107 | M25: Thành dày 15cm, F=1.3^2-1.0^2
D27: CỘNG BÊ TÔNG THÀNH VÀ ĐÁY HỐ GA C20 (AF.21111) | E27: m3 | L27: =SUM(L24:L25) -> 1038.2757
B28: 11 | C28: AF.82111 | D28: Ván khuôn thân và thành hố ga (2 mặt trong và ngoài) | E28: m2
D29: Ván khuôn thành trong và ngoài hố ga (tổng chu vi 4x1.3m + 4x1.0m = 9.2m) | E29: m2 | F29: =COUNTA('📋 CSDL Hố Ga'!C7:C996) -> 990 | G29: 9.2 | H29: 1 | I29: =AVERAGE('📋 CSDL Hố Ga'!J7:J996)-0.15 -> 1.1525556 | J29: 1 | K29: =F29*G29*I29*J29 -> 10497.476 | L29: =F29*G29*I29*J29 -> 10497.476 | M29: 2 mặt ván khuôn chu vi 9.2m
D31: CỘNG VÁN KHUÔN THÀNH HỐ GA (AF.82111) | E31: m2 | L31: =L29 -> 10497.476
B32: 12 | C32: AF.61111 | D32: Cốt thép hố ga CB300-V (đường kính <= 18mm) | E32: kg
D33: Gia công lắp dựng cốt thép hố ga (hàm lượng thép 65 kg/m3 bê tông C20) | E33: kg | F33: 1 | G33: =L27 -> 1038.2757 | H33: 65 | I33: 1 | J33: 1 | K33: =G33*H33*J33 -> 67487.921 | L33: =G33*H33*J33 -> 67487.921 | M33: 65 kg/m3 bê tông C20
D35: CỘNG CỐT THÉP HỐ GA (AF.61111) | E35: kg | L35: =L33 -> 67487.921
B36: 13 | C36: BB.81111 | D36: Sản xuất và lắp đặt nắp hố ga gang cầu / composite ngăn mùi / song chắn rác | E36: bộ
D37: Bộ nắp ga gang cầu / composite ngăn mùi chuẩn TB41 và ga D800 | E37: bộ | F37: =COUNTA('📋 CSDL Hố Ga'!C7:C996) -> 990 | G37: 1 | H37: 1 | I37: 1 | J37: 1 | K37: =F37*J37 -> 990 | L37: =F37*J37 -> 990 | M37: 1 nắp / 1 hố ga
D39: CỘNG NẮP HỐ GA (BB.81111) | E39: bộ | L39: =L37 -> 990
B40: 14 | C40: AB.65112 | D40: Đắp đất hố móng xung quanh thành ga hoàn trả đầm chặt K95 | E40: m3
D41: Đắp đất hoàn trả hố ga (Đào hố ga - Thể tích bê tông ga - Bê tông lót) | E41: m3 | F41: 1 | G41: =L14-(COUNTA('📋 CSDL Hố Ga'!C7:C996)*1.3*1.3*AVERAGE('📋 CSDL Hố Ga'!J7:J996))-L18 -> 3007.6383 | H41: 1 | I41: 1 | J41: 1 | K41: =G41*J41 -> 3007.6383 | L41: =G41*J41 -> 3007.6383 | M41: Đắp đất xung quanh mang hố ga
D43: CỘNG CÔNG TÁC ĐẮP ĐẤT HOÀN TRẢ HỐ GA (AB.65112) | E43: m3 | L43: =L41 -> 3007.6383
B44: 15 | C44: AB.71113 | D44: Vận chuyển đất đào thừa hố ga đổ đi bãi tập kết quy định bằng ô tô tự đổ 10T | E44: m3
D45: Đất thừa hố ga do chiếm chỗ của bê tông ga và bê tông lót | E45: m3 | F45: 1 | G45: =L14-L43 -> 2402.0557 | H45: 1 | I45: 1 | J45: 1 | K45: =G45*J45 -> 2402.0557 | L45: =G45*J45 -> 2402.0557 | M45: Đất thừa hố ga = Đào ga - Đắp ga
D46: Đất thừa hố ga nở rời vận chuyển ô tô (hệ số k=1.15) | E46: m3 | F46: 1 | G46: =L45 -> 2402.0557 | H46: 1 | I46: 1 | J46: 0.15 | K46: =G46*J46 -> 360.30836 | L46: =G46*J46 -> 360.30836 | M46: Độ nở rời 15%
D47: CỘNG VẬN CHUYỂN ĐẤT THỪA HỐ GA (AB.71113) | E47: m3 | L47: =SUM(L45:L46) -> 2762.3641

Sheet 📋 CSDL Hố Ga
B2: CƠ SỞ DỮ LIỆU TOÀN BỘ 990 HỐ GA THOÁT NƯỚC THẢI (TRÍCH XUẤT CAD 100%)
B3: Bao gồm Handle CAD, Tên ga, Loại ga, Tọa độ Trục X (Bắc), Trục Y (Đông) VN-2000, Cốt đỉnh, Cốt đáy, Chiều sâu H và Phân cấp BXD
B5: STT | C5: Handle CAD | D5: Tên Hố Ga | E5: Loại Ga | F5: Tọa độ Trục X (VN-2000 / Bắc) | G5: Tọa độ Trục Y (VN-2000 / Đông) | H5: Cốt đỉnh MG (m) | I5: Cốt đáy DC (m) | J5: Chiều sâu H (m) | K5: Công thức H | L5: Phân cấp BXD | M5: Trạng thái QA/QC
B6: TỔNG | D6: 990 HỐ GA | J6: TB Chiều sâu = | K6: =AVERAGE(J7:J996) -> 1.3025556
B7: 1 | C7: C8FE38 | D7: AR184 | E7: TB41 | F7: 2305604.6 | G7: 585610.41 | H7: 5.43 | I7: 4.65 | J7: =H7-I7 -> 0.78 | K7: H7-I7 | L7: Cấp 1 (H <= 1.5m) | M7: ĐẠT CHUẨN
B8: 2 | C8: C8FE69 | D8: AR202 | E8: TB41 | F8: 2305303.7 | G8: 585813.11 | H8: 5.37 | I8: 4.59 | J8: =H8-I8 -> 0.78 | K8: H8-I8 | L8: Cấp 1 (H <= 1.5m) | M8: ĐẠT CHUẨN
B9: 3 | C9: C8FE9A | D9: AR202.1 | E9: TB41 | F9: 2305325.3 | G9: 585798.63 | H9: 5.38 | I9: 4.48 | J9: =H9-I9 -> 0.9 | K9: H9-I9 | L9: Cấp 1 (H <= 1.5m) | M9: ĐẠT CHUẨN
B10: 4 | C10: C8FECB | D10: AR203 | E10: TB41 | F10: 2305388 | G10: 585755.65 | H10: 5.4 | I10: 4.29 | J10: =H10-I10 -> 1.11 | K10: H10-I10 | L10: Cấp 1 (H <= 1.5m) | M10: ĐẠT CHUẨN
B11: 5 | C11: C8FEFC | D11: AR202.2 | E11: TB41 | F11: 2305346.1 | G11: 585784.7 | H11: 5.38 | I11: 4.5 | J11: =H11-I11 -> 0.88 | K11: H11-I11 | L11: Cấp 1 (H <= 1.5m) | M11: ĐẠT CHUẨN
B12: 6 | C12: C8FF2D | D12: AR202.3 | E12: TB41 | F12: 2305367.7 | G12: 585770.22 | H12: 5.39 | I12: 4.37 | J12: =H12-I12 -> 1.02 | K12: H12-I12 | L12: Cấp 1 (H <= 1.5m) | M12: ĐẠT CHUẨN
B13: 7 | C13: C8FF5E | D13: AR184.1 | E13: TB41 | F13: 2305581.3 | G13: 585626 | H13: 5.43 | I13: 4.56 | J13: =H13-I13 -> 0.87 | K13: H13-I13 | L13: Cấp 1 (H <= 1.5m) | M13: ĐẠT CHUẨN
B14: 8 | C14: C8FF8F | D14: AR184.2 | E14: TB41 | F14: 2305558.1 | G14: 585641.59 | H14: 5.42 | I14: 4.47 | J14: =H14-I14 -> 0.95 | K14: H14-I14 | L14: Cấp 1 (H <= 1.5m) | M14: ĐẠT CHUẨN
B15: 9 | C15: C8FFC0 | D15: AR185 | E15: TB41 | F15: 2305529.3 | G15: 585661.85 | H15: 5.42 | I15: 4.35 | J15: =H15-I15 -> 1.07 | K15: H15-I15 | L15: Cấp 1 (H <= 1.5m) | M15: ĐẠT CHUẨN
B16: 10 | C16: C90078 | D16: AR170 | E16: TB41 | F16: 2305726 | G16: 585529.94 | H16: 5.68 | I16: 4.85 | J16: =H16-I16 -> 0.83 | K16: H16-I16 | L16: Cấp 1 (H <= 1.5m) | M16: ĐẠT CHUẨN
B17: 11 | C17: C900A9 | D17: AR170.1 | E17: TB41 | F17: 2305706.5 | G17: 585542.07 | H17: 5.68 | I17: 4.76 | J17: =H17-I17 -> 0.92 | K17: H17-I17 | L17: Cấp 1 (H <= 1.5m) | M17: ĐẠT CHUẨN
B18: 12 | C18: C900DA | D18: AR170.2 | E18: TB41 | F18: 2305683.7 | G18: 585558.34 | H18: 5.67 | I18: 4.68 | J18: =H18-I18 -> 0.99 | K18: H18-I18 | L18: Cấp 1 (H <= 1.5m) | M18: ĐẠT CHUẨN
... B996: 990 | C996: E0B8D5 | D996: AR60A | E996: TB41 | F996: 2305231.3 | G996: 585350.67 | H996: 5.27 | I996: 1.63 | J996: =H996-I996 -> 3.64 | K996: H996-I996 | L996: Cấp 3 (H > 2.5m) | M996: LƯU Ý: H > 3.5m (Cần cừ ván thép)

Sheet 📋 CSDL Tuyến Cống
B2: CƠ SỞ DỮ LIỆU TOÀN BỘ 967 ĐOẠN CỐNG THOÁT NƯỚC THẢI (CAD 100%) | F2: TỔNG D300 QUA ĐƯỜNG (m): | G2: =SUMIFS(M7:M973, D7:D973, "*qua đường*", E7:E973, 300) -> 1601.123
B3: Bao gồm Handle CAD, Phân loại tuyến, Ga đầu, Ga cuối, Tọa độ Trục X - Y điểm đầu & cuối, Chiều dài L, Cốt đáy DC1, DC2, Độ dốc i | F3: TỔNG D800 QUA ĐƯỜNG (m): | G3: =SUMIFS(M7:M973, E7:E973, 800) -> 175.701
F4: TỔNG D300 VỈA HÈ (m): | G4: =SUMIFS(M7:M973, D7:D973, "*vỉa hè*") -> 20240.077
B6: STT | C6: Handle CAD | D6: Phân loại tuyến | E6: Đường kính D (mm) | F6: Vị trí lắp đặt | G6: Ga đầu (Upstream) | H6: Ga cuối (Downstream) | I6: Trục X Điểm Đầu (VN-2000 / Bắc) | J6: Trục Y Điểm Đầu (VN-2000 / Đông) | K6: Trục X Điểm Cuối (VN-2000 / Bắc) | L6: Trục Y Điểm Cuối (VN-2000 / Đông) | M6: Chiều dài L (m) | N6: Cốt đáy DC1 (m) | O6: Cốt đáy DC2 (m) | P6: Chênh cao dH (m) | Q6: Độ dốc i (%) | R6: H_đào trung bình (m)
B7: 1 | C7: C8F95C | D7: Cống D800 BTCT qua đường | E7: 800 | F7: Băng ngang lòng đường | G7: AR50.1 | H7: GA_CUOI | I7: 2305511.6 | J7: 585155.03 | K7: 2305539.4 | L7: 585136.56 | M7: 33.344 | N7: 2.13 | P7: =IF(AND(ISNUMBER(N7),ISNUMBER(O7)),ABS(N7-O7),0) -> 0 | Q7: =IF(M7>0,ROUND(P7/M7*100,3),0) -> 0 | R7: 2.415
B8: 2 | C8: C8F962 | D8: Cống D800 BTCT qua đường | E8: 800 | F8: Băng ngang lòng đường | G8: AR52 | H8: AR51 | I8: 2305382.9 | J8: 585252.28 | K8: 2305390.7 | L8: 585235.71 | M8: 18.341 | N8: 1.89 | O8: 1.92 | P8: =IF(AND(ISNUMBER(N8),ISNUMBER(O8)),ABS(N8-O8),0) -> 0.03 | Q8: =IF(M8>0,ROUND(P8/M8*100,3),0) -> 0.164 | R8: 3.405
B9: 3 | C9: C8F964 | D9: Cống D800 BTCT qua đường | E9: 800 | F9: Băng ngang lòng đường | G9: AR54.5 | H9: AR53 | I9: 2305354.2 | J9: 585268.89 | K9: 2305362.3 | L9: 585263.44 | M9: 9.76 | N9: 1.85 | O9: 1.86 | P9: =IF(AND(ISNUMBER(N9),ISNUMBER(O9)),ABS(N9-O9),0) -> 0.01 | Q9: =IF(M9>0,ROUND(P9/M9*100,3),0) -> 0.102 | R9: 3.415
B10: 4 | C10: C8F965 | D10: Cống D800 BTCT qua đường | E10: 800 | F10: Băng ngang lòng đường | G10: AR56.5 | H10: AR55 | I10: 2305313.4 | J10: 585296.45 | K10: 2305321.8 | L10: 585290.7 | M10: 10.231 | N10: 1.78 | O10: 1.79 | P10: =IF(AND(ISNUMBER(N10),ISNUMBER(O10)),ABS(N10-O10),0) -> 0.01 | Q10: =IF(M10>0,ROUND(P10/M10*100,3),0) -> 0.098 | R10: 3.485
B11: 5 | C11: C8F967 | D11: Cống D800 BTCT qua đường | E11: 800 | F11: Băng ngang lòng đường | G11: AR58.5 | H11: AR57 | I11: 2305272.9 | J11: 585323.52 | K11: 2305281.1 | L11: 585318.03 | M11: 9.865 | N11: 1.71 | O11: 1.72 | P11: =IF(AND(ISNUMBER(N11),ISNUMBER(O11)),ABS(N11-O11),0) -> 0.01 | Q11: =IF(M11>0,ROUND(P11/M11*100,3),0) -> 0.101 | R11: 3.555
B12: 6 | C12: C8F969 | D12: Cống D800 BTCT qua đường | E12: 800 | F12: Băng ngang lòng đường | G12: AR60.5 | H12: AR59 | I12: 2305232 | J12: 585351.02 | K12: 2305240.7 | L12: 585345.69 | M12: 10.203 | N12: 1.64 | O12: 1.65 | P12: =IF(AND(ISNUMBER(N12),ISNUMBER(O12)),ABS(N12-O12),0) -> 0.01 | Q12: =IF(M12>0,ROUND(P12/M12*100,3),0) -> 0.098 | R12: 3.625
B13: 7 | C13: C8F9BC | D13: Cống D800 BTCT qua đường | E13: 800 | F13: Băng ngang lòng đường | G13: AR28 | H13: AR29 | I13: 2305181 | J13: 585378.07 | K13: 2305147.9 | L13: 585348.31 | M13: 44.541 | N13: 1.56 | O13: 1.04 | P13: =IF(AND(ISNUMBER(N13),ISNUMBER(O13)),ABS(N13-O13),0) -> 0.52 | Q13: =IF(M13>0,ROUND(P13/M13*100,3),0) -> 1.167 | R13: 3.965
B14: 8 | C14: C9A57E | D14: Cống D800 BTCT qua đường | E14: 800 | F14: Băng ngang lòng đường | G14: AR50.1 | H14: AR50.2 | I14: 2305510.8 | J14: 585155.59 | K14: 2305490.4 | L14: 585159.44 | M14: 20.753 | N14: 2.13 | O14: 2.09 | P14: =IF(AND(ISNUMBER(N14),ISNUMBER(O14)),ABS(N14-O14),0) -> 0.04 | Q14: =IF(M14>0,ROUND(P14/M14*100,3),0) -> 0.193 | R14: 3.075
B15: 9 | C15: C9A6B5 | D15: Cống D800 BTCT qua đường | E15: 800 | F15: Băng ngang lòng đường | G15: AR28 | H15: AR61 | I15: 2305181.9 | J15: 585378.15 | K15: 2305199.7 | L15: 585372.54 | M15: 18.663 | N15: 1.56 | O15: 1.59 | P15: =IF(AND(ISNUMBER(N15),ISNUMBER(O15)),ABS(N15-O15),0) -> 0.03 | Q15: =IF(M15>0,ROUND(P15/M15*100,3),0) -> 0.161 | R15: 3.695
B16: 10 | C16: C8F974 | D16: Cống D300 HDPE qua đường | E16: 300 | F16: Băng ngang lòng đường | G16: AR197 | H16: AR198.5 | I16: 2305353.3 | J16: 585425.12 | K16: 2305345.4 | L16: 585432.11 | M16: 10.567 | N16: 3.69 | O16: 3.66 | P16: =IF(AND(ISNUMBER(N16),ISNUMBER(O16)),ABS(N16-O16),0) -> 0.03 | Q16: =IF(M16>0,ROUND(P16/M16*100,3),0) -> 0.284 | R16: 1.595
B17: 11 | C17: C8F975 | D17: Cống D300 HDPE qua đường | E17: 300 | F17: Băng ngang lòng đường | G17: AR193 | H17: AR194.5 | I17: 2305434.7 | J17: 585370.75 | K17: 2305426.9 | L17: 585377.65 | M17: 10.443 | N17: 4.04 | O17: 4 | P17: =IF(AND(ISNUMBER(N17),ISNUMBER(O17)),ABS(N17-O17),0) -> 0.04 | Q17: =IF(M17>0,ROUND(P17/M17*100,3),0) -> 0.383 | R17: 1.25
B18: 12 | C18: C8F97A | D18: Cống D300 HDPE qua đường | E18: 300 | F18: Băng ngang lòng đường | G18: AR190.8 | H18: AR190.9 | I18: 2305249.1 | J18: 585489.1 | K18: 2305232.5 | L18: 585474.13 | M18: 22.382 | N18: 2.76 | O18: 2.69 | P18: =IF(AND(ISNUMBER(N18),ISNUMBER(O18)),ABS(N18-O18),0) -> 0.07 | Q18: =IF(M18>0,ROUND(P18/M18*100,3),0) -> 0.313 | R18: 2.565
B19: 13 | C19: C8F97B | D19: Cống D300 HDPE qua đường | E19: 300 | F19: Băng ngang lòng đường | G19: AR90.6 | H19: AR89 | I19: 2305248 | J19: 585004.81 | K19: 2305242.6 | L19: 584996.09 | M19: 10.296 | N19: 3.73 | O19: 3.77 | P19: =IF(AND(ISNUMBER(N19),ISNUMBER(O19)),ABS(N19-O19),0) -> 0.04 | Q19: =IF(M19>0,ROUND(P19/M19*100,3),0) -> 0.389 | R19: 1.32
... B973: 967 | C973: C9A759 | D973: Cống D300 HDPE vỉa hè | E973: 300 | F973: Dọc vỉa hè / hào kỹ thuật | G973: AR219 | H973: AR218 | I973: 2305174 | J973: 585754.57 | K973: 2305186.4 | L973: 585772.45 | M973: 33.05 | N973: 3.73 | O973: 3.81 | P973: =IF(AND(ISNUMBER(N973),ISNUMBER(O973)),ABS(N973-O973),0) -> 0.08 | Q973: =IF(M973>0,ROUND(P973/M973*100,3),0) -> 0.242 | R973: 1.5
