Workbook

Sheet 01_TienDo_CaMay_Master
A1: DỰ ÁN: CONG HOP A5
A2: BẢNG TÍNH TOÁN CA XE, CA MÁY & TIẾN ĐỘ THI CÔNG CHI TIẾT
A3: MỐC TIẾN ĐỘ: TỪ 05/09/2026 ĐẾN 18/10/2026 (44 NGÀY) — 1-2 CA/NGÀY — ĐƯỜNG GĂNG CPM CHÍNH XÁC
B4: Chế độ ca: | C4: 1-2 ca/ngày (tăng ca mũi xung yếu) | F4: Phân đoạn: | G4: Thi công cống hộp & hoàn trả mặt bằng | K4: Định mức áp dụng: | L4: Vincons_ĐMGK_02-01 & Thông tư 12/2021/TT-BXD
P5: T1 | Q5: T2 | R5: T3 | S5: T4 | T5: T5 | U5: T6 | V5: T7
A6: STT | B6: Mã WBS | C6: Nội dung công việc thi công cống hộp | D6: ĐVT | E6: Khối lượng thiết kế | F6: Định mức Vincons (ĐVT/ca) | G6: Tổng số ca máy (ca) | H6: Năng xuất ngày | I6: Thời gian (ngày) | J6: Ngày BĐ | K6: Ngày KT | L6: Số ca/ngày | M6: Số máy huy động/ngày | N6: Chủng loại MMTB & Ghi chú | O6: NC bố trí (người) | P6: =$J$7+7*0 | Q6: =$J$7+7*1 | R6: =$J$7+7*2 | S6: =$J$7+7*3 | T6: =$J$7+7*4 | U6: =$J$7+7*5 | V6: =$J$7+7*6
A7: 1 | B7: 1.1 | C7: Định vị tuyến, rào chắn, lắp dựng ĐD | D7: m | E7: 22.6 | F7: 0 | G7: 0 | H7: 0 | I7: 1 | J7: 46270 | K7: 46270 | L7: 1 | M7: 0 | N7: Chưa có định mức học được cho công tác này — không suy luận máy | O7: 4 | P7: =IF(AND($J7<=P$6+6,$K7>=P$6),IF($M7>0,$M7,1),"") | Q7: =IF(AND($J7<=Q$6+6,$K7>=Q$6),IF($M7>0,$M7,1),"") | R7: =IF(AND($J7<=R$6+6,$K7>=R$6),IF($M7>0,$M7,1),"") | S7: =IF(AND($J7<=S$6+6,$K7>=S$6),IF($M7>0,$M7,1),"") | T7: =IF(AND($J7<=T$6+6,$K7>=T$6),IF($M7>0,$M7,1),"") | U7: =IF(AND($J7<=U$6+6,$K7>=U$6),IF($M7>0,$M7,1),"") | V7: =IF(AND($J7<=V$6+6,$K7>=V$6),IF($M7>0,$M7,1),"")
A8: 2 | B8: 2.1 | C8: Đào bóc 30 cm nền hiện trạng | D8: m3 | E8: 24.747 | F8: 510.2 | G8: =IF(F8>0,ROUND(E8/F8,2),0) | H8: =IF(AND(F8>0,L8>0),ROUND(F8*L8*M8,2),0) | I8: 2 | J8: 46271 | K8: 46272 | L8: 2 | M8: =IF(AND(G8>0,I8>0,L8>0),ROUNDUP(G8/(I8*L8),1),0) | N8: Máy xúc PC200 - PC300 + Máy ủi D3 - D5 | O8: 2 | P8: =IF(AND($J8<=P$6+6,$K8>=P$6),IF($M8>0,$M8,1),"") | Q8: =IF(AND($J8<=Q$6+6,$K8>=Q$6),IF($M8>0,$M8,1),"") | R8: =IF(AND($J8<=R$6+6,$K8>=R$6),IF($M8>0,$M8,1),"") | S8: =IF(AND($J8<=S$6+6,$K8>=S$6),IF($M8>0,$M8,1),"") | T8: =IF(AND($J8<=T$6+6,$K8>=T$6),IF($M8>0,$M8,1),"") | U8: =IF(AND($J8<=U$6+6,$K8>=U$6),IF($M8>0,$M8,1),"") | V8: =IF(AND($J8<=V$6+6,$K8>=V$6),IF($M8>0,$M8,1),"")
A9: 3 | B9: 2.2 | C9: Đệm cát đầm chặt K0.9 | D9: m3 | E9: 24.747 | F9: 900.9 | G9: =IF(F9>0,ROUND(E9/F9,2),0) | H9: =IF(AND(F9>0,L9>0),ROUND(F9*L9*M9,2),0) | I9: 2 | J9: 46273 | K9: 46274 | L9: 1 | M9: =IF(AND(G9>0,I9>0,L9>0),ROUNDUP(G9/(I9*L9),1),0) | N9: Máy ủi D3 - D5 + Máy lu 12T - 16T | O9: 21 | P9: =IF(AND($J9<=P$6+6,$K9>=P$6),IF($M9>0,$M9,1),"") | Q9: =IF(AND($J9<=Q$6+6,$K9>=Q$6),IF($M9>0,$M9,1),"") | R9: =IF(AND($J9<=R$6+6,$K9>=R$6),IF($M9>0,$M9,1),"") | S9: =IF(AND($J9<=S$6+6,$K9>=S$6),IF($M9>0,$M9,1),"") | T9: =IF(AND($J9<=T$6+6,$K9>=T$6),IF($M9>0,$M9,1),"") | U9: =IF(AND($J9<=U$6+6,$K9>=U$6),IF($M9>0,$M9,1),"") | V9: =IF(AND($J9<=V$6+6,$K9>=V$6),IF($M9>0,$M9,1),"")
A10: 4 | B10: 2.3 | C10: Bê tông lót M100 dày 50 | D10: m3 | E10: 3.6725 | F10: 10.53 | G10: =IF(F10>0,ROUND(E10/F10,2),0) | H10: =IF(AND(F10>0,L10>0),ROUND(F10*L10*M10,2),0) | I10: 1 | J10: 46275 | K10: 46275 | L10: 2 | M10: =IF(AND(G10>0,I10>0,L10>0),ROUNDUP(G10/(I10*L10),1),0) | N10: Máy trộn bê tông - dung tích 250 lít + Máy đầm bê tông, đầm bàn, công suất 1,0 kW | O10: 10 | P10: =IF(AND($J10<=P$6+6,$K10>=P$6),IF($M10>0,$M10,1),"") | Q10: =IF(AND($J10<=Q$6+6,$K10>=Q$6),IF($M10>0,$M10,1),"") | R10: =IF(AND($J10<=R$6+6,$K10>=R$6),IF($M10>0,$M10,1),"") | S10: =IF(AND($J10<=S$6+6,$K10>=S$6),IF($M10>0,$M10,1),"") | T10: =IF(AND($J10<=T$6+6,$K10>=T$6),IF($M10>0,$M10,1),"") | U10: =IF(AND($J10<=U$6+6,$K10>=U$6),IF($M10>0,$M10,1),"") | V10: =IF(AND($J10<=V$6+6,$K10>=V$6),IF($M10>0,$M10,1),"")
A11: 5 | B11: 3.1 | C11: Gia công, lắp dựng cốt thép | D11: m3 BT | E11: 70.173 | F11: 0 | G11: 0 | H11: 0 | I11: 22 | J11: 46276 | K11: 46297 | L11: 1 | M11: 0 | N11: Cần khối lượng cốt thép (tấn) từ bảng thống kê thép — hiện KL theo m³ bê tông nên chưa áp ĐM | O11: 8 | P11: =IF(AND($J11<=P$6+6,$K11>=P$6),IF($M11>0,$M11,1),"") | Q11: =IF(AND($J11<=Q$6+6,$K11>=Q$6),IF($M11>0,$M11,1),"") | R11: =IF(AND($J11<=R$6+6,$K11>=R$6),IF($M11>0,$M11,1),"") | S11: =IF(AND($J11<=S$6+6,$K11>=S$6),IF($M11>0,$M11,1),"") | T11: =IF(AND($J11<=T$6+6,$K11>=T$6),IF($M11>0,$M11,1),"") | U11: =IF(AND($J11<=U$6+6,$K11>=U$6),IF($M11>0,$M11,1),"") | V11: =IF(AND($J11<=V$6+6,$K11>=V$6),IF($M11>0,$M11,1),"")
A12: 6 | B12: 3.2 | C12: Lắp dựng ván khuôn | D12: m2 | E12: 501.72 | F12: 66.67 | G12: =IF(F12>0,ROUND(E12/F12,2),0) | H12: =IF(AND(F12>0,L12>0),ROUND(F12*L12*M12,2),0) | I12: 19 | J12: 46278 | K12: 46296 | L12: 2 | M12: =IF(AND(G12>0,I12>0,L12>0),ROUNDUP(G12/(I12*L12),1),0) | N12: Máy hàn xoay chiều công suất 23,0 kW + Máy vận thăng lồng - sức nâng 3,0 T + Cần trục tháp - sức nâng 25 T | O12: 19 | P12: =IF(AND($J12<=P$6+6,$K12>=P$6),IF($M12>0,$M12,1),"") | Q12: =IF(AND($J12<=Q$6+6,$K12>=Q$6),IF($M12>0,$M12,1),"") | R12: =IF(AND($J12<=R$6+6,$K12>=R$6),IF($M12>0,$M12,1),"") | S12: =IF(AND($J12<=S$6+6,$K12>=S$6),IF($M12>0,$M12,1),"") | T12: =IF(AND($J12<=T$6+6,$K12>=T$6),IF($M12>0,$M12,1),"") | U12: =IF(AND($J12<=U$6+6,$K12>=U$6),IF($M12>0,$M12,1),"") | V12: =IF(AND($J12<=V$6+6,$K12>=V$6),IF($M12>0,$M12,1),"")
A13: 7 | B13: 3.3 | C13: Đổ bê tông B20 thân cống | D13: m3 | E13: 70.173 | F13: 10.53 | G13: =IF(F13>0,ROUND(E13/F13,2),0) | H13: =IF(AND(F13>0,L13>0),ROUND(F13*L13*M13,2),0) | I13: 5 | J13: 46297 | K13: 46301 | L13: 2 | M13: =IF(AND(G13>0,I13>0,L13>0),ROUNDUP(G13/(I13*L13),1),0) | N13: Máy trộn bê tông - dung tích 250 lít + Máy đầm bê tông, đầm dùi, công suất 1,5 kW | O13: 26 | P13: =IF(AND($J13<=P$6+6,$K13>=P$6),IF($M13>0,$M13,1),"") | Q13: =IF(AND($J13<=Q$6+6,$K13>=Q$6),IF($M13>0,$M13,1),"") | R13: =IF(AND($J13<=R$6+6,$K13>=R$6),IF($M13>0,$M13,1),"") | S13: =IF(AND($J13<=S$6+6,$K13>=S$6),IF($M13>0,$M13,1),"") | T13: =IF(AND($J13<=T$6+6,$K13>=T$6),IF($M13>0,$M13,1),"") | U13: =IF(AND($J13<=U$6+6,$K13>=U$6),IF($M13>0,$M13,1),"") | V13: =IF(AND($J13<=V$6+6,$K13>=V$6),IF($M13>0,$M13,1),"")
A14: 8 | B14: 3.4 | C14: Bảo dưỡng, tháo ván khuôn (7 ngày) | D14: ngày | E14: 7 | F14: 0 | G14: 0 | H14: 0 | I14: 7 | J14: 46302 | K14: 46308 | L14: 2 | M14: 0 | N14: Chưa có định mức học được cho công tác này — không suy luận máy | O14: 1 | P14: =IF(AND($J14<=P$6+6,$K14>=P$6),IF($M14>0,$M14,1),"") | Q14: =IF(AND($J14<=Q$6+6,$K14>=Q$6),IF($M14>0,$M14,1),"") | R14: =IF(AND($J14<=R$6+6,$K14>=R$6),IF($M14>0,$M14,1),"") | S14: =IF(AND($J14<=S$6+6,$K14>=S$6),IF($M14>0,$M14,1),"") | T14: =IF(AND($J14<=T$6+6,$K14>=T$6),IF($M14>0,$M14,1),"") | U14: =IF(AND($J14<=U$6+6,$K14>=U$6),IF($M14>0,$M14,1),"") | V14: =IF(AND($J14<=V$6+6,$K14>=V$6),IF($M14>0,$M14,1),"")
A15: 9 | B15: 4.1 | C15: Khe co giãn: xốp, bao tải nhựa đường | D15: khe | E15: 2 | F15: 0 | G15: 0 | H15: 0 | I15: 1 | J15: 46309 | K15: 46309 | L15: 1 | M15: 0 | N15: Chưa có định mức học được cho công tác này — không suy luận máy | O15: 3 | P15: =IF(AND($J15<=P$6+6,$K15>=P$6),IF($M15>0,$M15,1),"") | Q15: =IF(AND($J15<=Q$6+6,$K15>=Q$6),IF($M15>0,$M15,1),"") | R15: =IF(AND($J15<=R$6+6,$K15>=R$6),IF($M15>0,$M15,1),"") | S15: =IF(AND($J15<=S$6+6,$K15>=S$6),IF($M15>0,$M15,1),"") | T15: =IF(AND($J15<=T$6+6,$K15>=T$6),IF($M15>0,$M15,1),"") | U15: =IF(AND($J15<=U$6+6,$K15>=U$6),IF($M15>0,$M15,1),"") | V15: =IF(AND($J15<=V$6+6,$K15>=V$6),IF($M15>0,$M15,1),"")
A16: 10 | B16: 4.2 | C16: Đắp cát hai bên, hoàn trả | D16: m3 | E16: 24.747 | F16: 372.02 | G16: =IF(F16>0,ROUND(E16/F16,2),0) | H16: =IF(AND(F16>0,L16>0),ROUND(F16*L16*M16,2),0) | I16: 2 | J16: 46310 | K16: 46311 | L16: 1 | M16: =IF(AND(G16>0,I16>0,L16>0),ROUNDUP(G16/(I16*L16),1),0) | N16: Máy xúc PC200 - PC300 | O16: 7 | P16: =IF(AND($J16<=P$6+6,$K16>=P$6),IF($M16>0,$M16,1),"") | Q16: =IF(AND($J16<=Q$6+6,$K16>=Q$6),IF($M16>0,$M16,1),"") | R16: =IF(AND($J16<=R$6+6,$K16>=R$6),IF($M16>0,$M16,1),"") | S16: =IF(AND($J16<=S$6+6,$K16>=S$6),IF($M16>0,$M16,1),"") | T16: =IF(AND($J16<=T$6+6,$K16>=T$6),IF($M16>0,$M16,1),"") | U16: =IF(AND($J16<=U$6+6,$K16>=U$6),IF($M16>0,$M16,1),"") | V16: =IF(AND($J16<=V$6+6,$K16>=V$6),IF($M16>0,$M16,1),"")
A17: 11 | B17: 5.1 | C17: Nghiệm thu KCS, hoàn công | D17: hồ sơ | E17: 1 | F17: 0 | G17: 0 | H17: 0 | I17: 2 | J17: 46312 | K17: 46313 | L17: 1 | M17: 0 | N17: Chưa có định mức học được cho công tác này — không suy luận máy | O17: 1 | P17: =IF(AND($J17<=P$6+6,$K17>=P$6),IF($M17>0,$M17,1),"") | Q17: =IF(AND($J17<=Q$6+6,$K17>=Q$6),IF($M17>0,$M17,1),"") | R17: =IF(AND($J17<=R$6+6,$K17>=R$6),IF($M17>0,$M17,1),"") | S17: =IF(AND($J17<=S$6+6,$K17>=S$6),IF($M17>0,$M17,1),"") | T17: =IF(AND($J17<=T$6+6,$K17>=T$6),IF($M17>0,$M17,1),"") | U17: =IF(AND($J17<=U$6+6,$K17>=U$6),IF($M17>0,$M17,1),"") | V17: =IF(AND($J17<=V$6+6,$K17>=V$6),IF($M17>0,$M17,1),"")

Sheet 02_TongHop_CaXe_CaMay_MMTB
A1: TỔNG HỢP CA MÁY & NHIÊN LIỆU — CONG HOP A5
A2: Dữ liệu tính toán từ tiến độ và định mức năng suất máy
A3: STT | B3: Mã máy | C3: Thiết bị thi công | D3: ĐVT | E3: Nhiên liệu | F3: Định mức dầu (lít/ca) | G3: Tổng số ca máy (ca) | H3: Số máy cao điểm | I3: Tổng lít dầu (lít) | J3: Thành phần thợ lái máy
A4: 1 | B4: M102.0406 | C4: Cần trục tháp - sức nâng 25 T | D4: máy | E4: kwh | G4: =ROUND('01_TienDo_CaMay_Master'!E12/100.0*0.12,3) | H4: 1 | I4: =IF(F4>0,ROUND(G4*F4,1),0) | J4: 1x3/7+1x6/7
A5: 2 | B5: M102.1001 | C5: Máy vận thăng lồng - sức nâng 3,0 T | D5: máy | E5: kwh | G5: =ROUND('01_TienDo_CaMay_Master'!E12/100.0*0.12,3) | H5: 1 | I5: =IF(F5>0,ROUND(G5*F5,1),0) | J5: 1x3/7
A6: 3 | B6: M104.0102 | C6: Máy trộn bê tông - dung tích 250 lít | D6: máy | E6: kwh | G6: =ROUND('01_TienDo_CaMay_Master'!E10/1.0*0.095+'01_TienDo_CaMay_Master'!E13/1.0*0.095,3) | H6: 1 | I6: =IF(F6>0,ROUND(G6*F6,1),0) | J6: 1x3/7
A7: 4 | B7: M112.1101 | C7: Máy đầm bê tông, đầm bàn, công suất 1,0 kW | D7: máy | E7: kwh | G7: =ROUND('01_TienDo_CaMay_Master'!E10/1.0*0.089,3) | H7: 1 | I7: =IF(F7>0,ROUND(G7*F7,1),0) | J7: 1x3/7
A8: 5 | B8: M112.1301 | C8: Máy đầm bê tông, đầm dùi, công suất 1,5 kW | D8: máy | E8: kwh | G8: =ROUND('01_TienDo_CaMay_Master'!E13/1.0*0.18,3) | H8: 1 | I8: =IF(F8>0,ROUND(G8*F8,1),0) | J8: 1x3/7
A9: 6 | B9: M112.4003 | C9: Máy hàn xoay chiều công suất 23,0 kW | D9: máy | E9: kwh | G9: =ROUND('01_TienDo_CaMay_Master'!E12/100.0*1.5,3) | H9: 1 | I9: =IF(F9>0,ROUND(G9*F9,1),0) | J9: 1x4/7
A10: 7 | B10: VC.M1 | C10: Máy xúc PC200 - PC300 | D10: máy | E10: diezel | F10: 89.6 | G10: =ROUND('01_TienDo_CaMay_Master'!E8/1.0*0.00196+'01_TienDo_CaMay_Master'!E16/1.0*0.002688,3) | H10: 1 | I10: =IF(F10>0,ROUND(G10*F10,1),0) | J10: 1 thợ lái máy (theo ĐM Vincons sheet May)
A11: 8 | B11: VC.M3 | C11: Máy ủi D3 - D5 | D11: máy | E11: diezel | F11: 124 | G11: =ROUND('01_TienDo_CaMay_Master'!E8/1.0*0.0003+'01_TienDo_CaMay_Master'!E9/1.0*0.00111,3) | H11: 1 | I11: =IF(F11>0,ROUND(G11*F11,1),0) | J11: 1 thợ lái máy (theo ĐM Vincons sheet May)
A12: 9 | B12: VC.M5 | C12: Máy lu 12T - 16T | D12: máy | E12: diezel | F12: 44 | G12: =ROUND('01_TienDo_CaMay_Master'!E9/1.0*0.00223,3) | H12: 1 | I12: =IF(F12>0,ROUND(G12*F12,1),0) | J12: 1 thợ lái máy (theo ĐM Vincons sheet May)
C13: TỔNG CỘNG | G13: =SUM(G4:G12) | I13: =SUM(I4:I12)

Sheet 03_KeHoach_Dau_Diezel
A1: KẾ HOẠCH DẦU DIEZEL — CONG HOP A5
A2: Chỉ tổng hợp máy dùng diezel; máy dùng xăng/điện không tính lít dầu.
A3: STT | B3: Thiết bị | C3: Định mức (lít/ca) | D3: Tổng ca | E3: Tổng dầu (lít)
A4: 1 | B4: ='02_TongHop_CaXe_CaMay_MMTB'!C4 | C4: ='02_TongHop_CaXe_CaMay_MMTB'!F4 | D4: ='02_TongHop_CaXe_CaMay_MMTB'!G4 | E4: =IF(C4="",0,ROUND(C4*D4,1))
A5: 2 | B5: ='02_TongHop_CaXe_CaMay_MMTB'!C5 | C5: ='02_TongHop_CaXe_CaMay_MMTB'!F5 | D5: ='02_TongHop_CaXe_CaMay_MMTB'!G5 | E5: =IF(C5="",0,ROUND(C5*D5,1))
A6: 3 | B6: ='02_TongHop_CaXe_CaMay_MMTB'!C6 | C6: ='02_TongHop_CaXe_CaMay_MMTB'!F6 | D6: ='02_TongHop_CaXe_CaMay_MMTB'!G6 | E6: =IF(C6="",0,ROUND(C6*D6,1))
A7: 4 | B7: ='02_TongHop_CaXe_CaMay_MMTB'!C7 | C7: ='02_TongHop_CaXe_CaMay_MMTB'!F7 | D7: ='02_TongHop_CaXe_CaMay_MMTB'!G7 | E7: =IF(C7="",0,ROUND(C7*D7,1))
A8: 5 | B8: ='02_TongHop_CaXe_CaMay_MMTB'!C8 | C8: ='02_TongHop_CaXe_CaMay_MMTB'!F8 | D8: ='02_TongHop_CaXe_CaMay_MMTB'!G8 | E8: =IF(C8="",0,ROUND(C8*D8,1))
A9: 6 | B9: ='02_TongHop_CaXe_CaMay_MMTB'!C9 | C9: ='02_TongHop_CaXe_CaMay_MMTB'!F9 | D9: ='02_TongHop_CaXe_CaMay_MMTB'!G9 | E9: =IF(C9="",0,ROUND(C9*D9,1))
A10: 7 | B10: ='02_TongHop_CaXe_CaMay_MMTB'!C10 | C10: ='02_TongHop_CaXe_CaMay_MMTB'!F10 | D10: ='02_TongHop_CaXe_CaMay_MMTB'!G10 | E10: =IF(C10="",0,ROUND(C10*D10,1))
A11: 8 | B11: ='02_TongHop_CaXe_CaMay_MMTB'!C11 | C11: ='02_TongHop_CaXe_CaMay_MMTB'!F11 | D11: ='02_TongHop_CaXe_CaMay_MMTB'!G11 | E11: =IF(C11="",0,ROUND(C11*D11,1))
A12: 9 | B12: ='02_TongHop_CaXe_CaMay_MMTB'!C12 | C12: ='02_TongHop_CaXe_CaMay_MMTB'!F12 | D12: ='02_TongHop_CaXe_CaMay_MMTB'!G12 | E12: =IF(C12="",0,ROUND(C12*D12,1))
B13: TỔNG CỘNG | E13: =SUM(E4:E12)

Sheet 04_KeHoach_NhanLuc
A1: NHÂN LỰC THEO HẠNG MỤC — CONG HOP A5
A2: Nhân lực bố trí theo tiến độ và công tổ đội.
A3: STT | B3: WBS | C3: Hạng mục | D3: Thời gian (ngày) | E3: Số ca/ngày | F3: Nhân lực/tổ (người) | G3: Tổng công (người-ngày)
A4: 1 | B4: 1.1 | C4: Định vị tuyến, rào chắn, lắp dựng ĐD | D4: ='01_TienDo_CaMay_Master'!I7 | E4: ='01_TienDo_CaMay_Master'!L7 | F4: ='01_TienDo_CaMay_Master'!O7 | G4: =D4*E4*F4
A5: 2 | B5: 2.1 | C5: Đào bóc 30 cm nền hiện trạng | D5: ='01_TienDo_CaMay_Master'!I8 | E5: ='01_TienDo_CaMay_Master'!L8 | F5: ='01_TienDo_CaMay_Master'!O8 | G5: =D5*E5*F5
A6: 3 | B6: 2.2 | C6: Đệm cát đầm chặt K0.9 | D6: ='01_TienDo_CaMay_Master'!I9 | E6: ='01_TienDo_CaMay_Master'!L9 | F6: ='01_TienDo_CaMay_Master'!O9 | G6: =D6*E6*F6
A7: 4 | B7: 2.3 | C7: Bê tông lót M100 dày 50 | D7: ='01_TienDo_CaMay_Master'!I10 | E7: ='01_TienDo_CaMay_Master'!L10 | F7: ='01_TienDo_CaMay_Master'!O10 | G7: =D7*E7*F7
A8: 5 | B8: 3.1 | C8: Gia công, lắp dựng cốt thép | D8: ='01_TienDo_CaMay_Master'!I11 | E8: ='01_TienDo_CaMay_Master'!L11 | F8: ='01_TienDo_CaMay_Master'!O11 | G8: =D8*E8*F8
A9: 6 | B9: 3.2 | C9: Lắp dựng ván khuôn | D9: ='01_TienDo_CaMay_Master'!I12 | E9: ='01_TienDo_CaMay_Master'!L12 | F9: ='01_TienDo_CaMay_Master'!O12 | G9: =D9*E9*F9
A10: 7 | B10: 3.3 | C10: Đổ bê tông B20 thân cống | D10: ='01_TienDo_CaMay_Master'!I13 | E10: ='01_TienDo_CaMay_Master'!L13 | F10: ='01_TienDo_CaMay_Master'!O13 | G10: =D10*E10*F10
A11: 8 | B11: 3.4 | C11: Bảo dưỡng, tháo ván khuôn (7 ngày) | D11: ='01_TienDo_CaMay_Master'!I14 | E11: ='01_TienDo_CaMay_Master'!L14 | F11: ='01_TienDo_CaMay_Master'!O14 | G11: =D11*E11*F11
A12: 9 | B12: 4.1 | C12: Khe co giãn: xốp, bao tải nhựa đường | D12: ='01_TienDo_CaMay_Master'!I15 | E12: ='01_TienDo_CaMay_Master'!L15 | F12: ='01_TienDo_CaMay_Master'!O15 | G12: =D12*E12*F12
A13: 10 | B13: 4.2 | C13: Đắp cát hai bên, hoàn trả | D13: ='01_TienDo_CaMay_Master'!I16 | E13: ='01_TienDo_CaMay_Master'!L16 | F13: ='01_TienDo_CaMay_Master'!O16 | G13: =D13*E13*F13
A14: 11 | B14: 5.1 | C14: Nghiệm thu KCS, hoàn công | D14: ='01_TienDo_CaMay_Master'!I17 | E14: ='01_TienDo_CaMay_Master'!L17 | F14: ='01_TienDo_CaMay_Master'!O17 | G14: =D14*E14*F14
C15: TỔNG CỘNG | G15: =SUM(G4:G14)

Sheet 05_DoiChieu_BocTach
A1: NGUỒN GỐC ĐỊNH MỨC & CĂN CỨ SUY LUẬN CA MÁY
A2: Bảng ma trận đối chiếu chi tiết các căn cứ kỹ thuật phục vụ kỹ sư kiểm toán, nghiệm thu.
A4: Định mức nội bộ Vincons (MHT, VC, May): Sân vận động Olympic - Cụm B9 (ĐMGK Vincons) (media_1791020840571.xlsx, sha a7f6dab758bbdb48; sheet MHT, VC, May)
A5: Thư viện ĐM dự toán: Cầu Tân Quang (dự toán cao tốc Tuyên Quang–Hà Giang) (2.GDX phan cau vs1.xlsm, sha 14f33b89ad7f7245; sheet Don gia XD, Gia ca may XD)
A6: Bảng ca máy dự án: Cầu Km19+529.080 (260920_TDTC_CaXe_CaMay_DauDiezel_Cau_Km19+529.080.xlsx, sha 821f449a2ba87869)
A7: Quy tắc: (1) ĐM nội bộ nhà thầu Vincons; (2) ĐM dự toán xây dựng; (3) Năng suất trung vị công trình tương tự.
A8: Trạng thái tri thức: PENDING_APPROVAL — cần kỹ sư xác nhận trước khi dùng điều phối thật.
A10: WBS | B10: Hạng mục | C10: Nguồn định mức | D10: Mã hiệu / Công tác đối chiếu | E10: Đơn vị ĐM (hệ số) | F10: Máy (ca/đơn vị) | G10: Công/đơn vị | H10: Độ tin cậy & Thẩm định
A11: 1.1 | B11: Định vị tuyến, rào chắn, lắp dựng ĐD | C11: Chưa áp định mức | D11: Chưa có định mức học được cho công tác này — không suy luận máy
A12: 2.1 | B12: Đào bóc 30 cm nền hiện trạng | C12: ĐM NỘI BỘ VINCONS (MHT) | D12: Đào hữu cơ | E12: 1 | F12: VC.M1=0.00196; VC.M3=0.0003 | G12: 0.00392 | H12: ĐM nội bộ Vincons (MHT), 1 công tác; năng suất: VC.M1:510.2–510.2, VC.M3:3333.33–3333.33; Vincons ĐMGK: máy đào PC200-300 M1 (510 m³/ca) + máy ủi D3-D5 M3 (3.333 m³/ca)
A13: 2.2 | B13: Đệm cát đầm chặt K0.9 | C13: ĐM NỘI BỘ VINCONS (MHT) | D13: Đắp cát K90 | E13: 1 | F13: VC.M3=0.00111; VC.M5=0.00223 | G13: 0.0236 | H13: ĐM nội bộ Vincons (MHT), 1 công tác; năng suất: VC.M3:900.901–900.901, VC.M5:448.43–448.43; tương tự: định mức đắp cát K90 Vincons (máy ủi M3: 901 m³/ca + lu rung M5: 448 m³/ca)
A14: 2.3 | B14: Bê tông lót M100 dày 50 | C14: ĐM DỰ TOÁN | D14: AF.11110, AF.11120 — Bê tông lót móng C10, đá 4x6 đổ tại chỗ | E14: 1 | F14: M104.0102=0.095; M112.1101=0.089 | G14: 0.98 | H14: ĐM dự toán, trung vị 2 công tác
A15: 3.1 | B15: Gia công, lắp dựng cốt thép | C15: Chưa áp định mức | D15: Cần khối lượng cốt thép (tấn) từ bảng thống kê thép — hiện KL theo m³ bê tông nên chưa áp ĐM
A16: 3.2 | B16: Lắp dựng ván khuôn | C16: ĐM DỰ TOÁN | D16: AF.86211 — Ván khuôn thép bt tường | E16: 100 | F16: M112.4003=1.5; M102.1001=0.12; M102.0406=0.12 | G16: 28.5 | H16: ĐM dự toán, trung vị 1 công tác
A17: 3.3 | B17: Đổ bê tông B20 thân cống | C17: ĐM DỰ TOÁN | D17: AF.11310, AF.12110 — Bê tông C25, đá 1x2 đổ tại chỗ; Bê tông tường C16 | E17: 1 | F17: M104.0102=0.095; M112.1301=0.18 | G17: 2.49 | H17: ĐM dự toán, trung vị 3 công tác
A18: 3.4 | B18: Bảo dưỡng, tháo ván khuôn (7 ngày) | C18: Chưa áp định mức | D18: Chưa có định mức học được cho công tác này — không suy luận máy
A19: 4.1 | B19: Khe co giãn: xốp, bao tải nhựa đường | C19: Chưa áp định mức | D19: Chưa có định mức học được cho công tác này — không suy luận máy
A20: 4.2 | B20: Đắp cát hai bên, hoàn trả | C20: ĐM NỘI BỘ VINCONS (MHT) | D20: Đắp cống, ga | E20: 1 | F20: VC.M1=0.002688 | G20: 0.018 | H20: ĐM nội bộ Vincons (MHT), 1 công tác; năng suất: VC.M1:372–372; Vincons ĐMGK: máy đào M1 đắp hoàn trả cống/ga (372 m³/ca)
A21: 5.1 | B21: Nghiệm thu KCS, hoàn công | C21: Chưa áp định mức | D21: Chưa có định mức học được cho công tác này — không suy luận máy
