Workbook

Sheet PHAN_TICH_VAT_TU_WBS
B2: DỰ ÁN: CAO TỐC TUYÊN QUANG - HÀ GIANG (GIAI ĐOẠN 1) - CẦU KM19+529.080
B3: BẢNG PHÂN TÍCH ĐỊNH MỨC HAO PHÍ VẬT LIỆU CHO TỪNG HẠNG MỤC CÔNG TÁC WBS
B4: Chi tiết sắt thép từng loại đường kính Ø, xi măng, cát, đá, cáp DƯL (Theo Định mức Thông tư 12/2021/TT-BXD)
A5: TT | B5: Mã định mức | C5: Hạng mục công tác WBS | D5: Khối lượng công tác | E5: ĐVT công tác | F5: Tên quy cách vật tư cấu thành | G5: ĐVT vật tư | H5: Định mức cho 1 ĐVT | I5: Hao phí vật tư hạng mục | J5: Tiêu chuẩn kỹ thuật áp dụng
A6: 1 | B6: AC.11111 | C6: Khoan tạo lỗ cọc khoan nhồi D1200mm (26 cọc L=20m-40m) | D6: =QS_DIEN_GIAI_CHI_TIET!J7 | E6: m
C7: • Bột sét Bentonite tạo vách khoan | F7: Bột sét Bentonite tạo vách khoan | G7: Tấn | H7: 0.045 | I7: =D6*H7 | J7: TCVN 9395:2012
C8: • Nước sạch thi công khoan cọc | F8: Nước sạch thi công khoan cọc | G8: m3 | H8: 0.25 | I8: =D6*H8 | J8: TCVN 4506:2012
A9: 2 | B9: AC.12111 | C9: Hạ và nhổ ống vách thép dẫn hướng D1300mm d=8mm | D9: =QS_DIEN_GIAI_CHI_TIET!J12 | E9: m
C10: • Ống vách thép dẫn hướng D1300 d=8mm (khấu hao) | F10: Ống vách thép dẫn hướng D1300 d=8mm (khấu hao) | G10: Tấn | H10: 0.052 | I10: =D9*H10 | J10: TCVN 9395:2012
A11: 3 | B11: AF.21111 | C11: Bê tông cọc khoan nhồi C30/37 đổ bằng ống Tremie | D11: =QS_DIEN_GIAI_CHI_TIET!J17 | E11: m3
C12: • Xi măng PCB40 cọc khoan nhồi | F12: Xi măng PCB40 cọc khoan nhồi | G12: kg | H12: 395 | I12: =D11*H12 | J12: TCVN 6260:2020
C13: • Cát vàng hạt trung Mk>=2.0 | F13: Cát vàng hạt trung Mk>=2.0 | G13: m3 | H13: 0.47 | I13: =D11*H13 | J13: TCVN 7570:2006
C14: • Đá dăm 1x2 sạch chọn lọc | F14: Đá dăm 1x2 sạch chọn lọc | G14: m3 | H14: 0.83 | I14: =D11*H14 | J14: TCVN 7570:2006
C15: • Nước sạch trộn bê tông | F15: Nước sạch trộn bê tông | G15: Lít | H15: 185 | I15: =D11*H15 | J15: TCVN 4506:2012
C16: • Phụ gia hoá dẻo chậm đông kết | F16: Phụ gia hoá dẻo chậm đông kết | G16: kg | H16: 4.2 | I16: =D11*H16 | J16: ASTM C494 Type G
A17: 4 | B17: AF.61111 | C17: Cốt thép cọc khoan nhồi D1200mm (Lồng thép) | D17: =QS_DIEN_GIAI_CHI_TIET!J22 | E17: Tấn
C18: • Thép chủ cọc nhồi vằn Ø25 (CB500-V) | F18: Thép chủ cọc nhồi vằn Ø25 (CB500-V) | G18: Tấn | H18: 0.785 | I18: =D17*H18 | J18: TCVN 1651:2018
C19: • Thép đai tăng cường vằn Ø16 (CB400-V) | F19: Thép đai tăng cường vằn Ø16 (CB400-V) | G19: Tấn | H19: 0.12 | I19: =D17*H19 | J19: TCVN 1651:2018
C20: • Thép đai xoắn liên tục tròn trơn Ø10 (CB240-T) | F20: Thép đai xoắn liên tục tròn trơn Ø10 (CB240-T) | G20: Tấn | H20: 0.095 | I20: =D17*H20 | J20: TCVN 1651:2018
C21: • Ống siêu âm cọc nhồi thép Ø60x2 | F21: Ống siêu âm cọc nhồi thép Ø60x2 | G21: m | H21: 36.5 | I21: =D17*H21 | J21: ASTM A53 / TCVN 9395
C22: • Dây thép buộc 1 ly | F22: Dây thép buộc 1 ly | G22: kg | H22: 15 | I22: =D17*H22 | J22: TCVN 1651:2018
C23: • Que hàn điện E42/E50 | F23: Que hàn điện E42/E50 | G23: kg | H23: 8 | I23: =D17*H23 | J23: TCVN 3223:2000
A24: 5 | B24: AF.11111 | C24: Bê tông lót đáy bệ móng mác C10 dày 10cm | D24: =QS_DIEN_GIAI_CHI_TIET!J34 | E24: m3
C25: • Xi măng PCB40 lót móng | F25: Xi măng PCB40 lót móng | G25: kg | H25: 240 | I25: =D24*H25 | J25: TCVN 6260:2020
C26: • Cát vàng xây dựng | F26: Cát vàng xây dựng | G26: m3 | H26: 0.51 | I26: =D24*H26 | J26: TCVN 7570:2006
C27: • Đá dăm 1x2 | F27: Đá dăm 1x2 | G27: m3 | H27: 0.87 | I27: =D24*H27 | J27: TCVN 7570:2006
C28: • Nước sạch trộn bê tông | F28: Nước sạch trộn bê tông | G28: Lít | H28: 175 | I28: =D24*H28 | J28: TCVN 4506:2012
A29: 6 | B29: AF.12111 | C29: Bê tông bệ móng mố M1, M2 và bệ trụ T1, T2 mác C30 | D29: =QS_DIEN_GIAI_CHI_TIET!J39 | E29: m3
C30: • Xi măng PCB40 bệ móng | F30: Xi măng PCB40 bệ móng | G30: kg | H30: 385 | I30: =D29*H30 | J30: TCVN 6260:2020
C31: • Cát vàng sàng rửa Mk>=2.0 | F31: Cát vàng sàng rửa Mk>=2.0 | G31: m3 | H31: 0.46 | I31: =D29*H31 | J31: TCVN 7570:2006
C32: • Đá dăm 1x2 sạch | F32: Đá dăm 1x2 sạch | G32: m3 | H32: 0.84 | I32: =D29*H32 | J32: TCVN 7570:2006
C33: • Nước sạch trộn bê tông | F33: Nước sạch trộn bê tông | G33: Lít | H33: 180 | I33: =D29*H33 | J33: TCVN 4506:2012
C34: • Phụ gia siêu dẻo giảm nước | F34: Phụ gia siêu dẻo giảm nước | G34: kg | H34: 3.8 | I34: =D29*H34 | J34: ASTM C494 Type F
A35: 7 | B35: AF.12211 | C35: Bê tông thân mố chân dê M1 và mố chữ U M2 mác C30 | D35: =QS_DIEN_GIAI_CHI_TIET!J44 | E35: m3
C36: • Xi măng PCB40 thân mố | F36: Xi măng PCB40 thân mố | G36: kg | H36: 385 | I36: =D35*H36 | J36: TCVN 6260:2020
C37: • Cát vàng sàng rửa Mk>=2.0 | F37: Cát vàng sàng rửa Mk>=2.0 | G37: m3 | H37: 0.46 | I37: =D35*H37 | J37: TCVN 7570:2006
C38: • Đá dăm 1x2 sạch | F38: Đá dăm 1x2 sạch | G38: m3 | H38: 0.84 | I38: =D35*H38 | J38: TCVN 7570:2006
C39: • Nước sạch trộn bê tông | F39: Nước sạch trộn bê tông | G39: Lít | H39: 180 | I39: =D35*H39 | J39: TCVN 4506:2012
C40: • Phụ gia siêu dẻo giảm nước | F40: Phụ gia siêu dẻo giảm nước | G40: kg | H40: 3.8 | I40: =D35*H40 | J40: ASTM C494 Type F
A41: 8 | B41: AF.12311 | C41: Bê tông tường cánh và tường đỉnh mố M1, M2 mác C30 | D41: =QS_DIEN_GIAI_CHI_TIET!J47 | E41: m3
C42: • Xi măng PCB40 tường cánh | F42: Xi măng PCB40 tường cánh | G42: kg | H42: 385 | I42: =D41*H42 | J42: TCVN 6260:2020
C43: • Cát vàng sàng rửa Mk>=2.0 | F43: Cát vàng sàng rửa Mk>=2.0 | G43: m3 | H43: 0.46 | I43: =D41*H43 | J43: TCVN 7570:2006
C44: • Đá dăm 1x2 sạch | F44: Đá dăm 1x2 sạch | G44: m3 | H44: 0.84 | I44: =D41*H44 | J44: TCVN 7570:2006
C45: • Nước sạch trộn bê tông | F45: Nước sạch trộn bê tông | G45: Lít | H45: 180 | I45: =D41*H45 | J45: TCVN 4506:2012
C46: • Phụ gia siêu dẻo giảm nước | F46: Phụ gia siêu dẻo giảm nước | G46: kg | H46: 3.8 | I46: =D41*H46 | J46: ASTM C494 Type F
A47: 9 | B47: AF.13111 | C47: Bê tông thân đặc trụ T1 và T2 mác C30 | D47: =QS_DIEN_GIAI_CHI_TIET!J50 | E47: m3
C48: • Xi măng PCB40 thân trụ | F48: Xi măng PCB40 thân trụ | G48: kg | H48: 385 | I48: =D47*H48 | J48: TCVN 6260:2020
C49: • Cát vàng sàng rửa Mk>=2.0 | F49: Cát vàng sàng rửa Mk>=2.0 | G49: m3 | H49: 0.46 | I49: =D47*H49 | J49: TCVN 7570:2006
C50: • Đá dăm 1x2 sạch | F50: Đá dăm 1x2 sạch | G50: m3 | H50: 0.84 | I50: =D47*H50 | J50: TCVN 7570:2006
C51: • Nước sạch trộn bê tông | F51: Nước sạch trộn bê tông | G51: Lít | H51: 180 | I51: =D47*H51 | J51: TCVN 4506:2012
C52: • Phụ gia siêu dẻo giảm nước | F52: Phụ gia siêu dẻo giảm nước | G52: kg | H52: 3.8 | I52: =D47*H52 | J52: ASTM C494 Type F
A53: 10 | B53: AF.13211 | C53: Bê tông xà mũ trụ T1, T2 mác C35 | D53: =QS_DIEN_GIAI_CHI_TIET!J53 | E53: m3
C54: • Xi măng PCB40 xà mũ trụ | F54: Xi măng PCB40 xà mũ trụ | G54: kg | H54: 425 | I54: =D53*H54 | J54: TCVN 6260:2020
C55: • Cát vàng sàng rửa Mk>=2.0 | F55: Cát vàng sàng rửa Mk>=2.0 | G55: m3 | H55: 0.45 | I55: =D53*H55 | J55: TCVN 7570:2006
C56: • Đá dăm 1x2 sạch chọn lọc | F56: Đá dăm 1x2 sạch chọn lọc | G56: m3 | H56: 0.83 | I56: =D53*H56 | J56: TCVN 7570:2006
C57: • Nước sạch trộn bê tông | F57: Nước sạch trộn bê tông | G57: Lít | H57: 180 | I57: =D53*H57 | J57: TCVN 4506:2012
C58: • Phụ gia siêu dẻo giảm nước | F58: Phụ gia siêu dẻo giảm nước | G58: kg | H58: 4.5 | I58: =D53*H58 | J58: ASTM C494 Type F
A59: 11 | B59: AF.62111 | C59: Cốt thép mố và trụ (Bệ móng, Thân mố, Thân trụ, Xà mũ) | D59: =QS_DIEN_GIAI_CHI_TIET!J56 | E59: Tấn
C60: • Thép lưới đáy bệ móng vằn Ø32 (CB500-V) | F60: Thép lưới đáy bệ móng vằn Ø32 (CB500-V) | G60: Tấn | H60: 0.365 | I60: =D59*H60 | J60: TCVN 1651:2018
C61: • Thép đứng thân trụ vằn Ø32 (CB500-V) | F61: Thép đứng thân trụ vằn Ø32 (CB500-V) | G61: Tấn | H61: 0.245 | I61: =D59*H61 | J61: TCVN 1651:2018
C62: • Thép đứng thân mố vằn Ø28 (CB500-V) | F62: Thép đứng thân mố vằn Ø28 (CB500-V) | G62: Tấn | H62: 0.145 | I62: =D59*H62 | J62: TCVN 1651:2018
C63: • Thép xà mũ chịu uốn vằn Ø28 (CB500-V) | F63: Thép xà mũ chịu uốn vằn Ø28 (CB500-V) | G63: Tấn | H63: 0.085 | I63: =D59*H63 | J63: TCVN 1651:2018
C64: • Thép phân bố bệ móng vằn Ø20 (CB500-V) | F64: Thép phân bố bệ móng vằn Ø20 (CB500-V) | G64: Tấn | H64: 0.1 | I64: =D59*H64 | J64: TCVN 1651:2018
C65: • Thép đai mố trụ vằn Ø16 (CB400-V) | F65: Thép đai mố trụ vằn Ø16 (CB400-V) | G65: Tấn | H65: 0.04 | I65: =D59*H65 | J65: TCVN 1651:2018
C66: • Thép đai cấu tạo tròn trơn Ø10 (CB240-T) | F66: Thép đai cấu tạo tròn trơn Ø10 (CB240-T) | G66: Tấn | H66: 0.02 | I66: =D59*H66 | J66: TCVN 1651:2018
C67: • Dây thép buộc 1 ly | F67: Dây thép buộc 1 ly | G67: kg | H67: 15 | I67: =D59*H67 | J67: TCVN 1651:2018
C68: • Que hàn điện E42/E50 | F68: Que hàn điện E42/E50 | G68: kg | H68: 8 | I68: =D59*H68 | J68: TCVN 3223:2000
A69: 12 | B69: AF.31111 | C69: Bê tông dầm chủ Super-T L=38.2m mác C45 (15 phiến) | D69: =QS_DIEN_GIAI_CHI_TIET!J62 | E69: m3
C70: • Xi măng PCB40 dầm Super-T | F70: Xi măng PCB40 dầm Super-T | G70: kg | H70: 485 | I70: =D69*H70 | J70: TCVN 6260:2020
C71: • Cát vàng chọn lọc thô Mk>=2.6 | F71: Cát vàng chọn lọc thô Mk>=2.6 | G71: m3 | H71: 0.44 | I71: =D69*H71 | J71: TCVN 7570:2006
C72: • Đá dăm 1x2 nghiền rửa chọn lọc | F72: Đá dăm 1x2 nghiền rửa chọn lọc | G72: m3 | H72: 0.83 | I72: =D69*H72 | J72: TCVN 7570:2006
C73: • Nước sạch trộn bê tông | F73: Nước sạch trộn bê tông | G73: Lít | H73: 165 | I73: =D69*H73 | J73: TCVN 4506:2012
C74: • Phụ gia siêu dẻo Polycarboxylate thế hệ 3 | F74: Phụ gia siêu dẻo Polycarboxylate thế hệ 3 | G74: kg | H74: 6.8 | I74: =D69*H74 | J74: ASTM C494 Type F/G
A75: 13 | B75: AF.63111 | C75: Cáp dự ứng lực tao xoắn 15.2mm Grade 270 dầm Super-T | D75: =QS_DIEN_GIAI_CHI_TIET!J64 | E75: Tấn
C76: • Cáp dự ứng lực tao 15.2mm Gr270 | F76: Cáp dự ứng lực tao 15.2mm Gr270 | G76: Tấn | H76: 1 | I76: =D75*H76 | J76: ASTM A416 / TCVN 11823
C77: • Bộ neo chùm dự ứng lực (12 bộ/phiến dầm) | F77: Bộ neo chùm dự ứng lực (12 bộ/phiến dầm) | G77: Bộ | H77: 3.75 | I77: =D75*H77 | J77: TCVN 11823:2017
C78: • Ống ghen tôn mạ kẽm luồn cáp DƯL | F78: Ống ghen tôn mạ kẽm luồn cáp DƯL | G78: m | H78: 36 | I78: =D75*H78 | J78: TCVN 11823:2017
C79: • Vữa không co ngót bơm lấp ống ghen SikaGrout | F79: Vữa không co ngót bơm lấp ống ghen SikaGrout | G79: kg | H79: 380 | I79: =D75*H79 | J79: ASTM C1107
A80: 14 | B80: AF.64111 | C80: Cốt thép thường dầm chủ Super-T (Thép sườn, cánh) | D80: =QS_DIEN_GIAI_CHI_TIET!J66 | E80: Tấn
C81: • Thép sườn dầm Super-T vằn Ø16 (CB400-V) | F81: Thép sườn dầm Super-T vằn Ø16 (CB400-V) | G81: Tấn | H81: 0.55 | I81: =D80*H81 | J81: TCVN 1651:2018
C82: • Thép bản cánh dầm Super-T vằn Ø14 (CB400-V) | F82: Thép bản cánh dầm Super-T vằn Ø14 (CB400-V) | G82: Tấn | H82: 0.35 | I82: =D80*H82 | J82: TCVN 1651:2018
C83: • Thép đai và móc cẩu dầm tròn trơn Ø10 (CB240-T) | F83: Thép đai và móc cẩu dầm tròn trơn Ø10 (CB240-T) | G83: Tấn | H83: 0.1 | I83: =D80*H83 | J83: TCVN 1651:2018
C84: • Dây thép buộc 1 ly | F84: Dây thép buộc 1 ly | G84: kg | H84: 15 | I84: =D80*H84 | J84: TCVN 1651:2018
A85: 15 | B85: AF.32111 | C85: Gối chậu cao su di động đơn hướng & cố định | D85: =QS_DIEN_GIAI_CHI_TIET!J70 | E85: Cái
C86: • Gối chậu cao su cốt bản thép chịu lực | F86: Gối chậu cao su cốt bản thép chịu lực | G86: Cái | H86: 1 | I86: =D85*H86 | J86: TCVN 11823:2017 / AASHTO
A87: 16 | B87: AF.33111 | C87: Bê tông dầm ngang mố và trụ mác C35 | D87: =QS_DIEN_GIAI_CHI_TIET!J73 | E87: m3
C88: • Xi măng PCB40 dầm ngang | F88: Xi măng PCB40 dầm ngang | G88: kg | H88: 420 | I88: =D87*H88 | J88: TCVN 6260:2020
C89: • Cát vàng sàng rửa Mk>=2.0 | F89: Cát vàng sàng rửa Mk>=2.0 | G89: m3 | H89: 0.45 | I89: =D87*H89 | J89: TCVN 7570:2006
C90: • Đá dăm 1x2 sạch | F90: Đá dăm 1x2 sạch | G90: m3 | H90: 0.83 | I90: =D87*H90 | J90: TCVN 7570:2006
C91: • Nước sạch trộn bê tông | F91: Nước sạch trộn bê tông | G91: Lít | H91: 180 | I91: =D87*H91 | J91: TCVN 4506:2012
C92: • Phụ gia siêu dẻo giảm nước | F92: Phụ gia siêu dẻo giảm nước | G92: kg | H92: 4.5 | I92: =D87*H92 | J92: ASTM C494 Type F
A93: 17 | B93: AF.35111 | C93: Bê tông bản mặt cầu đổ tại chỗ dày 20cm mác C35 | D93: =QS_DIEN_GIAI_CHI_TIET!J77 | E93: m3
C94: • Xi măng PCB40 bản mặt cầu | F94: Xi măng PCB40 bản mặt cầu | G94: kg | H94: 420 | I94: =D93*H94 | J94: TCVN 6260:2020
C95: • Cát vàng sàng rửa Mk>=2.0 | F95: Cát vàng sàng rửa Mk>=2.0 | G95: m3 | H95: 0.45 | I95: =D93*H95 | J95: TCVN 7570:2006
C96: • Đá dăm 1x2 sạch | F96: Đá dăm 1x2 sạch | G96: m3 | H96: 0.83 | I96: =D93*H96 | J96: TCVN 7570:2006
C97: • Nước sạch trộn bê tông | F97: Nước sạch trộn bê tông | G97: Lít | H97: 180 | I97: =D93*H97 | J97: TCVN 4506:2012
C98: • Phụ gia siêu dẻo giảm nước | F98: Phụ gia siêu dẻo giảm nước | G98: kg | H98: 4.5 | I98: =D93*H98 | J98: ASTM C494 Type F
A99: 18 | B99: AF.36111 | C99: Bê tông mối nối liên tục nhiệt đỉnh trụ T1, T2 mác C35 | D99: =QS_DIEN_GIAI_CHI_TIET!J79 | E99: m3
C100: • Xi măng PCB40 liên tục nhiệt | F100: Xi măng PCB40 liên tục nhiệt | G100: kg | H100: 420 | I100: =D99*H100 | J100: TCVN 6260:2020
C101: • Cát vàng sàng rửa Mk>=2.0 | F101: Cát vàng sàng rửa Mk>=2.0 | G101: m3 | H101: 0.45 | I101: =D99*H101 | J101: TCVN 7570:2006
...

Sheet QS_DIEN_GIAI_CHI_TIET
B2: DỰ ÁN: CAO TỐC TUYÊN QUANG - HÀ GIANG (GIAI ĐOẠN 1) - ĐOẠN QUA TỈNH HÀ GIANG
B3: BẢNG DIỄN GIẢI TIÊN LƯỢNG KHỐI LƯỢNG HÌNH HỌC CHI TIẾT - CẦU KM19+529.080
B4: Tuân thủ nghiêm ngặt nguyên tắc 100% công thức động: Khối lượng = Dài x Rộng x Cao x Số lượng x Hệ số (CẤM SỐ CHẾT)
A5: TT | B5: Mã hiệu | C5: Nội dung công tác & Diễn giải hình học cấu kiện | D5: ĐVT | E5: Số lượng (Cấu kiện) | F5: Dài (m) | G5: Rộng (m) | H5: Cao / Dày (m) | I5: Hệ số hình học | J5: Khối lượng (Công thức) | K5: Đơn giá (VNĐ) | L5: Thành tiền (VNĐ)
A6: PHẦN I: THI CÔNG CỌC KHOAN NHỒI D1200MM & THÍ NGHIỆM KIỂM SOÁT
A7: 1 | B7: AC.11111 | C7: Khoan tạo lỗ cọc khoan nhồi D1200mm vào đất và đá gốc (26 cọc) | D7: m | J7: =SUM(J8:J11) | K7: 2850000 | L7: =J7*K7
C8: - Cọc mố M1: 3 cọc chiều sâu L=20.0m | D8: m | E8: 3 | F8: 20 | G8: 1 | H8: 1 | I8: 1 | J8: =E8*F8*G8*H8*I8
C9: - Cọc trụ T1: 8 cọc chiều sâu L=40.0m | D9: m | E9: 8 | F9: 40 | G9: 1 | H9: 1 | I9: 1 | J9: =E9*F9*G9*H9*I9
C10: - Cọc trụ T2: 8 cọc chiều sâu L=30.0m | D10: m | E10: 8 | F10: 30 | G10: 1 | H10: 1 | I10: 1 | J10: =E10*F10*G10*H10*I10
C11: - Cọc mố M2: 7 cọc chiều sâu L=36.0m | D11: m | E11: 7 | F11: 36 | G11: 1 | H11: 1 | I11: 1 | J11: =E11*F11*G11*H11*I11
A12: 2 | B12: AC.12111 | C12: Hạ và nhổ ống vách thép dẫn hướng D1300mm d=8mm (luân chuyển) | D12: m | J12: =SUM(J13:J16) | K12: 1450000 | L12: =J12*K12
C13: - Ống vách thép cọc mố M1 (3 cọc x 6m) | D13: m | E13: 3 | F13: 6 | G13: 1 | H13: 1 | I13: 1 | J13: =E13*F13*G13*H13*I13
C14: - Ống vách thép cọc trụ T1 (8 cọc x 6m) | D14: m | E14: 8 | F14: 6 | G14: 1 | H14: 1 | I14: 1 | J14: =E14*F14*G14*H14*I14
C15: - Ống vách thép cọc trụ T2 (8 cọc x 6m) | D15: m | E15: 8 | F15: 6 | G15: 1 | H15: 1 | I15: 1 | J15: =E15*F15*G15*H15*I15
C16: - Ống vách thép cọc mố M2 (7 cọc x 6m) | D16: m | E16: 7 | F16: 6 | G16: 1 | H16: 1 | I16: 1 | J16: =E16*F16*G16*H16*I16
A17: 3 | B17: AF.21111 | C17: Bê tông cọc khoan nhồi C30/37 đổ bằng phương pháp rút ống tremie | D17: m3 | J17: =SUM(J18:J21) | K17: 1650000 | L17: =J17*K17
C18: - Bê tông 3 cọc mố M1 (L=20m, D=1.2m, hs nở thành 1.12) | D18: m3 | E18: 3 | F18: 20 | G18: 0.6 | H18: 0.6 | I18: 3.5186 | J18: =E18*F18*G18*H18*I18
C19: - Bê tông 8 cọc trụ T1 (L=40m, D=1.2m, hs nở thành 1.12) | D19: m3 | E19: 8 | F19: 40 | G19: 0.6 | H19: 0.6 | I19: 3.5186 | J19: =E19*F19*G19*H19*I19
C20: - Bê tông 8 cọc trụ T2 (L=30m, D=1.2m, hs nở thành 1.12) | D20: m3 | E20: 8 | F20: 30 | G20: 0.6 | H20: 0.6 | I20: 3.5186 | J20: =E20*F20*G20*H20*I20
C21: - Bê tông 7 cọc mố M2 (L=36m, D=1.2m, hs nở thành 1.12) | D21: m3 | E21: 7 | F21: 36 | G21: 0.6 | H21: 0.6 | I21: 3.5186 | J21: =E21*F21*G21*H21*I21
A22: 4 | B22: AF.61111 | C22: Cốt thép cọc khoan nhồi D1200mm (Thép chủ D25, đai D16, D10) | D22: Tấn | J22: 108.76599 | K22: 18500000 | L22: =J22*K22
C23: - Cốt thép cọc mố M1 (3 cọc x 5.889 tấn/cọc) | D23: Tấn | E23: 3 | F23: 5.889 | G23: 1 | H23: 1 | I23: 1 | J23: =E23*F23*G23*H23*I23
C24: - Cốt thép cọc trụ T1 (8 cọc x 4.845 tấn/cọc) | D24: Tấn | E24: 8 | F24: 4.845 | G24: 1 | H24: 1 | I24: 1 | J24: =E24*F24*G24*H24*I24
C25: - Cốt thép cọc trụ T2 (8 cọc x 3.687 tấn/cọc) | D25: Tấn | E25: 8 | F25: 3.687 | G25: 1 | H25: 1 | I25: 1 | J25: =E25*F25*G25*H25*I25
C26: - Cốt thép cọc mố M2 (7 cọc x 4.721 tấn/cọc) | D26: Tấn | E26: 7 | F26: 4.721 | G26: 1 | H26: 1 | I26: 1 | J26: =E26*F26*G26*H26*I26
A27: 5 | B27: AC.13111 | C27: Đập đầu cọc khoan nhồi nhô lên đáy bệ ngàm vào kết cấu | D27: m3 | J27: =SUM(J28:J28) | K27: 550000 | L27: =J27*K27
C28: - Đập đầu 26 cọc khoan nhồi (chiều cao đập h=1.0m) | D28: m3 | E28: 26 | F28: 1 | G28: 0.6 | H28: 0.6 | I28: 3.1416 | J28: =E28*F28*G28*H28*I28
A29: 6 | B29: TN.11111 | C29: Thí nghiệm kiểm soát cọc (Siêu âm 156 mặt cắt, PDA 9434kN, lấy lõi 4 cọc) | D29: Gói | J29: =SUM(J30:J30) | K29: 450000000 | L29: =J29*K29
C30: - Gói thí nghiệm siêu âm 100% cọc, nén động PDA trụ T1 & khoan lấy lõi | D30: Gói | E30: 1 | F30: 1 | G30: 1 | H30: 1 | I30: 1 | J30: =E30*F30*G30*H30*I30
A31: PHẦN II: KẾT CẤU PHẦN DƯỚI (BỆ, THÂN, XÀ MŨ MỐ M1, M2 & TRỤ T1, T2)
A32: 7 | B32: AB.11111 | C32: Đào đất đá hố móng bệ mố M1, M2 và bệ trụ T1, T2 (Link Sheet Đào Đắp) | D32: m3 | J32: =SUM(J33:J33) | K32: 145000 | L32: =J32*K32
C33: - Đào đất đá hố móng bệ mố M1,M2 & bệ trụ T1,T2 → =KHOI_LUONG_DAO_DAP!F21 | D33: m3 | E33: 1 | F33: 1 | G33: 1 | H33: 1 | I33: 1 | J33: 6245
A34: 8 | B34: AF.11111 | C34: Bê tông lót đáy bệ móng mác C10 dày 10cm | D34: m3 | J34: =SUM(J35:J38) | K34: 1150000 | L34: =J34*K34
C35: - Lớp bê tông lót đáy bệ mố M1 chân dê | D35: m3 | E35: 1 | F35: 12.5 | G35: 6 | H35: 0.1 | I35: 1 | J35: =E35*F35*G35*H35*I35
C36: - Lớp bê tông lót đáy bệ mố M2 chữ U | D36: m3 | E36: 1 | F36: 14 | G36: 6.5 | H36: 0.1 | I36: 1 | J36: =E36*F36*G36*H36*I36
C37: - Lớp bê tông lót đáy bệ trụ T1 | D37: m3 | E37: 1 | F37: 13 | G37: 6.5 | H37: 0.1 | I37: 1 | J37: =E37*F37*G37*H37*I37
C38: - Lớp bê tông lót đáy bệ trụ T2 | D38: m3 | E38: 1 | F38: 13 | G38: 6.5 | H38: 0.1 | I38: 1 | J38: =E38*F38*G38*H38*I38
A39: 9 | B39: AF.12111 | C39: Bê tông bệ móng mố M1, M2 và bệ trụ T1, T2 mác C30 | D39: m3 | J39: =SUM(J40:J43) | K39: 1480000 | L39: =J39*K39
C40: - Bệ móng mố M1 chân dê (chiều cao bệ h=2.0m) | D40: m3 | E40: 1 | F40: 12 | G40: 5.5 | H40: 2 | I40: 1.1287 | J40: =E40*F40*G40*H40*I40
C41: - Bệ móng mố M2 chữ U (chiều cao bệ h=2.0m) | D41: m3 | E41: 1 | F41: 13.5 | G41: 5.5 | H41: 2 | I41: 1.0033 | J41: =E41*F41*G41*H41*I41
C42: - Bệ móng trụ T1 thân đặc (chiều cao bệ h=2.5m) | D42: m3 | E42: 1 | F42: 12.3 | G42: 6 | H42: 2.5 | I42: 1 | J42: =E42*F42*G42*H42*I42
C43: - Bệ móng trụ T2 thân đặc (chiều cao bệ h=2.5m) | D43: m3 | E43: 1 | F43: 12.3 | G43: 6 | H43: 2.5 | I43: 1 | J43: =E43*F43*G43*H43*I43
A44: 10 | B44: AF.12211 | C44: Bê tông thân mố chân dê M1 và mố chữ U M2 mác C30 | D44: m3 | J44: =SUM(J45:J46) | K44: 1520000 | L44: =J44*K44
C45: - Thân mố M1 chân dê | D45: m3 | E45: 1 | F45: 11.75 | G45: 1.2 | H45: 6 | I45: 1 | J45: =E45*F45*G45*H45*I45
C46: - Thân mố M2 chữ U (tường thân trước) | D46: m3 | E46: 1 | F46: 11.75 | G46: 1.2 | H46: 6 | I46: 1 | J46: =E46*F46*G46*H46*I46
A47: 11 | B47: AF.12311 | C47: Bê tông tường cánh và tường đỉnh mố M1, M2 mác C30 | D47: m3 | J47: =SUM(J48:J49) | K47: 1520000 | L47: =J47*K47
C48: - Tường đỉnh mố M1 và M2 | D48: m3 | E48: 2 | F48: 11.75 | G48: 0.45 | H48: 2.71 | I48: 1 | J48: =E48*F48*G48*H48*I48
C49: - Tường cánh mố M1 và M2 (4 tường cánh vát) | D49: m3 | E49: 4 | F49: 7.5 | G49: 0.4 | H49: 4.22 | I49: 0.4 | J49: =E49*F49*G49*H49*I49
A50: 12 | B50: AF.13111 | C50: Bê tông thân đặc trụ T1 và T2 mác C30 | D50: m3 | J50: =SUM(J51:J52) | K50: 1550000 | L50: =J50*K50
C51: - Thân đặc trụ T1 (chiều cao trụ H=14.5m) | D51: m3 | E51: 1 | F51: 9.75 | G51: 2 | H51: 14.5 | I51: 0.995 | J51: =E51*F51*G51*H51*I51
C52: - Thân đặc trụ T2 (chiều cao trụ H=11.4m) | D52: m3 | E52: 1 | F52: 9.75 | G52: 2 | H52: 11.4 | I52: 0.995 | J52: =E52*F52*G52*H52*I52
A53: 13 | B53: AF.13211 | C53: Bê tông xà mũ trụ T1, T2 mác C30 | D53: m3 | J53: =SUM(J54:J55) | K53: 1580000 | L53: =J53*K53
C54: - Xà mũ trụ T1 (kích thước vát 12.3m x 3.3m x 1.8m) | D54: m3 | E54: 1 | F54: 12.3 | G54: 3.3 | H54: 1.8 | I54: 1 | J54: =E54*F54*G54*H54*I54
C55: - Xà mũ trụ T2 (kích thước vát 12.3m x 3.3m x 1.8m) | D55: m3 | E55: 1 | F55: 12.3 | G55: 3.3 | H55: 1.8 | I55: 1 | J55: =E55*F55*G55*H55*I55
A56: 14 | B56: AF.62111 | C56: Cốt thép mố và trụ (D<=10, 10<D<=18, D>18) | D56: Tấn | J56: 224.65226 | K56: 18500000 | L56: =J56*K56
C57: - Cốt thép mố M1 (tổng hợp bản vẽ Trang 31) | D57: Tấn | E57: 1 | F57: 23.45 | G57: 1 | H57: 1 | I57: 1 | J57: =E57*F57*G57*H57*I57
C58: - Cốt thép mố M2 (tổng hợp bản vẽ Trang 40) | D58: Tấn | E58: 1 | F58: 31.85 | G58: 1 | H58: 1 | I58: 1 | J58: =E58*F58*G58*H58*I58
C59: - Cốt thép trụ T1 (bệ, thân, xà mũ) | D59: Tấn | E59: 1 | F59: 38.6 | G59: 1 | H59: 1 | I59: 1 | J59: =E59*F59*G59*H59*I59
C60: - Cốt thép trụ T2 (bệ, thân, xà mũ) | D60: Tấn | E60: 1 | F60: 34.2 | G60: 1 | H60: 1 | I60: 1 | J60: =E60*F60*G60*H60*I60
A61: PHẦN III: KẾT CẤU PHẦN TRÊN (15 PHIẾN DẦM SUPER-T L=38.2M, BẢN MẶT CẦU)
A62: 15 | B62: AF.31111 | C62: Bê tông dầm chủ Super-T L=38.2m mác cao C45/55 | D62: m3 | J62: =SUM(J63:J63) | K62: 2150000 | L62: =J62*K62
C63: - Bê tông 15 phiến dầm Super-T (chiều dài L=38.2m, F_tb=0.759m2) | D63: m3 | E63: 15 | F63: 38.2 | G63: 0.759 | H63: 1 | I63: 1 | J63: =E63*F63*G63*H63*I63
A64: 16 | B64: AF.63111 | C64: Cáp dự ứng lực tao xoắn 15.2mm Grade 270 kéo căng trước/sau | D64: Tấn | J64: 27.783624 | K64: 42000000 | L64: =J64*K64
C65: - Cáp DUL 15 phiến dầm Super-T (15 phiến x 1.994 tấn/phiến) | D65: Tấn | E65: 15 | F65: 1.994 | G65: 1 | H65: 1 | I65: 1 | J65: =E65*F65*G65*H65*I65
A66: 17 | B66: AF.64111 | C66: Cốt thép thường dầm chủ Super-T (D10, D14, D16, D20) | D66: Tấn | J66: 361.5961 | K66: 18800000 | L66: =J66*K66
C67: - Cốt thép thường 15 phiến dầm Super-T (15 phiến x 6.042 tấn/phiến) | D67: Tấn | E67: 15 | F67: 6.042 | G67: 1 | H67: 1 | I67: 1 | J67: =E67*F67*G67*H67*I67
A68: 18 | B68: AC.21111 | C68: Vận chuyển và lao lắp 15 phiến dầm Super-T bằng giá lao dầm ray P43 | D68: Phiến | J68: =SUM(J69:J69) | K68: 18500000 | L68: =J68*K68
C69: - Lao lắp hoàn chỉnh 15 phiến dầm vào 3 nhịp (3 nhịp x 5 phiến) | D69: Phiến | E69: 3 | F69: 5 | G69: 1 | H69: 1 | I69: 1 | J69: =E69*F69*G69*H69*I69
A70: 19 | B70: AF.32111 | C70: Gối chậu cao su di động đơn hướng và song hướng | D70: Cái | J70: =SUM(J71:J72) | K70: 12500000 | L70: =J70*K70
C71: - Gối chậu đơn hướng (15 vị trí trên mố và trụ) | D71: Cái | E71: 15 | F71: 1 | G71: 1 | H71: 1 | I71: 1 | J71: =E71*F71*G71*H71*I71
C72: - Gối chậu song hướng (15 vị trí trên mố và trụ) | D72: Cái | E72: 15 | F72: 1 | G72: 1 | H72: 1 | I72: 1 | J72: =E72*F72*G72*H72*I72
A73: 20 | B73: AF.33111 | C73: Bê tông dầm ngang mố và trụ mác C35 | D73: m3 | J73: =SUM(J74:J74) | K73: 1650000 | L73: =J73*K73
C74: - Dầm ngang tại 2 mố và 2 trụ | D74: m3 | E74: 4 | F74: 12.3 | G74: 0.45 | H74: 1.8 | I74: 1 | J74: =E74*F74*G74*H74*I74
A75: 21 | B75: AF.34111 | C75: Cung cấp và lắp đặt tấm ván khuôn đúc sẵn đáy bản mặt cầu | D75: Tấm | J75: =SUM(J76:J76) | K75: 285000 | L75: =J75*K75
C76: - Tấm ván khuôn đúc sẵn (510 tấm toàn cầu) | D76: Tấm | E76: 510 | F76: 1 | G76: 1 | H76: 1 | I76: 1 | J76: =E76*F76*G76*H76*I76
A77: 22 | B77: AF.35111 | C77: Bê tông bản mặt cầu đổ tại chỗ dày 180mm mác C35 | D77: m3 | J77: =SUM(J78:J78) | K77: 1680000 | L77: =J77*K77
C78: - Bê tông bản mặt cầu 3 nhịp (L=118.2m, B=12.615m, d=0.18m, trừ dầm) | D78: m3 | E78: 1 | F78: 118.2 | G78: 12.615 | H78: 0.18 | I78: 1.1378 | J78: =E78*F78*G78*H78*I78
A79: 23 | B79: AF.36111 | C79: Bê tông mối nối liên tục nhiệt đỉnh trụ T1, T2 mác C35 | D79: m3 | J79: =SUM(J80:J80) | K79: 1700000 | L79: =J79*K79
C80: - Bản liên tục nhiệt tại trụ T1 và T2 | D80: m3 | E80: 2 | F80: 12.615 | G80: 4 | H80: 0.216 | I80: 1 | J80: =E80*F80*G80*H80*I80
A81: 24 | B81: AF.65111 | C81: Cốt thép bản mặt cầu và mối nối liên tục nhiệt (D14, D16) | D81: Tấn | J81: =SUM(J82:J82) | K81: 18500000 | L81: =J81*K81
C82: - Thép bản mặt cầu loại 1, loại 2, loại 3 & liên tục nhiệt | D82: Tấn | E82: 1 | F82: 33.07 | G82: 1 | H82: 1 | I82: 1 | J82: =E82*F82*G82*H82*I82
A83: 25 | B83: AC.31111 | C83: Khe co giãn răng lược thép D=100mm mạ kẽm nhúng nóng | D83: m | J83: =SUM(J84:J84) | K83: 8500000 | L83: =J83*K83
C84: - Khe co giãn mố M1 và M2 (2 vị trí x 12.25m) | D84: m | E84: 2 | F84: 12.25 | G84: 1 | H84: 1 | I84: 1 | J84: =E84*F84*G84*H84*I84
A85: PHẦN IV: KẾT CẤU PHỤ TRỢ, ĐƯỜNG ĐẦU CẦU & HOÀN THIỆN TOÀN CẦU
A86: 26 | B86: AF.41111 | C86: Bê tông bản quá độ sau mố M1, M2 mác C25 | D86: m3 | J86: =SUM(J87:J88) | K86: 1450000 | L86: =J86*K86
C87: - Bản quá độ sau mố M1 (L=8.0m, B=12.5m, d=0.35m) | D87: m3 | E87: 1 | F87: 8 | G87: 12.5 | H87: 0.35 | I87: 0.9626 | J87: =E87*F87*G87*H87*I87
C88: - Bản quá độ sau mố M2 (L=8.0m, B=12.5m, d=0.35m) | D88: m3 | E88: 1 | F88: 8 | G88: 12.5 | H88: 0.35 | I88: 0.9626 | J88: =E88*F88*G88*H88*I88
A89: 27 | B89: AB.21111 | C89: Đắp vật liệu dạng hạt chọn lọc sau mố đầm chặt K >= 0.98 | D89: m3 | J89: =SUM(J90:J90) | K89: 185000 | L89: =J89*K89
C90: - Đoạn đắp chuyển tiếp sau mố M1 và M2 | D90: m3 | E90: 2 | F90: 18 | G90: 12.5 | H90: 4.5 | I90: 0.5 | J90: =E90*F90*G90*H90*I90
A91: 28 | B91: AF.42111 | C91: Bê tông gờ lan can mác C25 và lắp tay vịn thép mạ kẽm | D91: m | J91: =SUM(J92:J92) | K91: 1650000 | L91: =J91*K91
C92: - Lan can 2 bên suốt chiều dài cầu (2 bên x 130.4m) | D92: m | E92: 2 | F92: 130.4 | G92: 1 | H92: 1 | I92: 1 | J92: =E92*F92*G92*H92*I92
A93: 29 | B93: AC.41111 | C93: Hệ thống thoát nước mặt cầu (24 bộ hố ga gang & ống PVC D150) | D93: Bộ | J93: =SUM(J94:J94) | K93: 2850000 | L93: =J93*K93
C94: - Cụm hố ga gang xám có lưới chắn rác và ống xả D150 | D94: Bộ | E94: 24 | F94: 1 | G94: 1 | H94: 1 | I94: 1 | J94: =E94*F94*G94*H94*I94
A95: 30 | B95: AD.11111 | C95: Lớp phun chống thấm & thảm bê tông nhựa chặt C16 dày 7cm mặt cầu | D95: m2 | J95: =SUM(J96:J96) | K95: 385000 | L95: =J95*K95
C96: - Diện tích mặt cầu xe chạy (L=118.2m x B=11.68m) | D96: m2 | E96: 1 | F96: 118.2 | G96: 11.678 | H96: 1 | I96: 1 | J96: =E96*F96*G96*H96*I96
A97: 31 | B97: AL.11111 | C97: Gia cố mái taluy tứ nón mố bằng đá hộc xây vữa VXM M100 | D97: m3 | J97: =SUM(J98:J98) | K97: 850000 | L97: =J97*K97
C98: - Tứ nón và chân khay đá hộc mố M1, M2 | D98: m3 | E98: 1 | F98: 52.216 | G98: 1 | H98: 1 | I98: 1 | J98: =E98*F98*G98*H98*I98
A99: 32 | B99: TN.21111 | C99: Thử tải tĩnh/động cầu & kiểm định an toàn chịu lực trước khi bàn giao | D99: Gói | J99: =SUM(J100:J100) | K99: 350000000 | L99: =J99*K99
C100: - Trọn gói thử tải xe tải nặng theo đề cương phê duyệt | D100: Gói | E100: 1 | F100: 1 | G100: 1 | H100: 1 | I100: 1 | J100: =E100*F100*G100*H100*I100
A101: TỔNG CỘNG CHI PHÍ TRỰC TIẾP (T) (VNĐ) | L101: =L7+L12+L17+L22+L27+L29+L32+L34+L39+L44+L47+L50+L53+L56+L62+L64+L66+L68+L70+L73+L75+L77+L79+L81+L83+L86+L89+L91+L93+L95+L97+L99
