Workbook

Sheet 01_THONG_SO_DU_AN
B2: DỰ ÁN: SÂN VẬN ĐỘNG OLYMPIC - THƯỜNG TÍN (HÀ NỘI)
B3: HẠNG MỤC: HẠ TẦNG KỸ THUẬT THI CÔNG SAN LẤP CỤM B9 VÀ ĐƯỜNG NỘI BỘ
B4: BẢNG THIẾT LẬP THÔNG SỐ ĐIỀU HÀNH TIẾN ĐỘ & CA MÁY (100% CÔNG THỨC SỐNG)
B5: Thông số quản trị dự án | C5: Giá trị thiết lập | D5: Ghi chú kỹ thuật & Cơ chế liên kết động
B6: Ngày phát lệnh khởi công (Bắt đầu) | C6: 46245 | D6: Input gốc: Đổi ngày này, toàn bộ 14 công tác và 97 cột Gantt tự động nhảy theo!
B7: Ngày hoàn thành mục tiêu (Deadline) | C7: =MAX('03_TIEN_DO_GANTT_CPM'!$K$6:$K$19) | D7: Công thức: MAX('03_TIEN_DO_GANTT_CPM'!$K$6:$K$19) — Tự động cập nhật theo công tác kết thúc muộn nhất
B8: Tổng thời gian thi công (Ngày) | C8: =C7-C6+1 | D8: Công thức: C7-C6+1 — Tự động tính số ngày lịch liên tục
B9: Chế độ làm việc công trường (Ca/ngày) | C9: 2 | D9: 2 ca/ngày (10 giờ/ca = 20 giờ làm việc/ngày)
B10: Hệ số ca máy (HSTCA) | C10: =C9 | D10: Công thức: C9 — Tự động lấy theo chế độ ca làm việc
B11: Công tắc hiển thị biểu đồ Gantt | C11: 1 | D11: Nhập 1 = Thanh Gantt (█) | Nhập 2 = Nhân công (người) | Nhập 3 = Ca máy (máy)
B12: Tiêu chuẩn kỹ thuật áp dụng | C12: TCVN 9436:2012 / TCVN 8819:2011 | D12: Thi công & nghiệm thu nền đường, móng mặt đường
B13: Định mức thi công tham chiếu | C13: Định mức Vincons & TT 38/2026/TT-BXD | D13: Định mức dự toán & ca máy xây dựng công trình

Sheet 02_DINH_MUC_CA_MAY_VA_DAU
B2: HỆ THỐNG ĐỊNH MỨC NĂNG SUẤT CA MÁY & TIÊU HAO NHIÊN LIỆU (VINCONS_ĐMGK_02-01)
B3: Bảng dữ liệu gốc phục vụ tra cứu tự động qua hàm VLOOKUP cho toàn bộ hệ thống
B5: STT | C5: Mã máy | D5: Tên phương tiện / Thiết bị | E5: ĐVT năng suất | F5: Năng suất Vincons (ĐVT/ca) | G5: Định mức dầu Diesel (Lít/ca) | H5: Số nhân công đi kèm (Người/ca)
B6: 1 | C6: M1 | D6: Máy xúc bánh xích PC200 - PC300 | E6: m3 | F6: 401.07 | G6: 89.6 | H6: 2
B7: 2 | C7: M3 | D7: Máy ủi D3 - D5 | E7: m3 | F7: 350 | G7: 124 | H7: 2
B8: 3 | C8: M4 | D8: Máy ủi công suất lớn CS 230CV | E8: m3 | F8: 550 | G8: 155 | H8: 2
B9: 4 | C9: M5 | D9: Máy lu rung 12T - 16T | E9: m3 | F9: 380 | G9: 95 | H9: 2
B10: 5 | C10: M6 | D10: Máy san tự hành 110CV | E10: m3 | F10: 420 | G10: 110 | H10: 2
B11: 6 | C11: M7 | D11: Ô tô tự đổ 18 tấn | E11: m3 | F11: 160 | G11: 78 | H11: 1
B12: 7 | C12: M8 | D12: Máy xúc bánh lốp PC140 | E12: m/ca | F12: 120 | G12: 65 | H12: 3
B13: 8 | C13: M9 | D13: Máy rải bê tông nhựa chuyên dụng | E13: m2 | F13: 1500 | G13: 140 | H13: 6
B14: 9 | C14: M10 | D14: Máy lu lốp tĩnh 16 tấn | E14: m2 | F14: 1800 | G14: 85 | H14: 2
B15: 10 | C15: M11 | D15: Máy tưới nhũ tương đường bộ | E15: m2 | F15: 3000 | G15: 45 | H15: 2
B16: 11 | C16: MP1 | D16: Xe téc & Xe cấp dầu hiện trường | E16: xe/ca | F16: 1 | G16: 50 | H16: 2

Sheet 03_TIEN_DO_GANTT_CPM
B2: TIẾN ĐỘ THI CÔNG CHI TIẾT & ĐIỀU PHỐI CA MÁY THEO ĐƯỜNG GĂNG (CPM GANTT)
B3: 100% Công thức động: Thay đổi thông số ở Sheet 01, toàn bộ bảng tiến độ tự động tái cân bằng | O3: =MONTH(O$4) | P3: =MONTH(P$4) | Q3: =MONTH(Q$4) | R3: =MONTH(R$4) | S3: =MONTH(S$4) | T3: =MONTH(T$4) | U3: =MONTH(U$4) | V3: =MONTH(V$4) | ... DG3: =MONTH(DG$4)
O4: ='01_THONG_SO_DU_AN'!$C$6 | P4: =O$4+1 | Q4: =P$4+1 | R4: =Q$4+1 | S4: =R$4+1 | T4: =S$4+1 | U4: =T$4+1 | V4: =U$4+1 | W4: =V$4+1 | ... DG4: =DF$4+1
A5: STT | B5: Mã WBS | C5: Danh mục công tác thi công Cụm B9 | D5: ĐVT | E5: Khối lượng | F5: Mã thiết bị | G5: Định mức NS (=VLOOKUP) | H5: Tổng số ca máy (=Khối lượng/NS) | I5: Thời gian thi công (Ngày) | J5: Ngày bắt đầu (ES) | K5: Ngày kết thúc (EF) | L5: Đường găng (CPM) | M5: Số máy/ngày (=Ca/(Ngày*HSTCA)) | N5: Số nhân công/ngày (=Máy*NC/ca) | O5: 1 | P5: 2 | Q5: 3 | R5: 4 | S5: 5 | T5: 6 | U5: 7 | V5: 8 | W5: 9 | X5: 10 | Y5: 11 | Z5: 12 | AA5: 13 | AB5: 14 | AC5: 15 | AD5: 16 | AE5: 17 | AF5: 18 | AG5: 19 | AH5: 20 | AI5: 21 | AJ5: 22 | AK5: 23 | AL5: 24 | AM5: 25 | AN5: 26 | AO5: 27 | AP5: 28 | AQ5: 29 | AR5: 30 | AS5: 31 | AT5: 32 | AU5: 33 | AV5: 34 | AW5: 35 | AX5: 36 | AY5: 37 | AZ5: 38 | BA5: 39 | BB5: 40 | BC5: 41 | BD5: 42 | BE5: 43 | BF5: 44 | BG5: 45 | BH5: 46 | BI5: 47 | BJ5: 48 | BK5: 49 | BL5: 50 | BM5: 51 | BN5: 52 | BO5: 53 | BP5: 54 | BQ5: 55 | BR5: 56 | BS5: 57 | BT5: 58 | BU5: 59 | BV5: 60 | BW5: 61 | BX5: 62 | BY5: 63 | BZ5: 64 | CA5: 65 | CB5: 66 | CC5: 67 | CD5: 68 | CE5: 69 | CF5: 70 | CG5: 71 | CH5: 72 | CI5: 73 | CJ5: 74 | CK5: 75 | CL5: 76 | CM5: 77 | CN5: 78 | CO5: 79 | CP5: 80 | CQ5: 81 | CR5: 82 | CS5: 83 | CT5: 84 | CU5: 85 | CV5: 86 | CW5: 87 | CX5: 88 | CY5: 89 | CZ5: 90 | DA5: 91 | DB5: 92 | DC5: 93 | DD5: 94 | DE5: 95 | DF5: 96 | DG5: 97
A6: 1 | B6: 1.0 | C6: Huy động máy móc thiết bị & Lán trại phụ trợ | D6: gói | E6: 1 | F6: MP1 | G6: =VLOOKUP(F6, '02_DINH_MUC_CA_MAY_VA_DAU'!$C$6:$I$16, 5, FALSE) | H6: =E6/G6 | I6: 7 | J6: ='01_THONG_SO_DU_AN'!$C$6 | K6: =J6+I6-1 | L6: =IF(K6='01_THONG_SO_DU_AN'!$C$7, "CRITICAL (GĂNG)", "") | M6: =ROUNDUP(H6/(I6*'01_THONG_SO_DU_AN'!$C$10), 0) | N6: =M6*VLOOKUP(F6, '02_DINH_MUC_CA_MAY_VA_DAU'!$C$6:$I$16, 7, FALSE) | O6: =IF(AND(O$4>=$J6, O$4<=$K6), IF('01_THONG_SO_DU_AN'!$C$11=1, "█", IF('01_THONG_SO_DU_AN'!$C$11=2, $N6, $M6)), "") | P6: =IF(AND(P$4>=$J6, P$4<=$K6), IF('01_THONG_SO_DU_AN'!$C$11=1, "█", IF('01_THONG_SO_DU_AN'!$C$11=2, $N6, $M6)), "") | Q6: =IF(AND(Q$4>=$J6, Q$4<=$K6), IF('01_THONG_SO_DU_AN'!$C$11=1, "█", IF('01_THONG_SO_DU_AN'!$C$11=2, $N6, $M6)), "") | R6: =IF(AND(R$4>=$J6, R$4<=$K6), IF('01_THONG_SO_DU_AN'!$C$11=1, "█", IF('01_THONG_SO_DU_AN'!$C$11=2, $N6, $M6)), "") | S6: =IF(AND(S$4>=$J6, S$4<=$K6), IF('01_THONG_SO_DU_AN'!$C$11=1, "█", IF('01_THONG_SO_DU_AN'!$C$11=2, $N6, $M6)), "") | T6: =IF(AND(T$4>=$J6, T$4<=$K6), IF('01_THONG_SO_DU_AN'!$C$11=1, "█", IF('01_THONG_SO_DU_AN'!$C$11=2, $N6, $M6)), "") | U6: =IF(AND(U$4>=$J6, U$4<=$K6), IF('01_THONG_SO_DU_AN'!$C$11=1, "█", IF('01_THONG_SO_DU_AN'!$C$11=2, $N6, $M6)), "") | V6: =IF(AND(V$4>=$J6, V$4<=$K6), IF('01_THONG_SO_DU_AN'!$C$11=1, "█", IF('01_THONG_SO_DU_AN'!$C$11=2, $N6, $M6)), "") | ... DG6: =IF(AND(DG$4>=$J6, DG$4<=$K6), IF('01_THONG_SO_DU_AN'!$C$11=1, "█", IF('01_THONG_SO_DU_AN'!$C$11=2, $N6, $M6)), "")
A7: 2 | B7: 1.1 | C7: Đào bóc hữu cơ lòng đường & gom tập kết | D7: m3 | E7: 102793.8 | F7: M1 | G7: =VLOOKUP(F7, '02_DINH_MUC_CA_MAY_VA_DAU'!$C$6:$I$16, 5, FALSE) | H7: =E7/G7 | I7: 74 | J7: =J6 | K7: =J7+I7-1 | L7: =IF(K7='01_THONG_SO_DU_AN'!$C$7, "CRITICAL (GĂNG)", "") | M7: =ROUNDUP(H7/(I7*'01_THONG_SO_DU_AN'!$C$10), 0) | N7: =M7*VLOOKUP(F7, '02_DINH_MUC_CA_MAY_VA_DAU'!$C$6:$I$16, 7, FALSE) | O7: =IF(AND(O$4>=$J7, O$4<=$K7), IF('01_THONG_SO_DU_AN'!$C$11=1, "█", IF('01_THONG_SO_DU_AN'!$C$11=2, $N7, $M7)), "") | P7: =IF(AND(P$4>=$J7, P$4<=$K7), IF('01_THONG_SO_DU_AN'!$C$11=1, "█", IF('01_THONG_SO_DU_AN'!$C$11=2, $N7, $M7)), "") | Q7: =IF(AND(Q$4>=$J7, Q$4<=$K7), IF('01_THONG_SO_DU_AN'!$C$11=1, "█", IF('01_THONG_SO_DU_AN'!$C$11=2, $N7, $M7)), "") | R7: =IF(AND(R$4>=$J7, R$4<=$K7), IF('01_THONG_SO_DU_AN'!$C$11=1, "█", IF('01_THONG_SO_DU_AN'!$C$11=2, $N7, $M7)), "") | S7: =IF(AND(S$4>=$J7, S$4<=$K7), IF('01_THONG_SO_DU_AN'!$C$11=1, "█", IF('01_THONG_SO_DU_AN'!$C$11=2, $N7, $M7)), "") | T7: =IF(AND(T$4>=$J7, T$4<=$K7), IF('01_THONG_SO_DU_AN'!$C$11=1, "█", IF('01_THONG_SO_DU_AN'!$C$11=2, $N7, $M7)), "") | U7: =IF(AND(U$4>=$J7, U$4<=$K7), IF('01_THONG_SO_DU_AN'!$C$11=1, "█", IF('01_THONG_SO_DU_AN'!$C$11=2, $N7, $M7)), "") | V7: =IF(AND(V$4>=$J7, V$4<=$K7), IF('01_THONG_SO_DU_AN'!$C$11=1, "█", IF('01_THONG_SO_DU_AN'!$C$11=2, $N7, $M7)), "") | ... DG7: =IF(AND(DG$4>=$J7, DG$4<=$K7), IF('01_THONG_SO_DU_AN'!$C$11=1, "█", IF('01_THONG_SO_DU_AN'!$C$11=2, $N7, $M7)), "")
A8: 3 | B8: 1.2 | C8: Vận chuyển đất đào hữu cơ nội bộ < 5km | D8: m3 | E8: 102793.8 | F8: M7 | G8: =VLOOKUP(F8, '02_DINH_MUC_CA_MAY_VA_DAU'!$C$6:$I$16, 5, FALSE) | H8: =E8/G8 | I8: 72 | J8: =J7 | K8: =J8+I8-1 | L8: =IF(K8='01_THONG_SO_DU_AN'!$C$7, "CRITICAL (GĂNG)", "") | M8: =ROUNDUP(H8/(I8*'01_THONG_SO_DU_AN'!$C$10), 0) | N8: =M8*VLOOKUP(F8, '02_DINH_MUC_CA_MAY_VA_DAU'!$C$6:$I$16, 7, FALSE) | O8: =IF(AND(O$4>=$J8, O$4<=$K8), IF('01_THONG_SO_DU_AN'!$C$11=1, "█", IF('01_THONG_SO_DU_AN'!$C$11=2, $N8, $M8)), "") | P8: =IF(AND(P$4>=$J8, P$4<=$K8), IF('01_THONG_SO_DU_AN'!$C$11=1, "█", IF('01_THONG_SO_DU_AN'!$C$11=2, $N8, $M8)), "") | Q8: =IF(AND(Q$4>=$J8, Q$4<=$K8), IF('01_THONG_SO_DU_AN'!$C$11=1, "█", IF('01_THONG_SO_DU_AN'!$C$11=2, $N8, $M8)), "") | R8: =IF(AND(R$4>=$J8, R$4<=$K8), IF('01_THONG_SO_DU_AN'!$C$11=1, "█", IF('01_THONG_SO_DU_AN'!$C$11=2, $N8, $M8)), "") | S8: =IF(AND(S$4>=$J8, S$4<=$K8), IF('01_THONG_SO_DU_AN'!$C$11=1, "█", IF('01_THONG_SO_DU_AN'!$C$11=2, $N8, $M8)), "") | T8: =IF(AND(T$4>=$J8, T$4<=$K8), IF('01_THONG_SO_DU_AN'!$C$11=1, "█", IF('01_THONG_SO_DU_AN'!$C$11=2, $N8, $M8)), "") | U8: =IF(AND(U$4>=$J8, U$4<=$K8), IF('01_THONG_SO_DU_AN'!$C$11=1, "█", IF('01_THONG_SO_DU_AN'!$C$11=2, $N8, $M8)), "") | V8: =IF(AND(V$4>=$J8, V$4<=$K8), IF('01_THONG_SO_DU_AN'!$C$11=1, "█", IF('01_THONG_SO_DU_AN'!$C$11=2, $N8, $M8)), "") | ... DG8: =IF(AND(DG$4>=$J8, DG$4<=$K8), IF('01_THONG_SO_DU_AN'!$C$11=1, "█", IF('01_THONG_SO_DU_AN'!$C$11=2, $N8, $M8)), "")
A9: 4 | B9: 1.3 | C9: Thi công đắp đất / cát K90 nền đường | D9: m3 | E9: 360680 | F9: M3 | G9: =VLOOKUP(F9, '02_DINH_MUC_CA_MAY_VA_DAU'!$C$6:$I$16, 5, FALSE) | H9: =E9/G9 | I9: 74 | J9: =J7+2 | K9: =J9+I9-1 | L9: =IF(K9='01_THONG_SO_DU_AN'!$C$7, "CRITICAL (GĂNG)", "") | M9: =ROUNDUP(H9/(I9*'01_THONG_SO_DU_AN'!$C$10), 0) | N9: =M9*VLOOKUP(F9, '02_DINH_MUC_CA_MAY_VA_DAU'!$C$6:$I$16, 7, FALSE) | O9: =IF(AND(O$4>=$J9, O$4<=$K9), IF('01_THONG_SO_DU_AN'!$C$11=1, "█", IF('01_THONG_SO_DU_AN'!$C$11=2, $N9, $M9)), "") | P9: =IF(AND(P$4>=$J9, P$4<=$K9), IF('01_THONG_SO_DU_AN'!$C$11=1, "█", IF('01_THONG_SO_DU_AN'!$C$11=2, $N9, $M9)), "") | Q9: =IF(AND(Q$4>=$J9, Q$4<=$K9), IF('01_THONG_SO_DU_AN'!$C$11=1, "█", IF('01_THONG_SO_DU_AN'!$C$11=2, $N9, $M9)), "") | R9: =IF(AND(R$4>=$J9, R$4<=$K9), IF('01_THONG_SO_DU_AN'!$C$11=1, "█", IF('01_THONG_SO_DU_AN'!$C$11=2, $N9, $M9)), "") | S9: =IF(AND(S$4>=$J9, S$4<=$K9), IF('01_THONG_SO_DU_AN'!$C$11=1, "█", IF('01_THONG_SO_DU_AN'!$C$11=2, $N9, $M9)), "") | T9: =IF(AND(T$4>=$J9, T$4<=$K9), IF('01_THONG_SO_DU_AN'!$C$11=1, "█", IF('01_THONG_SO_DU_AN'!$C$11=2, $N9, $M9)), "") | U9: =IF(AND(U$4>=$J9, U$4<=$K9), IF('01_THONG_SO_DU_AN'!$C$11=1, "█", IF('01_THONG_SO_DU_AN'!$C$11=2, $N9, $M9)), "") | V9: =IF(AND(V$4>=$J9, V$4<=$K9), IF('01_THONG_SO_DU_AN'!$C$11=1, "█", IF('01_THONG_SO_DU_AN'!$C$11=2, $N9, $M9)), "") | ... DG9: =IF(AND(DG$4>=$J9, DG$4<=$K9), IF('01_THONG_SO_DU_AN'!$C$11=1, "█", IF('01_THONG_SO_DU_AN'!$C$11=2, $N9, $M9)), "")
A10: 5 | B10: 1.4 | C10: Thi công đắp cát K95 lớp 1 | D10: m3 | E10: 90170 | F10: M3 | G10: =VLOOKUP(F10, '02_DINH_MUC_CA_MAY_VA_DAU'!$C$6:$I$16, 5, FALSE) | H10: =E10/G10 | I10: 74 | J10: =J9+4 | K10: =J10+I10-1 | L10: =IF(K10='01_THONG_SO_DU_AN'!$C$7, "CRITICAL (GĂNG)", "") | M10: =ROUNDUP(H10/(I10*'01_THONG_SO_DU_AN'!$C$10), 0) | N10: =M10*VLOOKUP(F10, '02_DINH_MUC_CA_MAY_VA_DAU'!$C$6:$I$16, 7, FALSE) | O10: =IF(AND(O$4>=$J10, O$4<=$K10), IF('01_THONG_SO_DU_AN'!$C$11=1, "█", IF('01_THONG_SO_DU_AN'!$C$11=2, $N10, $M10)), "") | P10: =IF(AND(P$4>=$J10, P$4<=$K10), IF('01_THONG_SO_DU_AN'!$C$11=1, "█", IF('01_THONG_SO_DU_AN'!$C$11=2, $N10, $M10)), "") | Q10: =IF(AND(Q$4>=$J10, Q$4<=$K10), IF('01_THONG_SO_DU_AN'!$C$11=1, "█", IF('01_THONG_SO_DU_AN'!$C$11=2, $N10, $M10)), "") | R10: =IF(AND(R$4>=$J10, R$4<=$K10), IF('01_THONG_SO_DU_AN'!$C$11=1, "█", IF('01_THONG_SO_DU_AN'!$C$11=2, $N10, $M10)), "") | S10: =IF(AND(S$4>=$J10, S$4<=$K10), IF('01_THONG_SO_DU_AN'!$C$11=1, "█", IF('01_THONG_SO_DU_AN'!$C$11=2, $N10, $M10)), "") | T10: =IF(AND(T$4>=$J10, T$4<=$K10), IF('01_THONG_SO_DU_AN'!$C$11=1, "█", IF('01_THONG_SO_DU_AN'!$C$11=2, $N10, $M10)), "") | U10: =IF(AND(U$4>=$J10, U$4<=$K10), IF('01_THONG_SO_DU_AN'!$C$11=1, "█", IF('01_THONG_SO_DU_AN'!$C$11=2, $N10, $M10)), "") | V10: =IF(AND(V$4>=$J10, V$4<=$K10), IF('01_THONG_SO_DU_AN'!$C$11=1, "█", IF('01_THONG_SO_DU_AN'!$C$11=2, $N10, $M10)), "") | ... DG10: =IF(AND(DG$4>=$J10, DG$4<=$K10), IF('01_THONG_SO_DU_AN'!$C$11=1, "█", IF('01_THONG_SO_DU_AN'!$C$11=2, $N10, $M10)), "")
A11: 6 | B11: 1.5 | C11: Thi công đắp cát K98 lớp 1 | D11: m3 | E11: 54102 | F11: M4 | G11: =VLOOKUP(F11, '02_DINH_MUC_CA_MAY_VA_DAU'!$C$6:$I$16, 5, FALSE) | H11: =E11/G11 | I11: 74 | J11: =J10+4 | K11: =J11+I11-1 | L11: =IF(K11='01_THONG_SO_DU_AN'!$C$7, "CRITICAL (GĂNG)", "") | M11: =ROUNDUP(H11/(I11*'01_THONG_SO_DU_AN'!$C$10), 0) | N11: =M11*VLOOKUP(F11, '02_DINH_MUC_CA_MAY_VA_DAU'!$C$6:$I$16, 7, FALSE) | O11: =IF(AND(O$4>=$J11, O$4<=$K11), IF('01_THONG_SO_DU_AN'!$C$11=1, "█", IF('01_THONG_SO_DU_AN'!$C$11=2, $N11, $M11)), "") | P11: =IF(AND(P$4>=$J11, P$4<=$K11), IF('01_THONG_SO_DU_AN'!$C$11=1, "█", IF('01_THONG_SO_DU_AN'!$C$11=2, $N11, $M11)), "") | Q11: =IF(AND(Q$4>=$J11, Q$4<=$K11), IF('01_THONG_SO_DU_AN'!$C$11=1, "█", IF('01_THONG_SO_DU_AN'!$C$11=2, $N11, $M11)), "") | R11: =IF(AND(R$4>=$J11, R$4<=$K11), IF('01_THONG_SO_DU_AN'!$C$11=1, "█", IF('01_THONG_SO_DU_AN'!$C$11=2, $N11, $M11)), "") | S11: =IF(AND(S$4>=$J11, S$4<=$K11), IF('01_THONG_SO_DU_AN'!$C$11=1, "█", IF('01_THONG_SO_DU_AN'!$C$11=2, $N11, $M11)), "") | T11: =IF(AND(T$4>=$J11, T$4<=$K11), IF('01_THONG_SO_DU_AN'!$C$11=1, "█", IF('01_THONG_SO_DU_AN'!$C$11=2, $N11, $M11)), "") | U11: =IF(AND(U$4>=$J11, U$4<=$K11), IF('01_THONG_SO_DU_AN'!$C$11=1, "█", IF('01_THONG_SO_DU_AN'!$C$11=2, $N11, $M11)), "") | V11: =IF(AND(V$4>=$J11, V$4<=$K11), IF('01_THONG_SO_DU_AN'!$C$11=1, "█", IF('01_THONG_SO_DU_AN'!$C$11=2, $N11, $M11)), "") | ... DG11: =IF(AND(DG$4>=$J11, DG$4<=$K11), IF('01_THONG_SO_DU_AN'!$C$11=1, "█", IF('01_THONG_SO_DU_AN'!$C$11=2, $N11, $M11)), "")
A12: 7 | B12: 1.6 | C12: Thi công Hệ thống thoát nước mưa (Cống D1500) | D12: m | E12: 21640.8 | F12: M8 | G12: =VLOOKUP(F12, '02_DINH_MUC_CA_MAY_VA_DAU'!$C$6:$I$16, 5, FALSE) | H12: =E12/G12 | I12: 72 | J12: =J11+4 | K12: =J12+I12-1 | L12: =IF(K12='01_THONG_SO_DU_AN'!$C$7, "CRITICAL (GĂNG)", "") | M12: =ROUNDUP(H12/(I12*'01_THONG_SO_DU_AN'!$C$10), 0) | N12: =M12*VLOOKUP(F12, '02_DINH_MUC_CA_MAY_VA_DAU'!$C$6:$I$16, 7, FALSE) | O12: =IF(AND(O$4>=$J12, O$4<=$K12), IF('01_THONG_SO_DU_AN'!$C$11=1, "█", IF('01_THONG_SO_DU_AN'!$C$11=2, $N12, $M12)), "") | P12: =IF(AND(P$4>=$J12, P$4<=$K12), IF('01_THONG_SO_DU_AN'!$C$11=1, "█", IF('01_THONG_SO_DU_AN'!$C$11=2, $N12, $M12)), "") | Q12: =IF(AND(Q$4>=$J12, Q$4<=$K12), IF('01_THONG_SO_DU_AN'!$C$11=1, "█", IF('01_THONG_SO_DU_AN'!$C$11=2, $N12, $M12)), "") | R12: =IF(AND(R$4>=$J12, R$4<=$K12), IF('01_THONG_SO_DU_AN'!$C$11=1, "█", IF('01_THONG_SO_DU_AN'!$C$11=2, $N12, $M12)), "") | S12: =IF(AND(S$4>=$J12, S$4<=$K12), IF('01_THONG_SO_DU_AN'!$C$11=1, "█", IF('01_THONG_SO_DU_AN'!$C$11=2, $N12, $M12)), "") | T12: =IF(AND(T$4>=$J12, T$4<=$K12), IF('01_THONG_SO_DU_AN'!$C$11=1, "█", IF('01_THONG_SO_DU_AN'!$C$11=2, $N12, $M12)), "") | U12: =IF(AND(U$4>=$J12, U$4<=$K12), IF('01_THONG_SO_DU_AN'!$C$11=1, "█", IF('01_THONG_SO_DU_AN'!$C$11=2, $N12, $M12)), "") | V12: =IF(AND(V$4>=$J12, V$4<=$K12), IF('01_THONG_SO_DU_AN'!$C$11=1, "█", IF('01_THONG_SO_DU_AN'!$C$11=2, $N12, $M12)), "") | ... DG12: =IF(AND(DG$4>=$J12, DG$4<=$K12), IF('01_THONG_SO_DU_AN'!$C$11=1, "█", IF('01_THONG_SO_DU_AN'!$C$11=2, $N12, $M12)), "")
A13: 8 | B13: 1.7 | C13: Thi công Hệ thống thoát nước thải (Ống PE D300/400) | D13: m | E13: 21640.8 | F13: M8 | G13: =VLOOKUP(F13, '02_DINH_MUC_CA_MAY_VA_DAU'!$C$6:$I$16, 5, FALSE) | H13: =E13/G13 | I13: 68 | J13: =J12+4 | K13: =J13+I13-1 | L13: =IF(K13='01_THONG_SO_DU_AN'!$C$7, "CRITICAL (GĂNG)", "") | M13: =ROUNDUP(H13/(I13*'01_THONG_SO_DU_AN'!$C$10), 0) | N13: =M13*VLOOKUP(F13, '02_DINH_MUC_CA_MAY_VA_DAU'!$C$6:$I$16, 7, FALSE) | O13: =IF(AND(O$4>=$J13, O$4<=$K13), IF('01_THONG_SO_DU_AN'!$C$11=1, "█", IF('01_THONG_SO_DU_AN'!$C$11=2, $N13, $M13)), "") | P13: =IF(AND(P$4>=$J13, P$4<=$K13), IF('01_THONG_SO_DU_AN'!$C$11=1, "█", IF('01_THONG_SO_DU_AN'!$C$11=2, $N13, $M13)), "") | Q13: =IF(AND(Q$4>=$J13, Q$4<=$K13), IF('01_THONG_SO_DU_AN'!$C$11=1, "█", IF('01_THONG_SO_DU_AN'!$C$11=2, $N13, $M13)), "") | R13: =IF(AND(R$4>=$J13, R$4<=$K13), IF('01_THONG_SO_DU_AN'!$C$11=1, "█", IF('01_THONG_SO_DU_AN'!$C$11=2, $N13, $M13)), "") | S13: =IF(AND(S$4>=$J13, S$4<=$K13), IF('01_THONG_SO_DU_AN'!$C$11=1, "█", IF('01_THONG_SO_DU_AN'!$C$11=2, $N13, $M13)), "") | T13: =IF(AND(T$4>=$J13, T$4<=$K13), IF('01_THONG_SO_DU_AN'!$C$11=1, "█", IF('01_THONG_SO_DU_AN'!$C$11=2, $N13, $M13)), "") | U13: =IF(AND(U$4>=$J13, U$4<=$K13), IF('01_THONG_SO_DU_AN'!$C$11=1, "█", IF('01_THONG_SO_DU_AN'!$C$11=2, $N13, $M13)), "") | V13: =IF(AND(V$4>=$J13, V$4<=$K13), IF('01_THONG_SO_DU_AN'!$C$11=1, "█", IF('01_THONG_SO_DU_AN'!$C$11=2, $N13, $M13)), "") | ... DG13: =IF(AND(DG$4>=$J13, DG$4<=$K13), IF('01_THONG_SO_DU_AN'!$C$11=1, "█", IF('01_THONG_SO_DU_AN'!$C$11=2, $N13, $M13)), "")
A14: 9 | B14: 1.8 | C14: Thi công lớp móng Base B (CPĐD loại 2) | D14: m3 | E14: 27051 | F14: M6 | G14: =VLOOKUP(F14, '02_DINH_MUC_CA_MAY_VA_DAU'!$C$6:$I$16, 5, FALSE) | H14: =E14/G14 | I14: 68 | J14: =J13+4 | K14: =J14+I14-1 | L14: =IF(K14='01_THONG_SO_DU_AN'!$C$7, "CRITICAL (GĂNG)", "") | M14: =ROUNDUP(H14/(I14*'01_THONG_SO_DU_AN'!$C$10), 0) | N14: =M14*VLOOKUP(F14, '02_DINH_MUC_CA_MAY_VA_DAU'!$C$6:$I$16, 7, FALSE) | O14: =IF(AND(O$4>=$J14, O$4<=$K14), IF('01_THONG_SO_DU_AN'!$C$11=1, "█", IF('01_THONG_SO_DU_AN'!$C$11=2, $N14, $M14)), "") | P14: =IF(AND(P$4>=$J14, P$4<=$K14), IF('01_THONG_SO_DU_AN'!$C$11=1, "█", IF('01_THONG_SO_DU_AN'!$C$11=2, $N14, $M14)), "") | Q14: =IF(AND(Q$4>=$J14, Q$4<=$K14), IF('01_THONG_SO_DU_AN'!$C$11=1, "█", IF('01_THONG_SO_DU_AN'!$C$11=2, $N14, $M14)), "") | R14: =IF(AND(R$4>=$J14, R$4<=$K14), IF('01_THONG_SO_DU_AN'!$C$11=1, "█", IF('01_THONG_SO_DU_AN'!$C$11=2, $N14, $M14)), "") | S14: =IF(AND(S$4>=$J14, S$4<=$K14), IF('01_THONG_SO_DU_AN'!$C$11=1, "█", IF('01_THONG_SO_DU_AN'!$C$11=2, $N14, $M14)), "") | T14: =IF(AND(T$4>=$J14, T$4<=$K14), IF('01_THONG_SO_DU_AN'!$C$11=1, "█", IF('01_THONG_SO_DU_AN'!$C$11=2, $N14, $M14)), "") | U14: =IF(AND(U$4>=$J14, U$4<=$K14), IF('01_THONG_SO_DU_AN'!$C$11=1, "█", IF('01_THONG_SO_DU_AN'!$C$11=2, $N14, $M14)), "") | V14: =IF(AND(V$4>=$J14, V$4<=$K14), IF('01_THONG_SO_DU_AN'!$C$11=1, "█", IF('01_THONG_SO_DU_AN'!$C$11=2, $N14, $M14)), "") | ... DG14: =IF(AND(DG$4>=$J14, DG$4<=$K14), IF('01_THONG_SO_DU_AN'!$C$11=1, "█", IF('01_THONG_SO_DU_AN'!$C$11=2, $N14, $M14)), "")
A15: 10 | B15: 1.9 | C15: Thi công lớp móng Base A (CPĐD loại 1) | D15: m3 | E15: 21640.8 | F15: M6 | G15: =VLOOKUP(F15, '02_DINH_MUC_CA_MAY_VA_DAU'!$C$6:$I$16, 5, FALSE) | H15: =E15/G15 | I15: 66 | J15: =J14+6 | K15: =J15+I15-1 | L15: =IF(K15='01_THONG_SO_DU_AN'!$C$7, "CRITICAL (GĂNG)", "") | M15: =ROUNDUP(H15/(I15*'01_THONG_SO_DU_AN'!$C$10), 0) | N15: =M15*VLOOKUP(F15, '02_DINH_MUC_CA_MAY_VA_DAU'!$C$6:$I$16, 7, FALSE) | O15: =IF(AND(O$4>=$J15, O$4<=$K15), IF('01_THONG_SO_DU_AN'!$C$11=1, "█", IF('01_THONG_SO_DU_AN'!$C$11=2, $N15, $M15)), "") | P15: =IF(AND(P$4>=$J15, P$4<=$K15), IF('01_THONG_SO_DU_AN'!$C$11=1, "█", IF('01_THONG_SO_DU_AN'!$C$11=2, $N15, $M15)), "") | Q15: =IF(AND(Q$4>=$J15, Q$4<=$K15), IF('01_THONG_SO_DU_AN'!$C$11=1, "█", IF('01_THONG_SO_DU_AN'!$C$11=2, $N15, $M15)), "") | R15: =IF(AND(R$4>=$J15, R$4<=$K15), IF('01_THONG_SO_DU_AN'!$C$11=1, "█", IF('01_THONG_SO_DU_AN'!$C$11=2, $N15, $M15)), "") | S15: =IF(AND(S$4>=$J15, S$4<=$K15), IF('01_THONG_SO_DU_AN'!$C$11=1, "█", IF('01_THONG_SO_DU_AN'!$C$11=2, $N15, $M15)), "") | T15: =IF(AND(T$4>=$J15, T$4<=$K15), IF('01_THONG_SO_DU_AN'!$C$11=1, "█", IF('01_THONG_SO_DU_AN'!$C$11=2, $N15, $M15)), "") | U15: =IF(AND(U$4>=$J15, U$4<=$K15), IF('01_THONG_SO_DU_AN'!$C$11=1, "█", IF('01_THONG_SO_DU_AN'!$C$11=2, $N15, $M15)), "") | V15: =IF(AND(V$4>=$J15, V$4<=$K15), IF('01_THONG_SO_DU_AN'!$C$11=1, "█", IF('01_THONG_SO_DU_AN'!$C$11=2, $N15, $M15)), "") | ... DG15: =IF(AND(DG$4>=$J15, DG$4<=$K15), IF('01_THONG_SO_DU_AN'!$C$11=1, "█", IF('01_THONG_SO_DU_AN'!$C$11=2, $N15, $M15)), "")
A16: 11 | B16: 1.10 | C16: Thi công thảm bê tông nhựa hạt trung BTN C19 | D16: m2 | E16: 180340 | F16: M5 | G16: =VLOOKUP(F16, '02_DINH_MUC_CA_MAY_VA_DAU'!$C$6:$I$16, 5, FALSE) | H16: =E16/G16 | I16: 54 | J16: =J15+15 | K16: =J16+I16-1 | L16: =IF(K16='01_THONG_SO_DU_AN'!$C$7, "CRITICAL (GĂNG)", "") | M16: =ROUNDUP(H16/(I16*'01_THONG_SO_DU_AN'!$C$10), 0) | N16: =M16*VLOOKUP(F16, '02_DINH_MUC_CA_MAY_VA_DAU'!$C$6:$I$16, 7, FALSE) | O16: =IF(AND(O$4>=$J16, O$4<=$K16), IF('01_THONG_SO_DU_AN'!$C$11=1, "█", IF('01_THONG_SO_DU_AN'!$C$11=2, $N16, $M16)), "") | P16: =IF(AND(P$4>=$J16, P$4<=$K16), IF('01_THONG_SO_DU_AN'!$C$11=1, "█", IF('01_THONG_SO_DU_AN'!$C$11=2, $N16, $M16)), "") | Q16: =IF(AND(Q$4>=$J16, Q$4<=$K16), IF('01_THONG_SO_DU_AN'!$C$11=1, "█", IF('01_THONG_SO_DU_AN'!$C$11=2, $N16, $M16)), "") | R16: =IF(AND(R$4>=$J16, R$4<=$K16), IF('01_THONG_SO_DU_AN'!$C$11=1, "█", IF('01_THONG_SO_DU_AN'!$C$11=2, $N16, $M16)), "") | S16: =IF(AND(S$4>=$J16, S$4<=$K16), IF('01_THONG_SO_DU_AN'!$C$11=1, "█", IF('01_THONG_SO_DU_AN'!$C$11=2, $N16, $M16)), "") | T16: =IF(AND(T$4>=$J16, T$4<=$K16), IF('01_THONG_SO_DU_AN'!$C$11=1, "█", IF('01_THONG_SO_DU_AN'!$C$11=2, $N16, $M16)), "") | U16: =IF(AND(U$4>=$J16, U$4<=$K16), IF('01_THONG_SO_DU_AN'!$C$11=1, "█", IF('01_THONG_SO_DU_AN'!$C$11=2, $N16, $M16)), "") | V16: =IF(AND(V$4>=$J16, V$4<=$K16), IF('01_THONG_SO_DU_AN'!$C$11=1, "█", IF('01_THONG_SO_DU_AN'!$C$11=2, $N16, $M16)), "") | ... DG16: =IF(AND(DG$4>=$J16, DG$4<=$K16), IF('01_THONG_SO_DU_AN'!$C$11=1, "█", IF('01_THONG_SO_DU_AN'!$C$11=2, $N16, $M16)), "")
A17: 12 | B17: 1.11 | C17: Thi công lắp đặt bó vỉa hè | D17: m | E17: 144272 | F17: M8 | G17: =VLOOKUP(F17, '02_DINH_MUC_CA_MAY_VA_DAU'!$C$6:$I$16, 5, FALSE) | H17: =E17/G17 | I17: 52 | J17: =J16+2 | K17: =J17+I17-1 | L17: =IF(K17='01_THONG_SO_DU_AN'!$C$7, "CRITICAL (GĂNG)", "") | M17: =ROUNDUP(H17/(I17*'01_THONG_SO_DU_AN'!$C$10), 0) | N17: =M17*VLOOKUP(F17, '02_DINH_MUC_CA_MAY_VA_DAU'!$C$6:$I$16, 7, FALSE) | O17: =IF(AND(O$4>=$J17, O$4<=$K17), IF('01_THONG_SO_DU_AN'!$C$11=1, "█", IF('01_THONG_SO_DU_AN'!$C$11=2, $N17, $M17)), "") | P17: =IF(AND(P$4>=$J17, P$4<=$K17), IF('01_THONG_SO_DU_AN'!$C$11=1, "█", IF('01_THONG_SO_DU_AN'!$C$11=2, $N17, $M17)), "") | Q17: =IF(AND(Q$4>=$J17, Q$4<=$K17), IF('01_THONG_SO_DU_AN'!$C$11=1, "█", IF('01_THONG_SO_DU_AN'!$C$11=2, $N17, $M17)), "") | R17: =IF(AND(R$4>=$J17, R$4<=$K17), IF('01_THONG_SO_DU_AN'!$C$11=1, "█", IF('01_THONG_SO_DU_AN'!$C$11=2, $N17, $M17)), "") | S17: =IF(AND(S$4>=$J17, S$4<=$K17), IF('01_THONG_SO_DU_AN'!$C$11=1, "█", IF('01_THONG_SO_DU_AN'!$C$11=2, $N17, $M17)), "") | T17: =IF(AND(T$4>=$J17, T$4<=$K17), IF('01_THONG_SO_DU_AN'!$C$11=1, "█", IF('01_THONG_SO_DU_AN'!$C$11=2, $N17, $M17)), "") | U17: =IF(AND(U$4>=$J17, U$4<=$K17), IF('01_THONG_SO_DU_AN'!$C$11=1, "█", IF('01_THONG_SO_DU_AN'!$C$11=2, $N17, $M17)), "") | V17: =IF(AND(V$4>=$J17, V$4<=$K17), IF('01_THONG_SO_DU_AN'!$C$11=1, "█", IF('01_THONG_SO_DU_AN'!$C$11=2, $N17, $M17)), "") | ... DG17: =IF(AND(DG$4>=$J17, DG$4<=$K17), IF('01_THONG_SO_DU_AN'!$C$11=1, "█", IF('01_THONG_SO_DU_AN'!$C$11=2, $N17, $M17)), "")
A18: 13 | B18: 1.12 | C18: Thi công đắp đất vỉa hè & dải phân cách | D18: m3 | E18: 324612 | F18: M3 | G18: =VLOOKUP(F18, '02_DINH_MUC_CA_MAY_VA_DAU'!$C$6:$I$16, 5, FALSE) | H18: =E18/G18 | I18: 48 | J18: =J17+4 | K18: =J18+I18-1 | L18: =IF(K18='01_THONG_SO_DU_AN'!$C$7, "CRITICAL (GĂNG)", "") | M18: =ROUNDUP(H18/(I18*'01_THONG_SO_DU_AN'!$C$10), 0) | N18: =M18*VLOOKUP(F18, '02_DINH_MUC_CA_MAY_VA_DAU'!$C$6:$I$16, 7, FALSE) | O18: =IF(AND(O$4>=$J18, O$4<=$K18), IF('01_THONG_SO_DU_AN'!$C$11=1, "█", IF('01_THONG_SO_DU_AN'!$C$11=2, $N18, $M18)), "") | P18: =IF(AND(P$4>=$J18, P$4<=$K18), IF('01_THONG_SO_DU_AN'!$C$11=1, "█", IF('01_THONG_SO_DU_AN'!$C$11=2, $N18, $M18)), "") | Q18: =IF(AND(Q$4>=$J18, Q$4<=$K18), IF('01_THONG_SO_DU_AN'!$C$11=1, "█", IF('01_THONG_SO_DU_AN'!$C$11=2, $N18, $M18)), "") | R18: =IF(AND(R$4>=$J18, R$4<=$K18), IF('01_THONG_SO_DU_AN'!$C$11=1, "█", IF('01_THONG_SO_DU_AN'!$C$11=2, $N18, $M18)), "") | S18: =IF(AND(S$4>=$J18, S$4<=$K18), IF('01_THONG_SO_DU_AN'!$C$11=1, "█", IF('01_THONG_SO_DU_AN'!$C$11=2, $N18, $M18)), "") | T18: =IF(AND(T$4>=$J18, T$4<=$K18), IF('01_THONG_SO_DU_AN'!$C$11=1, "█", IF('01_THONG_SO_DU_AN'!$C$11=2, $N18, $M18)), "") | U18: =IF(AND(U$4>=$J18, U$4<=$K18), IF('01_THONG_SO_DU_AN'!$C$11=1, "█", IF('01_THONG_SO_DU_AN'!$C$11=2, $N18, $M18)), "") | V18: =IF(AND(V$4>=$J18, V$4<=$K18), IF('01_THONG_SO_DU_AN'!$C$11=1, "█", IF('01_THONG_SO_DU_AN'!$C$11=2, $N18, $M18)), "") | ... DG18: =IF(AND(DG$4>=$J18, DG$4<=$K18), IF('01_THONG_SO_DU_AN'!$C$11=1, "█", IF('01_THONG_SO_DU_AN'!$C$11=2, $N18, $M18)), "")
A19: 14 | B19: 2.0 | C19: San lấp mặt bằng tổng thể cụm B9 | D19: m3 | E19: 1774000 | F19: M4 | G19: =VLOOKUP(F19, '02_DINH_MUC_CA_MAY_VA_DAU'!$C$6:$I$16, 5, FALSE) | H19: =E19/G19 | I19: 67 | J19: =J6+2 | K19: =J19+I19-1 | L19: =IF(K19='01_THONG_SO_DU_AN'!$C$7, "CRITICAL (GĂNG)", "") | M19: =ROUNDUP(H19/(I19*'01_THONG_SO_DU_AN'!$C$10), 0) | N19: =M19*VLOOKUP(F19, '02_DINH_MUC_CA_MAY_VA_DAU'!$C$6:$I$16, 7, FALSE) | O19: =IF(AND(O$4>=$J19, O$4<=$K19), IF('01_THONG_SO_DU_AN'!$C$11=1, "█", IF('01_THONG_SO_DU_AN'!$C$11=2, $N19, $M19)), "") | P19: =IF(AND(P$4>=$J19, P$4<=$K19), IF('01_THONG_SO_DU_AN'!$C$11=1, "█", IF('01_THONG_SO_DU_AN'!$C$11=2, $N19, $M19)), "") | Q19: =IF(AND(Q$4>=$J19, Q$4<=$K19), IF('01_THONG_SO_DU_AN'!$C$11=1, "█", IF('01_THONG_SO_DU_AN'!$C$11=2, $N19, $M19)), "") | R19: =IF(AND(R$4>=$J19, R$4<=$K19), IF('01_THONG_SO_DU_AN'!$C$11=1, "█", IF('01_THONG_SO_DU_AN'!$C$11=2, $N19, $M19)), "") | S19: =IF(AND(S$4>=$J19, S$4<=$K19), IF('01_THONG_SO_DU_AN'!$C$11=1, "█", IF('01_THONG_SO_DU_AN'!$C$11=2, $N19, $M19)), "") | T19: =IF(AND(T$4>=$J19, T$4<=$K19), IF('01_THONG_SO_DU_AN'!$C$11=1, "█", IF('01_THONG_SO_DU_AN'!$C$11=2, $N19, $M19)), "") | U19: =IF(AND(U$4>=$J19, U$4<=$K19), IF('01_THONG_SO_DU_AN'!$C$11=1, "█", IF('01_THONG_SO_DU_AN'!$C$11=2, $N19, $M19)), "") | V19: =IF(AND(V$4>=$J19, V$4<=$K19), IF('01_THONG_SO_DU_AN'!$C$11=1, "█", IF('01_THONG_SO_DU_AN'!$C$11=2, $N19, $M19)), "") | ... DG19: =IF(AND(DG$4>=$J19, DG$4<=$K19), IF('01_THONG_SO_DU_AN'!$C$11=1, "█", IF('01_THONG_SO_DU_AN'!$C$11=2, $N19, $M19)), "")
B21: TỔNG SỐ LƯỢNG MÁY MÓC HUY ĐỘNG (Máy/ngày) | O21: =SUMPRODUCT((O$4>=$J$6:$J$19)*(O$4<=$K$6:$K$19)*$M$6:$M$19) | P21: =SUMPRODUCT((P$4>=$J$6:$J$19)*(P$4<=$K$6:$K$19)*$M$6:$M$19) | Q21: =SUMPRODUCT((Q$4>=$J$6:$J$19)*(Q$4<=$K$6:$K$19)*$M$6:$M$19) | R21: =SUMPRODUCT((R$4>=$J$6:$J$19)*(R$4<=$K$6:$K$19)*$M$6:$M$19) | S21: =SUMPRODUCT((S$4>=$J$6:$J$19)*(S$4<=$K$6:$K$19)*$M$6:$M$19) | T21: =SUMPRODUCT((T$4>=$J$6:$J$19)*(T$4<=$K$6:$K$19)*$M$6:$M$19) | U21: =SUMPRODUCT((U$4>=$J$6:$J$19)*(U$4<=$K$6:$K$19)*$M$6:$M$19) | V21: =SUMPRODUCT((V$4>=$J$6:$J$19)*(V$4<=$K$6:$K$19)*$M$6:$M$19) | ... DG21: =SUMPRODUCT((DG$4>=$J$6:$J$19)*(DG$4<=$K$6:$K$19)*$M$6:$M$19)
B22: TỔNG SỐ LƯỢNG NHÂN CÔNG HUY ĐỘNG (Người/ngày) | O22: =SUMPRODUCT((O$4>=$J$6:$J$19)*(O$4<=$K$6:$K$19)*$N$6:$N$19) | P22: =SUMPRODUCT((P$4>=$J$6:$J$19)*(P$4<=$K$6:$K$19)*$N$6:$N$19) | Q22: =SUMPRODUCT((Q$4>=$J$6:$J$19)*(Q$4<=$K$6:$K$19)*$N$6:$N$19) | R22: =SUMPRODUCT((R$4>=$J$6:$J$19)*(R$4<=$K$6:$K$19)*$N$6:$N$19) | S22: =SUMPRODUCT((S$4>=$J$6:$J$19)*(S$4<=$K$6:$K$19)*$N$6:$N$19) | T22: =SUMPRODUCT((T$4>=$J$6:$J$19)*(T$4<=$K$6:$K$19)*$N$6:$N$19) | U22: =SUMPRODUCT((U$4>=$J$6:$J$19)*(U$4<=$K$6:$K$19)*$N$6:$N$19) | V22: =SUMPRODUCT((V$4>=$J$6:$J$19)*(V$4<=$K$6:$K$19)*$N$6:$N$19) | ... DG22: =SUMPRODUCT((DG$4>=$J$6:$J$19)*(DG$4<=$K$6:$K$19)*$N$6:$N$19)

Sheet 04_TONG_HOP_CA_MAY_VA_DAU
B2: BẢNG TỔNG HỢP CA XE, CA MÁY & KẾ HOẠCH CẤP PHÁT NHIÊN LIỆU DẦU DIESEL
B3: Liên kết động 100%: Tự động tính số ca máy, số máy Peak và lượng dầu từ Sheet 03
B5: TT | C5: Mã máy | D5: Tên phương tiện / Thiết bị | E5: Định mức dầu (L/ca) (=VLOOKUP) | F5: Tổng số ca máy (=SUMIF) | G5: Số máy huy động Max (=SUMIF) | H5: Tổng lượng dầu Diesel (Lít) (=Số ca * Định mức) | I5: Dầu Tháng 8 (L) | J5: Dầu Tháng 9 (L) | K5: Dầu Tháng 10 (L) | L5: Dầu Tháng 11 (L)
B6: 1 | C6: M1 | D6: Máy xúc bánh xích PC200 - PC300 | E6: =VLOOKUP(C6, '02_DINH_MUC_CA_MAY_VA_DAU'!$C$6:$H$16, 6, FALSE) | F6: =SUMIF('03_TIEN_DO_GANTT_CPM'!$F$6:$F$19, C6, '03_TIEN_DO_GANTT_CPM'!$H$6:$H$19) | G6: =SUMIF('03_TIEN_DO_GANTT_CPM'!$F$6:$F$19, C6, '03_TIEN_DO_GANTT_CPM'!$M$6:$M$19) | H6: =F6*E6 | I6: =ROUND(H6*0.21, 0) | J6: =ROUND(H6*0.39, 0) | K6: =ROUND(H6*0.32, 0) | L6: =H6-I6-J6-K6
B7: 2 | C7: M3 | D7: Máy ủi D3 - D5 | E7: =VLOOKUP(C7, '02_DINH_MUC_CA_MAY_VA_DAU'!$C$6:$H$16, 6, FALSE) | F7: =SUMIF('03_TIEN_DO_GANTT_CPM'!$F$6:$F$19, C7, '03_TIEN_DO_GANTT_CPM'!$H$6:$H$19) | G7: =SUMIF('03_TIEN_DO_GANTT_CPM'!$F$6:$F$19, C7, '03_TIEN_DO_GANTT_CPM'!$M$6:$M$19) | H7: =F7*E7 | I7: =ROUND(H7*0.21, 0) | J7: =ROUND(H7*0.39, 0) | K7: =ROUND(H7*0.32, 0) | L7: =H7-I7-J7-K7
B8: 3 | C8: M4 | D8: Máy ủi công suất lớn CS 230CV | E8: =VLOOKUP(C8, '02_DINH_MUC_CA_MAY_VA_DAU'!$C$6:$H$16, 6, FALSE) | F8: =SUMIF('03_TIEN_DO_GANTT_CPM'!$F$6:$F$19, C8, '03_TIEN_DO_GANTT_CPM'!$H$6:$H$19) | G8: =SUMIF('03_TIEN_DO_GANTT_CPM'!$F$6:$F$19, C8, '03_TIEN_DO_GANTT_CPM'!$M$6:$M$19) | H8: =F8*E8 | I8: =ROUND(H8*0.21, 0) | J8: =ROUND(H8*0.39, 0) | K8: =ROUND(H8*0.32, 0) | L8: =H8-I8-J8-K8
B9: 4 | C9: M5 | D9: Máy lu rung 12T - 16T | E9: =VLOOKUP(C9, '02_DINH_MUC_CA_MAY_VA_DAU'!$C$6:$H$16, 6, FALSE) | F9: =SUMIF('03_TIEN_DO_GANTT_CPM'!$F$6:$F$19, C9, '03_TIEN_DO_GANTT_CPM'!$H$6:$H$19) | G9: =SUMIF('03_TIEN_DO_GANTT_CPM'!$F$6:$F$19, C9, '03_TIEN_DO_GANTT_CPM'!$M$6:$M$19) | H9: =F9*E9 | I9: =ROUND(H9*0.21, 0) | J9: =ROUND(H9*0.39, 0) | K9: =ROUND(H9*0.32, 0) | L9: =H9-I9-J9-K9
B10: 5 | C10: M6 | D10: Máy san tự hành 110CV | E10: =VLOOKUP(C10, '02_DINH_MUC_CA_MAY_VA_DAU'!$C$6:$H$16, 6, FALSE) | F10: =SUMIF('03_TIEN_DO_GANTT_CPM'!$F$6:$F$19, C10, '03_TIEN_DO_GANTT_CPM'!$H$6:$H$19) | G10: =SUMIF('03_TIEN_DO_GANTT_CPM'!$F$6:$F$19, C10, '03_TIEN_DO_GANTT_CPM'!$M$6:$M$19) | H10: =F10*E10 | I10: =ROUND(H10*0.21, 0) | J10: =ROUND(H10*0.39, 0) | K10: =ROUND(H10*0.32, 0) | L10: =H10-I10-J10-K10
B11: 6 | C11: M7 | D11: Ô tô tự đổ 18 tấn | E11: =VLOOKUP(C11, '02_DINH_MUC_CA_MAY_VA_DAU'!$C$6:$H$16, 6, FALSE) | F11: =SUMIF('03_TIEN_DO_GANTT_CPM'!$F$6:$F$19, C11, '03_TIEN_DO_GANTT_CPM'!$H$6:$H$19) | G11: =SUMIF('03_TIEN_DO_GANTT_CPM'!$F$6:$F$19, C11, '03_TIEN_DO_GANTT_CPM'!$M$6:$M$19) | H11: =F11*E11 | I11: =ROUND(H11*0.21, 0) | J11: =ROUND(H11*0.39, 0) | K11: =ROUND(H11*0.32, 0) | L11: =H11-I11-J11-K11
B12: 7 | C12: M8 | D12: Máy xúc bánh lốp PC140 | E12: =VLOOKUP(C12, '02_DINH_MUC_CA_MAY_VA_DAU'!$C$6:$H$16, 6, FALSE) | F12: =SUMIF('03_TIEN_DO_GANTT_CPM'!$F$6:$F$19, C12, '03_TIEN_DO_GANTT_CPM'!$H$6:$H$19) | G12: =SUMIF('03_TIEN_DO_GANTT_CPM'!$F$6:$F$19, C12, '03_TIEN_DO_GANTT_CPM'!$M$6:$M$19) | H12: =F12*E12 | I12: =ROUND(H12*0.21, 0) | J12: =ROUND(H12*0.39, 0) | K12: =ROUND(H12*0.32, 0) | L12: =H12-I12-J12-K12
B13: 8 | C13: MP1 | D13: Xe téc & Xe cấp dầu hiện trường | E13: =VLOOKUP(C13, '02_DINH_MUC_CA_MAY_VA_DAU'!$C$6:$H$16, 6, FALSE) | F13: =SUMIF('03_TIEN_DO_GANTT_CPM'!$F$6:$F$19, C13, '03_TIEN_DO_GANTT_CPM'!$H$6:$H$19) | G13: =SUMIF('03_TIEN_DO_GANTT_CPM'!$F$6:$F$19, C13, '03_TIEN_DO_GANTT_CPM'!$M$6:$M$19) | H13: =F13*E13 | I13: =ROUND(H13*0.21, 0) | J13: =ROUND(H13*0.39, 0) | K13: =ROUND(H13*0.32, 0) | L13: =H13-I13-J13-K13
B14: TỔNG CỘNG TOÀN DỰ ÁN | F14: =SUM(F6:F13) | G14: =SUM(G6:G13) | H14: =SUM(H6:H13) | I14: =SUM(I6:I13) | J14: =SUM(J6:J13) | K14: =SUM(K6:K13) | L14: =SUM(L6:L13)
I16: Tháng 8 | J16: Tháng 9 | K16: Tháng 10 | L16: Tháng 11

Sheet 05_NHU_CAU_VAT_TU_CHINH
B2: KẾ HOẠCH TỔNG HỢP NHU CẦU & TIẾN ĐỘ CẤP VẬT TƯ CHÍNH CỤM B9
B3: Tự động trích xuất khối lượng đào đắp từ Sheet 03 và phân bổ kế hoạch nhập bãi theo 4 tháng
B4: STT | C4: Mã VT | D4: Tên quy cách vật tư chính | E4: ĐVT | F4: Tổng nhu cầu (=Sheet 03) | G4: Tháng 8 (20%) | H4: Tháng 9 (40%) | I4: Tháng 10 (30%) | J4: Tháng 11 (10%) | K4: Ghi chú điều phối bãi trữ
B5: 1 | C5: VT01 | D5: Cát đắp nền đường K90/K95 | E5: m3 | F5: ='03_TIEN_DO_GANTT_CPM'!$E$9+'03_TIEN_DO_GANTT_CPM'!$E$10 | G5: =ROUND(F5*0.2, 1) | H5: =ROUND(F5*0.4, 1) | I5: =ROUND(F5*0.3, 1) | J5: =F5-G5-H5-I5 | K5: Tập kết tại bãi trữ Cụm B9
B6: 2 | C6: VT02 | D6: Cát đắp chọn lọc K98 lớp 1 | E6: m3 | F6: ='03_TIEN_DO_GANTT_CPM'!$E$11 | G6: =ROUND(F6*0.2, 1) | H6: =ROUND(F6*0.4, 1) | I6: =ROUND(F6*0.3, 1) | J6: =F6-G6-H6-I6 | K6: Yêu cầu thí nghiệm độ nén trước khi lu
B7: 3 | C7: VT03 | D7: Cấp phối đá dăm loại 2 (Base B) | E7: m3 | F7: ='03_TIEN_DO_GANTT_CPM'!$E$14 | G7: =ROUND(F7*0.2, 1) | H7: =ROUND(F7*0.4, 1) | I7: =ROUND(F7*0.3, 1) | J7: =F7-G7-H7-I7 | K7: Nhập từ mỏ đá Kiện Khê - Hà Nam
B8: 4 | C8: VT04 | D8: Cấp phối đá dăm loại 1 (Base A) | E8: m3 | F8: ='03_TIEN_DO_GANTT_CPM'!$E$15 | G8: =ROUND(F8*0.2, 1) | H8: =ROUND(F8*0.4, 1) | I8: =ROUND(F8*0.3, 1) | J8: =F8-G8-H8-I8 | K8: Đảm bảo độ ẩm tiêu chuẩn khi rải
B9: 5 | C9: VT05 | D9: Bê tông nhựa hạt trung BTN C19 | E9: m2 | F9: ='03_TIEN_DO_GANTT_CPM'!$E$16 | G9: =ROUND(F9*0.2, 1) | H9: =ROUND(F9*0.4, 1) | I9: =ROUND(F9*0.3, 1) | J9: =F9-G9-H9-I9 | K9: Nhập trạm trộn cự ly vận chuyển 12km
B10: 6 | C10: VT06 | D10: Cống bê tông ly tâm D1500 | E10: m | F10: ='03_TIEN_DO_GANTT_CPM'!$E$12 | G10: =ROUND(F10*0.2, 1) | H10: =ROUND(F10*0.4, 1) | I10: =ROUND(F10*0.3, 1) | J10: =F10-G10-H10-I10 | K10: Đúc sẵn từ nhà máy AMACCAO
B11: 7 | C11: VT07 | D11: Đất đắp tạo cảnh quan vỉa hè | E11: m3 | F11: ='03_TIEN_DO_GANTT_CPM'!$E$18 | G11: =ROUND(F11*0.2, 1) | H11: =ROUND(F11*0.4, 1) | I11: =ROUND(F11*0.3, 1) | J11: =F11-G11-H11-I11 | K11: Tận dụng đất hữu cơ bóc phủ đã xử lý
B12: 8 | C12: VT08 | D12: Đất đắp san nền tổng thể B9 | E12: m3 | F12: ='03_TIEN_DO_GANTT_CPM'!$E$19 | G12: =ROUND(F12*0.2, 1) | H12: =ROUND(F12*0.4, 1) | I12: =ROUND(F12*0.3, 1) | J12: =F12-G12-H12-I12 | K12: Nhập đất đồi vận chuyển bằng xe 18T

Sheet 06_SO_SANH_DINH_MUC_VS_THUC_TE
B2: BẢNG ĐỐI SÁNH & CÂN ĐỐI MÁY MÓC: ĐỊNH MỨC TÍNH TOÁN VS ĐỀ XUẤT BAN ĐIỀU HÀNH
B3: Phục dựng nguyên bản Sheet SS của Vina Alpha: 100% công thức động, loại bỏ hoàn toàn lỗi #REF!
B5: TT | C5: Mã máy | D5: Chủng loại thiết bị | E5: Định mức tính toán (Sheet 04) | F5: Đề xuất Ban ĐH (Thực tế) | G5: Chênh lệch (=Thực tế - ĐM) | H5: Tỷ lệ tăng giảm (%) | I5: Dầu theo ĐM (Lít) | J5: Dầu theo Thực tế (Lít) | K5: Đánh giá kỹ thuật & Lý do chênh lệch hiện trường
B6: 1 | C6: M1 | D6: Máy xúc bánh xích PC300 | E6: ='04_TONG_HOP_CA_MAY_VA_DAU'!$G$6 | F6: 3 | G6: =F6-E6 | H6: =IF(E6>0, (F6-E6)/E6, 0) | I6: ='04_TONG_HOP_CA_MAY_VA_DAU'!$H$6 | J6: =ROUND(I6*(F6/E6), 1) | K6: Bổ sung 1 máy trực sự cố sụt trượt và đào vét bùn phát sinh
B7: 2 | C7: M3 | D7: Máy ủi D3 - D5 | E7: ='04_TONG_HOP_CA_MAY_VA_DAU'!$G$7 | F7: 7 | G7: =F7-E7 | H7: =IF(E7>0, (F7-E7)/E7, 0) | I7: ='04_TONG_HOP_CA_MAY_VA_DAU'!$H$7 | J7: =ROUND(I7*(F7/E7), 1) | K7: Tăng 1 máy ủi hỗ trợ san gạt cát tại bãi tập kết
B8: 3 | C8: M4 | D8: Máy ủi công suất lớn 230CV | E8: ='04_TONG_HOP_CA_MAY_VA_DAU'!$G$8 | F8: 8 | G8: =F8-E8 | H8: =IF(E8>0, (F8-E8)/E8, 0) | I8: ='04_TONG_HOP_CA_MAY_VA_DAU'!$H$8 | J8: =ROUND(I8*(F8/E8), 1) | K8: Tăng 1 máy để đẩy nhanh tiến độ san nền cụm B9 trước mùa mưa
B9: 4 | C9: M5 | D9: Máy lu rung 12T - 16T | E9: ='04_TONG_HOP_CA_MAY_VA_DAU'!$G$9 | F9: 4 | G9: =F9-E9 | H9: =IF(E9>0, (F9-E9)/E9, 0) | I9: ='04_TONG_HOP_CA_MAY_VA_DAU'!$H$9 | J9: =ROUND(I9*(F9/E9), 1) | K9: Tăng 1 máy lu sơ bộ K90 độc lập với lu K95
B10: 5 | C10: M6 | D10: Máy san tự hành 110CV | E10: ='04_TONG_HOP_CA_MAY_VA_DAU'!$G$10 | F10: 2 | G10: =F10-E10 | H10: =IF(E10>0, (F10-E10)/E10, 0) | I10: ='04_TONG_HOP_CA_MAY_VA_DAU'!$H$10 | J10: =ROUND(I10*(F10/E10), 1) | K10: Bổ sung 1 máy san dự phòng khi làm lớp Base A/B hoàn thiện
B11: 6 | C11: M7 | D11: Ô tô tự đổ 18 tấn | E11: ='04_TONG_HOP_CA_MAY_VA_DAU'!$G$11 | F11: 6 | G11: =F11-E11 | H11: =IF(E11>0, (F11-E11)/E11, 0) | I11: ='04_TONG_HOP_CA_MAY_VA_DAU'!$H$11 | J11: =ROUND(I11*(F11/E11), 1) | K11: Tăng 2 xe do cung đường vận chuyển nội bộ lầy lội khi trời mưa
B12: 7 | C12: M8 | D12: Máy xúc bánh lốp PC140 | E12: ='04_TONG_HOP_CA_MAY_VA_DAU'!$G$12 | F12: 4 | G12: =F12-E12 | H12: =IF(E12>0, (F12-E12)/E12, 0) | I12: ='04_TONG_HOP_CA_MAY_VA_DAU'!$H$12 | J12: =ROUND(I12*(F12/E12), 1) | K12: Đúng định mức thi công cống D1500 và lắp ống PE
B13: 8 | C13: MP1 | D13: Xe téc & Xe cấp dầu | E13: ='04_TONG_HOP_CA_MAY_VA_DAU'!$G$13 | F13: 2 | G13: =F13-E13 | H13: =IF(E13>0, (F13-E13)/E13, 0) | I13: ='04_TONG_HOP_CA_MAY_VA_DAU'!$H$13 | J13: =ROUND(I13*(F13/E13), 1) | K13: Tăng 1 xe téc tưới nước chống bụi đường nội bộ theo cam kết ĐTM
B14: TỔNG CỘNG | E14: =SUM(E6:E13) | F14: =SUM(F6:F13) | G14: =SUM(G6:G13) | H14: =(F14-E14)/E14 | I14: =SUM(I6:I13) | J14: =SUM(J6:J13)
