Workbook

Sheet PHU_LUC_03A
A1: BẢNG THANH TOÁN KHỐI LƯỢNG KỲ 01 (MẪU 03.A NĐ 99/2021)
A4: STT | B4: NỘI DUNG CÔNG VIỆC | C4: ĐƠN VỊ | D4: HỢP ĐỒNG (KL) | E4: ĐƠN GIÁ HĐ (VNĐ) | F4: LŨY KẾ KỲ TRƯỚC (KL) | G4: THỰC HIỆN KỲ NÀY (KL) | H4: THÀNH TIỀN KỲ NÀY (VNĐ) | I4: LŨY KẾ HẾT KỲ NÀY (KL) | J4: KL THEO BÓC TÁCH | K4: CHÊNH LỆCH SO VỚI HỢP ĐỒNG | L4: KẾT LUẬN (ngưỡng 0.5%)
A5: 1 | B5: Đào đất hố móng cống hộp | C5: m3 | D5: 38192 | E5: 45000 | F5: 0 | G5: 15000 | H5: =G5*E5 | I5: =F5+G5 | J5: =KHOI_LUONG_DAO_DAP!I5 | K5: =J5/D5-1 | L5: =IF(ABS(K5)<=0.005,"Khớp","LỆCH - QS xác nhận")
A6: 2 | B6: Gia cố cọc tre d=6-8cm L=2.5m | C6: cọc | D6: 244125 | E6: 32000 | F6: 0 | G6: 80000 | H6: =G6*E6 | I6: =F6+G6 | J6: =KHOI_LUONG_DAO_DAP!I6 | K6: =J6/D6-1 | L6: =IF(ABS(K6)<=0.005,"Khớp","LỆCH - QS xác nhận")
A7: 3 | B7: Bê tông lót móng cống M100 | C7: m3 | D7: 592.4 | E7: 980000 | F7: 0 | G7: 200 | H7: =G7*E7 | I7: =F7+G7 | J7: =SUM(QS_DIEN_GIAI_CHI_TIET!I5:I7) | K7: =J7/D7-1 | L7: =IF(ABS(K7)<=0.005,"Khớp","LỆCH - QS xác nhận")
A8: 4 | B8: Bê tông thân cống B20 (M250) | C8: m3 | D8: 11870 | E8: 1450000 | F8: 0 | G8: 3500 | H8: =G8*E8 | I8: =F8+G8 | J8: =SUM(QS_DIEN_GIAI_CHI_TIET!I8:I10) | K8: =J8/D8-1 | L8: =IF(ABS(K8)<=0.005,"Khớp","LỆCH - QS xác nhận")
A9: 5 | B9: Ván khuôn thân cống tiếp xúc | C9: m2 | D9: 44941 | E9: 165000 | F9: 0 | G9: 14000 | H9: =G9*E9 | I9: =F9+G9 | J9: =SUM(QS_DIEN_GIAI_CHI_TIET!I11:I13) | K9: =J9/D9-1 | L9: =IF(ABS(K9)<=0.005,"Khớp","LỆCH - QS xác nhận")
A10: 6 | B10: Cốt thép cống hộp các loại | C10: tấn | D10: 753.4 | E10: 21500000 | F10: 0 | G10: 220 | H10: =G10*E10 | I10: =F10+G10 | J10: =THONG_KE_THEP_CHI_TIET!J24/1000 | K10: =J10/D10-1 | L10: =IF(ABS(K10)<=0.005,"Khớp","LỆCH - QS xác nhận")
B17: Cột D (khối lượng hợp đồng) là SỐ NHẬP từ hợp đồng; cột J..L chỉ đối chiếu với bóc tách, không ghi đè. Ván khuôn dùng số đang áp dụng trong bảng diễn giải (xem cột T của sheet diễn giải).

Sheet KHOI_LUONG_DAO_DAP
A1: BẢNG ĐO BÓC HÌNH HỌC ĐÀO ĐẮP ĐẤT & XỬ LÝ NỀN MÓNG CỐNG
A2: Tiêu chuẩn thi công: Đầm chặt đệm cát K95, cọc tre L=2.5m m=25 cọc/m2, đắp cát K98
A4: STT | B4: HẠNG MỤC CÔNG TÁC | C4: ĐƠN VỊ | D4: SỐ LƯỢNG | E4: DÀI (m) | F4: RỘNG (m) | G4: CAO/SÂU (m) | H4: HỆ SỐ | I4: KHỐI LƯỢNG (m3) | J4: GHI CHÚ
A5: 1 | B5: Đào hố móng cống đất C3 (máy kết hợp thủ công) | C5: m3 | D5: 1 | E5: 2170 | F5: 5.5 | G5: 3.2 | H5: 1 | I5: =D5*E5*F5*G5*H5 | J5: Đào taluy m=0.5, sâu TB 3.2m
A6: 2 | B6: Gia cố cọc tre nền đất yếu (d=6-8cm L=2.5m) | C6: cọc | D6: 1 | E6: 2170 | F6: 4.5 | G6: 25 | H6: 1 | I6: =D6*E6*F6*G6*H6 | J6: Mật độ 25 cọc/m2 đáy móng
A7: 3 | B7: Đệm cát đầu cọc dày 100mm đầm chặt K95 | C7: m3 | D7: 1 | E7: 2170 | F7: 4.5 | G7: 0.1 | H7: 1 | I7: =D7*E7*F7*G7*H7 | J7: Đệm cát hạt trung đầm chặt
A8: 4 | B8: Đắp cát/đất đầm chặt K95 mang cống và lưng cống — SỐ CŨ (chỉ để đối chiếu, xem khối tính lại bên dưới) | C8: m3 | D8: 1 | E8: 2170 | F8: 4 | G8: 2.5 | H8: 1 | I8: =D8*E8*F8*G8*H8-QS_DIEN_GIAI_CHI_TIET!I8 | J8: Số cũ: một mặt cắt hào trung bình, chỉ trừ thể tích BÊ TÔNG cống 2.0x2.0m; không đúng với 3 loại cống và không trừ phần bao ngoài chiếm chỗ
A10: ĐẮP LƯNG CỐNG TÍNH LẠI THEO TỪNG LOẠI CỐNG — trừ phần cống chiếm chỗ (Phụ lục VI TT 13/2021, mục II.5.2; cần đối chiếu bản gốc)
B11: Khoảng thao tác mỗi bên cống (m) | D11: 0.75 | J11: GIẢ ĐỊNH suy từ số cũ: hào rộng 4.0 m quanh cống 2.5 m → 0.75 m mỗi bên. QS xác nhận theo biện pháp thi công
B12: Chiều dày lớp đắp phủ trên nắp cống (m) | D12: 0 | J12: 0 = chỉ đắp lưng cống đến đỉnh cống (số cũ dùng sâu 2.5 m = cao ngoài cống 2.0x2.0m)
A14: STT | B14: LOẠI CỐNG | C14: ĐƠN VỊ | D14: SỐ ĐỐT | E14: DÀI (m) | F14: RỘNG HÀO (m) | G14: SÂU HÀO (m) | H14: TIẾT DIỆN CỐNG CHIẾM CHỖ (m2) | I14: KHỐI LƯỢNG ĐẮP (m3) | J14: GHI CHÚ
A15: 1 | B15: Cống đơn 2.0x2.0m | C15: m3 | D15: =QS_DIEN_GIAI_CHI_TIET!D8 | E15: =QS_DIEN_GIAI_CHI_TIET!E8 | F15: =QS_DIEN_GIAI_CHI_TIET!F8+2*$D$11 | G15: =QS_DIEN_GIAI_CHI_TIET!G8+$D$12 | H15: =QS_DIEN_GIAI_CHI_TIET!F8*QS_DIEN_GIAI_CHI_TIET!G8 | I15: =D15*E15*(F15*G15-H15) | J15: Hào − phần bao ngoài cống chiếm chỗ
A16: 2 | B16: Cống đơn 3.0x3.0m | C16: m3 | D16: =QS_DIEN_GIAI_CHI_TIET!D9 | E16: =QS_DIEN_GIAI_CHI_TIET!E9 | F16: =QS_DIEN_GIAI_CHI_TIET!F9+2*$D$11 | G16: =QS_DIEN_GIAI_CHI_TIET!G9+$D$12 | H16: =QS_DIEN_GIAI_CHI_TIET!F9*QS_DIEN_GIAI_CHI_TIET!G9 | I16: =D16*E16*(F16*G16-H16) | J16: Hào − phần bao ngoài cống chiếm chỗ
A17: 3 | B17: Cống đôi 2x(3.0x3.0m) | C17: m3 | D17: =QS_DIEN_GIAI_CHI_TIET!D10 | E17: =QS_DIEN_GIAI_CHI_TIET!E10 | F17: =QS_DIEN_GIAI_CHI_TIET!F10+2*$D$11 | G17: =QS_DIEN_GIAI_CHI_TIET!G10+$D$12 | H17: =QS_DIEN_GIAI_CHI_TIET!F10*QS_DIEN_GIAI_CHI_TIET!G10 | I17: =D17*E17*(F17*G17-H17) | J17: Hào − phần bao ngoài cống chiếm chỗ
B18: TỔNG ĐẮP LƯNG CỐNG (tính lại) | I18: =SUM(I15:I17)
B19: Số cũ (dòng 4) | I19: =I8
B20: Chênh lệch tính lại so với số cũ | I20: =I18/I19-1 | J20: =IF(ABS(I20)>0.05,"LỆCH >5% - QS xác nhận","Khớp (<=5%)")

Sheet QS_DIEN_GIAI_CHI_TIET
A1: BẢNG DIỄN GIẢI HÌNH HỌC TIÊN LƯỢNG BÊ TÔNG, VÁN KHUÔN CỐNG HỘP TUYẾN A5
A2: CẤM 100% SỐ CHẾT (ZERO DEAD NUMBERS) — Dài x Rộng x Cao x Số lượng x Hệ số
A4: STT | B4: HẠNG MỤC CÔNG TÁC / KẾT CẤU | C4: ĐƠN VỊ | D4: SỐ ĐỐT | E4: DÀI (m) | F4: RỘNG (m) | G4: CAO/DÀY (m) | H4: HỆ SỐ VÁT | I4: KHỐI LƯỢNG | J4: GHI CHÚ | K4: RỘNG LÒNG b (m) | L4: CAO LÒNG h (m) | M4: SỐ KHOANG n | N4: CẠNH VÚT c (m) | P4: VK TRONG (m2/m) | Q4: VK HÔNG NGOÀI (m2/m) | R4: VK ĐẦU ĐỐT (m2/m) | S4: VK TÍNH LẠI (m2/m) | T4: CHÊNH LỆCH SO VỚI SỐ ĐANG DÙNG (cột F) | U4: KẾT LUẬN
A5: 1 | B5: Bê tông lót M100 cống đơn 2.0x2.0m | C5: m3 | D5: 34 | E5: 11.3 | F5: 2.7 | G5: 0.05 | H5: 1 | I5: =D5*E5*F5*G5*H5 | J5: Dày 50mm, nhô 100mm mỗi bên
A6: 2 | B6: Bê tông lót M100 cống đơn 3.0x3.0m | C6: m3 | D6: 50 | E6: 11.3 | F6: 3.8 | G6: 0.05 | H6: 1 | I6: =D6*E6*F6*G6*H6 | J6: Dày 50mm, nhô 100mm mỗi bên
A7: 3 | B7: Bê tông lót M100 cống đôi 2x(3.0x3.0m) | C7: m3 | D7: 108 | E7: 11.3 | F7: 7.1 | G7: 0.05 | H7: 1 | I7: =D7*E7*F7*G7*H7 | J7: Dày 50mm, nhô 100mm mỗi bên
A8: 4 | B8: Bê tông thân B20 cống đơn 2.0x2.0m | C8: m3 | D8: 34 | E8: 11.3 | F8: 2.5 | G8: 2.5 | H8: 1 | I8: =D8*E8*(F8*G8-M8*K8*L8+M8*4*0.5*N8^2) | J8: 2.330 m3/m | K8: 2 | L8: 2 | M8: 1 | N8: 0.2
A9: 5 | B9: Bê tông thân B20 cống đơn 3.0x3.0m | C9: m3 | D9: 50 | E9: 11.3 | F9: 3.6 | G9: 3.6 | H9: 1 | I9: =D9*E9*(F9*G9-M9*K9*L9+M9*4*0.5*N9^2) | J9: 4.085 m3/m | K9: 3 | L9: 3 | M9: 1 | N9: 0.25
A10: 6 | B10: Bê tông thân B20 cống đôi 2x(3.0x3.0m) | C10: m3 | D10: 108 | E10: 11.3 | F10: 6.9 | G10: 3.6 | H10: 1 | I10: =D10*E10*(F10*G10-M10*K10*L10+M10*4*0.5*N10^2) | J10: 7.090 m3/m | K10: 3 | L10: 3 | M10: 2 | N10: 0.25
A11: 7 | B11: Ván khuôn tiếp xúc cống đơn 2.0x2.0m | C11: m2 | D11: 34 | E11: 11.3 | F11: 11.14 | G11: 1 | H11: 1 | I11: =D11*E11*F11*G11*H11 | J11: Cột F = VK m2/m ĐANG DÙNG (không phải bề rộng); P..U là tính lại theo hình học | P11: =$C$17*M8*(2*(K8+L8)-4*N8*(2-SQRT(2))) | Q11: =$C$18*2*G8+$C$19*F8+$C$20*F8 | R11: =$C$21*2*(F8*G8-M8*K8*L8+M8*4*0.5*N8^2)/E8 | S11: =P11+Q11+R11 | T11: =S11/F11-1 | U11: =IF(ABS(T11)>0.05,"LỆCH >5% - QS xác nhận","Khớp (<=5%)")
A12: 8 | B12: Ván khuôn tiếp xúc cống đơn 3.0x3.0m | C12: m2 | D12: 50 | E12: 11.3 | F12: 16.48 | G12: 1 | H12: 1 | I12: =D12*E12*F12*G12*H12 | J12: Cột F = VK m2/m ĐANG DÙNG (không phải bề rộng); P..U là tính lại theo hình học | P12: =$C$17*M9*(2*(K9+L9)-4*N9*(2-SQRT(2))) | Q12: =$C$18*2*G9+$C$19*F9+$C$20*F9 | R12: =$C$21*2*(F9*G9-M9*K9*L9+M9*4*0.5*N9^2)/E9 | S12: =P12+Q12+R12 | T12: =S12/F12-1 | U12: =IF(ABS(T12)>0.05,"LỆCH >5% - QS xác nhận","Khớp (<=5%)")
A13: 9 | B13: Ván khuôn tiếp xúc cống đôi 2x(3.0x3.0m) | C13: m2 | D13: 108 | E13: 11.3 | F13: 25.66 | G13: 1 | H13: 1 | I13: =D13*E13*F13*G13*H13 | J13: Cột F = VK m2/m ĐANG DÙNG (không phải bề rộng); P..U là tính lại theo hình học | P13: =$C$17*M10*(2*(K10+L10)-4*N10*(2-SQRT(2))) | Q13: =$C$18*2*G10+$C$19*F10+$C$20*F10 | R13: =$C$21*2*(F10*G10-M10*K10*L10+M10*4*0.5*N10^2)/E10 | S13: =P13+Q13+R13 | T13: =S13/F13-1 | U13: =IF(ABS(T13)>0.05,"LỆCH >5% - QS xác nhận","Khớp (<=5%)")
A15: QUY ƯỚC VÁN KHUÔN (1 = có ván khuôn, 0 = không) - đổi ô vàng, cột P..U của dòng 11-13 tự tính lại
B17: Ván khuôn mặt trong (lòng cống) | C17: 1
B18: Ván khuôn mặt hông ngoài (2 bên) | C18: 1
B19: Ván khuôn mặt trên (bản nắp) | C19: 0
B20: Ván khuôn mặt đáy (bản đáy) | C20: 0
B21: Ván khuôn đầu đốt (2 đầu mỗi đốt) | C21: 1
A23: Quy ước: ván khuôn tính theo diện tích bề mặt bê tông tiếp xúc ván khuôn; mặt nào có ván khuôn do biện pháp thi công quyết định (công tắc 1/0 bên dưới). Căn cứ đo bóc: văn bản hiện hành tại thời điểm lập hồ sơ do kỹ sư QS xác nhận (theo nguồn thứ cấp: TT 13/2021/TT-BXD và sửa đổi áp dụng đến 30/06/2026; từ 01/07/2026 cần kiểm tra văn bản thay thế như TT 37/2026/TT-BXD, QĐ 1041/QĐ-BXD - chưa đối chiếu toàn văn). TT 12/2021/TT-BXD là định mức, không phải đo bóc.

Sheet THONG_KE_THEP_CHI_TIET
A1: BẢNG THỐNG KÊ CỐT THÉP CHI TIẾT (BBS) TOÀN TUYẾN CỐNG HỘP A5
A2: Quy chuẩn TCVN 1651:2018 | Thép d<10mm CB240-T, Thép d>=10mm CB500-V
A4: STT | B4: SỐ HIỆU THANH | C4: VỊ TRÍ / CẤU KIỆN | D4: Ø (mm) | E4: MÁC THÉP | F4: SỐ LƯỢNG | G4: CHIỀU DÀI L (m) | H4: TỔNG DÀI (m) | I4: TRỌNG LƯỢNG (kg/m) | J4: TỔNG TRỌNG LƯỢNG (kg)
A5: 1 | B5: CH2x2-01 | C5: Thép ngang nắp/đáy cống 2x2 | D5: 12 | E5: CB500-V | F5: 7684 | G5: 2.82 | H5: =F5*G5 | I5: 0.888 | J5: =H5*I5
A6: 2 | B6: CH2x2-02 | C6: Thép thành cống 2x2 | D6: 12 | E6: CB500-V | F6: 6120 | G6: 2.84 | H6: =F6*G6 | I6: 0.888 | J6: =H6*I6
A7: 3 | B7: CH2x2-03 | C7: Thép nách cống 2x2 | D7: 12 | E7: CB500-V | F7: 6120 | G7: 1.32 | H7: =F7*G7 | I7: 0.888 | J7: =H7*I7
A8: 4 | B8: CH2x2-04 | C8: Thép dọc cống 2x2 | D8: 10 | E8: CB240-T | F8: 3264 | G8: 11.7 | H8: =F8*G8 | I8: 0.617 | J8: =H8*I8
A9: 5 | B9: CH2x2-05 | C9: Dowel bar khe cống 2x2 | D9: 22 | E9: CB500-V | F9: 680 | G9: 1 | H9: =F9*G9 | I9: 2.984 | J9: =H9*I9
A10: 6 | B10: CH3x3-01 | C10: Thép ngang nắp/đáy cống 3x3 | D10: 14 | E10: CB500-V | F10: 9000 | G10: 3.9 | H10: =F10*G10 | I10: 1.208 | J10: =H10*I10
A11: 7 | B11: CH3x3-02 | C11: Thép thành cống 3x3 | D11: 14 | E11: CB500-V | F11: 9000 | G11: 3.9 | H11: =F11*G11 | I11: 1.208 | J11: =H11*I11
A12: 8 | B12: CH3x3-03 | C12: Thép nách cống 3x3 | D12: 14 | E12: CB500-V | F12: 9000 | G12: 1.95 | H12: =F12*G12 | I12: 1.208 | J12: =H12*I12
A13: 9 | B13: CH3x3-04 | C13: Thép dọc cống 3x3 | D13: 10 | E13: CB240-T | F13: 6800 | G13: 11.7 | H13: =F13*G13 | I13: 0.617 | J13: =H13*I13
A14: 10 | B14: CH3x3-05 | C14: Dowel bar khe cống 3x3 | D14: 22 | E14: CB500-V | F14: 1400 | G14: 1 | H14: =F14*G14 | I14: 2.984 | J14: =H14*I14
A15: 11 | B15: CH2x3x3-01 | C15: Thép nắp/đáy 2 khoang cống đôi | D15: 14 | E15: CB500-V | F15: 19440 | G15: 9.37 | H15: =F15*G15 | I15: 1.208 | J15: =H15*I15
A16: 12 | B16: CH2x3x3-02 | C16: Thép vách biên cống đôi | D16: 14 | E16: CB500-V | F16: 19440 | G16: 4.02 | H16: =F16*G16 | I16: 1.208 | J16: =H16*I16
... A23: 19 | B23: CH2x3x3-08 | C23: Dowel bar khe cống đôi | D23: 22 | E23: CB500-V | F23: 4536 | G23: 1 | H23: =F23*G23 | I23: 2.984 | J23: =H23*I23
B24: TỔNG CỘNG KHỐI LƯỢNG CỐT THÉP (kg) | J24: =SUM(J5:J23)
