Workbook

Sheet HOSO_KCS_NGHIEM_THU
B2: DỰ ÁN: CAO TỐC TUYÊN QUANG - HÀ GIANG (GIAI ĐOẠN 1) - ĐOẠN QUA TỈNH HÀ GIANG
B3: DANH MỤC HỒ SƠ QUẢN LÝ CHẤT LƯỢNG & BIÊN BẢN NGHIỆM THU KCS - CẦU KM19+529.080
B4: Tuân thủ Luật Xây dựng số 135/2025/QH15 & Nghị định 207/2026/NĐ-CP (Khối lượng link trực tiếp từ Sheet QS)
A5: STT | B5: Số hiệu biên bản | C5: Tên công việc / Giai đoạn nghiệm thu KCS | D5: Khối lượng nghiệm thu | E5: ĐVT | F5: Căn cứ quy chuẩn / Tiêu chuẩn áp dụng | G5: Chỉ tiêu thí nghiệm & Điểm kiểm soát (Hold Points) | H5: Ngày nghiệm thu hoàn thành
A6: 1 | B6: BBNT-01 | C6: Bàn giao tim mốc VN2000, cao độ Hòn Dấu & tim mốc cầu Km19+529.080 | D6: 1 | E6: Điểm | F6: TCVN 9393:2012 | G6: Sai số tọa độ tim mốc <= 5mm, mốc cao độ <= 2mm | H6: =TIEN_DO_THI_CONG_WBS!J8
A7: 2 | B7: BBNT-02 | C7: Nghiệm thu dọn dẹp mặt bằng, thi công đường công vụ nhánh 6 & 6A | D7: =KHOI_LUONG_DAO_DAP!F19 | E7: m3 | F7: TCVN 4447:2012 | G7: Độ dầm chặt nền đường K >= 0.95, thoát nước tốt | H7: =TIEN_DO_THI_CONG_WBS!J10
A8: 3 | B8: BBNT-03 | C8: Kiểm tra nghiệm thu chất lượng vật liệu đầu vào (Thép, Cáp DUL, Xi măng) | D8: 1 | E8: Lô | F8: TCVN 1651:2018, ASTM A416 | G8: Chứng chỉ CO/CQ, thí nghiệm kéo uốn thép, nén xi măng | H8: =TIEN_DO_THI_CONG_WBS!I8
A9: 4 | B9: BBNT-04 | C9: Nghiệm thu trạm trộn BTXM, trạm biến áp & bệ đúc dầm Super-T | D9: 1 | E9: Hệ | F9: TCVN 9340:2012 | G9: Độ chính xác cân đong sai số <= 1%, bệ đúc đủ độ cứng | H9: =TIEN_DO_THI_CONG_WBS!J11
A10: 5 | B10: BBNT-05 | C10: Nghiệm thu định vị tim cọc & hạ ống vách thép dẫn hướng D1300mm | D10: =QS_DIEN_GIAI_CHI_TIET!J12 | E10: m | F10: TCVN 11823:2017 | G10: Độ nghiêng ống vách <= 1%, sai số tim cọc <= 50mm | H10: =TIEN_DO_THI_CONG_WBS!I14
A11: 6 | B11: BBNT-06 | C11: Nghiệm thu khoan thăm dò hang Karst sâu 5m dưới mũi cọc | D11: 26 | E11: Lỗ | F11: Chỉ dẫn TK Trang 11 | G11: Khoan vào đá liền khối tối thiểu 5m, không rỗng Karst | H11: =TIEN_DO_THI_CONG_WBS!J13
A12: 7 | B12: BBNT-07 | C12: Nghiệm thu hố khoan cọc D1200mm, thổi rửa đáy & kiểm tra dung dịch | D12: =QS_DIEN_GIAI_CHI_TIET!J7 | E12: m | F12: TCVN 9395:2012 | G12: Chiều dày cặn lắng đáy <= 50mm, tỷ trọng bentonite 1.05-1.15 | H12: =TIEN_DO_THI_CONG_WBS!J14
A13: 8 | B13: BBNT-08 | C13: Nghiệm thu gia công, lắp dựng lồng cốt thép & ống siêu âm cọc nhồi | D13: =QS_DIEN_GIAI_CHI_TIET!J22 | E13: Tấn | F13: TCVN 4453:1995 | G13: Chiều dài lồng thép, mối nối coupler, ống siêu âm kín nước | H13: =TIEN_DO_THI_CONG_WBS!J15
A14: 9 | B14: BBNT-09 | C14: Nghiệm thu đổ bê tông cọc khoan nhồi C30 bằng ống tremie | D14: =QS_DIEN_GIAI_CHI_TIET!J17 | E14: m3 | F14: TCVN 9395:2012 | G14: Độ sụt 18+-2cm, ống tremie ngập bê tông >= 2.0m liên tục | H14: =TIEN_DO_THI_CONG_WBS!J17
A15: 10 | B15: BBNT-10 | C15: Nghiệm thu thí nghiệm kiểm tra cọc (Siêu âm 100%, lõi bê tông & PDA) | D15: 1 | E15: Gói | F15: TCVN 9396, ASTM D4945 | G15: Siêu âm 156 mặt cắt; PDA trụ T1 đạt tải trọng 9434 kN | H15: =TIEN_DO_THI_CONG_WBS!J18
A16: 11 | B16: BBNT-11 | C16: Nghiệm thu đào hố móng, đập đầu 26 cọc & đổ bê tông lót bệ mác C10 | D16: =QS_DIEN_GIAI_CHI_TIET!J34 | E16: m3 | F16: TCVN 4453:1995 | G16: Đầu cọc ngàm vào bệ 10cm, cốt thép cọc neo sâu 40D | H16: =TIEN_DO_THI_CONG_WBS!J20
A17: 12 | B17: BBNT-12 | C17: Nghiệm thu ván khuôn, cốt thép & đổ bê tông bệ mố M1, M2 & bệ trụ T1, T2 C30 | D17: =QS_DIEN_GIAI_CHI_TIET!J39 | E17: m3 | F17: TCVN 3105:2022 | G17: Kích thước hình học bệ, 12 tổ mẫu thử nén đạt C30 | H17: =TIEN_DO_THI_CONG_WBS!J22
A18: 13 | B18: BBNT-13 | C18: Nghiệm thu thân mố chân dê M1 và thân mố chữ U M2 bê tông C30 | D18: =QS_DIEN_GIAI_CHI_TIET!J44 | E18: m3 | F18: TCVN 11823:2017 | G18: Độ thẳng đứng thân mố, bề mặt bê tông phẳng nhẵn | H18: =TIEN_DO_THI_CONG_WBS!J24
A19: 14 | B19: BBNT-14 | C19: Nghiệm thu cốt thép, ván khuôn & đổ bê tông thân đặc trụ T1, T2 C30 | D19: =QS_DIEN_GIAI_CHI_TIET!J50 | E19: m3 | F19: TCVN 4453:1995 | G19: Kích thước thân đặc 9.75x2.0m, chiều cao H=14.5m và 11.4m | H19: =TIEN_DO_THI_CONG_WBS!J23
A20: 15 | B20: BBNT-15 | C20: Nghiệm thu cốt thép, ván khuôn & đổ bê tông xà mũ trụ T1, T2, đá kê gối | D20: =QS_DIEN_GIAI_CHI_TIET!J53 | E20: m3 | F20: TCVN 11823:2017 | G20: Cao độ mặt đá kê gối sai số <= 2mm, tim đá kê <= 3mm | H20: =TIEN_DO_THI_CONG_WBS!J25
A21: 16 | B21: BBNT-16 | C21: Nghiệm thu cốt thép, ván khuôn & đổ bê tông C45 15 phiến dầm Super-T | D21: =QS_DIEN_GIAI_CHI_TIET!J62 | E21: m3 | F21: TCVN 3105:2022 | G21: Cường độ bê tông đạt R28 >= 45 MPa, không rỗ nứt | H21: =TIEN_DO_THI_CONG_WBS!J28
A22: 17 | B22: BBNT-17 | C22: Nghiệm thu căng kéo cáp DUL 15.2mm & bơm vữa ống gen dầm Super-T | D22: =QS_DIEN_GIAI_CHI_TIET!J64 | E22: Tấn | F22: TCVN 11823:2017 | G22: Sai số độ giãn dài cáp <= +-5%, vữa bơm lấp đầy 100% gen | H22: =TIEN_DO_THI_CONG_WBS!J29
A23: 18 | B23: BBNT-18 | C23: Nghiệm thu lắp đặt 30 gối chậu cao su & lao lắp 15 phiến dầm Super-T | D23: =QS_DIEN_GIAI_CHI_TIET!J70 | E23: Cái | F23: TCVN 10308:2014 | G23: Gối chậu nằm ngang chuẩn xác, dầm đặt êm thuận trên mố trụ | H23: =TIEN_DO_THI_CONG_WBS!J31
A24: 19 | B24: BBNT-19 | C24: Nghiệm thu đổ bê tông dầm ngang & mối nối liên tục nhiệt đỉnh trụ T1, T2 | D24: =QS_DIEN_GIAI_CHI_TIET!J73+QS_DIEN_GIAI_CHI_TIET!J79 | E24: m3 | F24: TCVN 4453:1995 | G24: Liên kết cứng dầm ngang, bản liên tục nhiệt triệt tiêu khe nứt | H24: =TIEN_DO_THI_CONG_WBS!J33
A25: 20 | B25: BBNT-20 | C25: Nghiệm thu cốt thép, ván khuôn & đổ bê tông bản mặt cầu C35 dày 180mm | D25: =QS_DIEN_GIAI_CHI_TIET!J77 | E25: m3 | F25: TCVN 11823:2017 | G25: Độ dốc ngang thoát nước 2%, chiều dày bảo vệ cốt thép chuẩn | H25: =TIEN_DO_THI_CONG_WBS!J35
A26: 21 | B26: BBNT-21 | C26: Nghiệm thu khe co giãn răng lược D=100mm, gờ lan can & thảm BTN C16 | D26: =QS_DIEN_GIAI_CHI_TIET!J84+QS_DIEN_GIAI_CHI_TIET!J86 | E26: m2 | F26: TCVN 8819:2011 | G26: Độ bằng phẳng mặt cầu IRI <= 1.5, khe răng lược êm thuận | H26: =TIEN_DO_THI_CONG_WBS!J39
A27: 22 | B27: BBNT-22 | C27: Nghiệm thu thử tải tĩnh/động toàn cầu & nghiệm thu hoàn thành đưa vào sử dụng | D27: 1 | E27: Gói | F27: Nghị định 207/2026/NĐ-CP | G27: Độ võng tĩnh f <= f_cp, hệ số xung kích động đạt tiêu chuẩn | H27: =TIEN_DO_THI_CONG_WBS!J42

Sheet QS_DIEN_GIAI_CHI_TIET
B2: DỰ ÁN: CAO TỐC TUYÊN QUANG - HÀ GIANG (GIAI ĐOẠN 1) - ĐOẠN QUA TỈNH HÀ GIANG
B3: BẢNG DIỄN GIẢI TIÊN LƯỢNG KHỐI LƯỢNG HÌNH HỌC CHI TIẾT - CẦU KM19+529.080
B4: Tuân thủ nghiêm ngặt nguyên tắc 100% công thức động: Khối lượng = Dài x Rộng x Cao x Số lượng x Hệ số (CẤM SỐ CHẾT)
A5: TT | B5: Mã hiệu | C5: Nội dung công tác & Diễn giải hình học cấu kiện | D5: ĐVT | E5: Số lượng (Cấu kiện) | F5: Dài (m) | G5: Rộng (m) | H5: Cao / Dày (m) | I5: Hệ số hình học | J5: Khối lượng (Công thức) | K5: Đơn giá (VNĐ) | L5: Thành tiền (VNĐ)
A6: PHẦN I: THI CÔNG CỌC KHOAN NHỒI D1200MM & THÍ NGHIỆM KIỂM SOÁT
A7: 1 | B7: AC.11111 | C7: Khoan tạo lỗ cọc khoan nhồi D1200mm vào đất và đá gốc (26 cọc) | D7: m | J7: =SUM(J8:J11) | K7: 2850000 | L7: =J7*K7
C8: - Cọc mố M1: 3 cọc chiều sâu L=20.0m | D8: m | E8: 3 | F8: 20 | G8: 1 | H8: 1 | I8: 1 | J8: =E8*F8*G8*H8*I8
C9: - Cọc trụ T1: 8 cọc chiều sâu L=40.0m | D9: m | E9: 8 | F9: 40 | G9: 1 | H9: 1 | I9: 1 | J9: =E9*F9*G9*H9*I9
C10: - Cọc trụ T2: 8 cọc chiều sâu L=30.0m | D10: m | E10: 8 | F10: 30 | G10: 1 | H10: 1 | I10: 1 | J10: =E10*F10*G10*H10*I10
C11: - Cọc mố M2: 7 cọc chiều sâu L=36.0m | D11: m | E11: 7 | F11: 36 | G11: 1 | H11: 1 | I11: 1 | J11: =E11*F11*G11*H11*I11
A12: 2 | B12: AC.12111 | C12: Hạ và nhổ ống vách thép dẫn hướng D1300mm d=8mm (luân chuyển) | D12: m | J12: =SUM(J13:J16) | K12: 1450000 | L12: =J12*K12
C13: - Ống vách thép cọc mố M1 (3 cọc x 6m) | D13: m | E13: 3 | F13: 6 | G13: 1 | H13: 1 | I13: 1 | J13: =E13*F13*G13*H13*I13
C14: - Ống vách thép cọc trụ T1 (8 cọc x 6m) | D14: m | E14: 8 | F14: 6 | G14: 1 | H14: 1 | I14: 1 | J14: =E14*F14*G14*H14*I14
C15: - Ống vách thép cọc trụ T2 (8 cọc x 6m) | D15: m | E15: 8 | F15: 6 | G15: 1 | H15: 1 | I15: 1 | J15: =E15*F15*G15*H15*I15
C16: - Ống vách thép cọc mố M2 (7 cọc x 6m) | D16: m | E16: 7 | F16: 6 | G16: 1 | H16: 1 | I16: 1 | J16: =E16*F16*G16*H16*I16
A17: 3 | B17: AF.21111 | C17: Bê tông cọc khoan nhồi C30/37 đổ bằng phương pháp rút ống tremie | D17: m3 | J17: =SUM(J18:J21) | K17: 1650000 | L17: =J17*K17
C18: - Bê tông 3 cọc mố M1 (L=20m, D=1.2m, hs nở thành 1.12) | D18: m3 | E18: 3 | F18: 20 | G18: 0.6 | H18: 0.6 | I18: 3.5186 | J18: =E18*F18*G18*H18*I18
C19: - Bê tông 8 cọc trụ T1 (L=40m, D=1.2m, hs nở thành 1.12) | D19: m3 | E19: 8 | F19: 40 | G19: 0.6 | H19: 0.6 | I19: 3.5186 | J19: =E19*F19*G19*H19*I19
C20: - Bê tông 8 cọc trụ T2 (L=30m, D=1.2m, hs nở thành 1.12) | D20: m3 | E20: 8 | F20: 30 | G20: 0.6 | H20: 0.6 | I20: 3.5186 | J20: =E20*F20*G20*H20*I20
C21: - Bê tông 7 cọc mố M2 (L=36m, D=1.2m, hs nở thành 1.12) | D21: m3 | E21: 7 | F21: 36 | G21: 0.6 | H21: 0.6 | I21: 3.5186 | J21: =E21*F21*G21*H21*I21
A22: 4 | B22: AF.61111 | C22: Cốt thép cọc khoan nhồi D1200mm (Thép chủ D25, đai D16, D10) | D22: Tấn | J22: 108.76599 | K22: 18500000 | L22: =J22*K22
C23: - Cốt thép cọc mố M1 (3 cọc x 5.889 tấn/cọc) | D23: Tấn | E23: 3 | F23: 5.889 | G23: 1 | H23: 1 | I23: 1 | J23: =E23*F23*G23*H23*I23
C24: - Cốt thép cọc trụ T1 (8 cọc x 4.845 tấn/cọc) | D24: Tấn | E24: 8 | F24: 4.845 | G24: 1 | H24: 1 | I24: 1 | J24: =E24*F24*G24*H24*I24
C25: - Cốt thép cọc trụ T2 (8 cọc x 3.687 tấn/cọc) | D25: Tấn | E25: 8 | F25: 3.687 | G25: 1 | H25: 1 | I25: 1 | J25: =E25*F25*G25*H25*I25
C26: - Cốt thép cọc mố M2 (7 cọc x 4.721 tấn/cọc) | D26: Tấn | E26: 7 | F26: 4.721 | G26: 1 | H26: 1 | I26: 1 | J26: =E26*F26*G26*H26*I26
A27: 5 | B27: AC.13111 | C27: Đập đầu cọc khoan nhồi nhô lên đáy bệ ngàm vào kết cấu | D27: m3 | J27: =SUM(J28:J28) | K27: 550000 | L27: =J27*K27
C28: - Đập đầu 26 cọc khoan nhồi (chiều cao đập h=1.0m) | D28: m3 | E28: 26 | F28: 1 | G28: 0.6 | H28: 0.6 | I28: 3.1416 | J28: =E28*F28*G28*H28*I28
A29: 6 | B29: TN.11111 | C29: Thí nghiệm kiểm soát cọc (Siêu âm 156 mặt cắt, PDA 9434kN, lấy lõi 4 cọc) | D29: Gói | J29: =SUM(J30:J30) | K29: 450000000 | L29: =J29*K29
C30: - Gói thí nghiệm siêu âm 100% cọc, nén động PDA trụ T1 & khoan lấy lõi | D30: Gói | E30: 1 | F30: 1 | G30: 1 | H30: 1 | I30: 1 | J30: =E30*F30*G30*H30*I30
A31: PHẦN II: KẾT CẤU PHẦN DƯỚI (BỆ, THÂN, XÀ MŨ MỐ M1, M2 & TRỤ T1, T2)
A32: 7 | B32: AB.11111 | C32: Đào đất đá hố móng bệ mố M1, M2 và bệ trụ T1, T2 (Link Sheet Đào Đắp) | D32: m3 | J32: =SUM(J33:J33) | K32: 145000 | L32: =J32*K32
C33: - Đào đất đá hố móng bệ mố M1,M2 & bệ trụ T1,T2 → =KHOI_LUONG_DAO_DAP!F21 | D33: m3 | E33: 1 | F33: 1 | G33: 1 | H33: 1 | I33: 1 | J33: =KHOI_LUONG_DAO_DAP!F21
A34: 8 | B34: AF.11111 | C34: Bê tông lót đáy bệ móng mác C10 dày 10cm | D34: m3 | J34: =SUM(J35:J38) | K34: 1150000 | L34: =J34*K34
C35: - Lớp bê tông lót đáy bệ mố M1 chân dê | D35: m3 | E35: 1 | F35: 12.5 | G35: 6 | H35: 0.1 | I35: 1 | J35: =E35*F35*G35*H35*I35
C36: - Lớp bê tông lót đáy bệ mố M2 chữ U | D36: m3 | E36: 1 | F36: 14 | G36: 6.5 | H36: 0.1 | I36: 1 | J36: =E36*F36*G36*H36*I36
C37: - Lớp bê tông lót đáy bệ trụ T1 | D37: m3 | E37: 1 | F37: 13 | G37: 6.5 | H37: 0.1 | I37: 1 | J37: =E37*F37*G37*H37*I37
C38: - Lớp bê tông lót đáy bệ trụ T2 | D38: m3 | E38: 1 | F38: 13 | G38: 6.5 | H38: 0.1 | I38: 1 | J38: =E38*F38*G38*H38*I38
A39: 9 | B39: AF.12111 | C39: Bê tông bệ móng mố M1, M2 và bệ trụ T1, T2 mác C30 | D39: m3 | J39: =SUM(J40:J43) | K39: 1480000 | L39: =J39*K39
C40: - Bệ móng mố M1 chân dê (chiều cao bệ h=2.0m) | D40: m3 | E40: 1 | F40: 12 | G40: 5.5 | H40: 2 | I40: 1.1287 | J40: =E40*F40*G40*H40*I40
C41: - Bệ móng mố M2 chữ U (chiều cao bệ h=2.0m) | D41: m3 | E41: 1 | F41: 13.5 | G41: 5.5 | H41: 2 | I41: 1.0033 | J41: =E41*F41*G41*H41*I41
C42: - Bệ móng trụ T1 thân đặc (chiều cao bệ h=2.5m) | D42: m3 | E42: 1 | F42: 12.3 | G42: 6 | H42: 2.5 | I42: 1 | J42: =E42*F42*G42*H42*I42
C43: - Bệ móng trụ T2 thân đặc (chiều cao bệ h=2.5m) | D43: m3 | E43: 1 | F43: 12.3 | G43: 6 | H43: 2.5 | I43: 1 | J43: =E43*F43*G43*H43*I43
A44: 10 | B44: AF.12211 | C44: Bê tông thân mố chân dê M1 và mố chữ U M2 mác C30 | D44: m3 | J44: =SUM(J45:J46) | K44: 1520000 | L44: =J44*K44
C45: - Thân mố M1 chân dê | D45: m3 | E45: 1 | F45: 11.75 | G45: 1.2 | H45: 6 | I45: 1 | J45: =E45*F45*G45*H45*I45
C46: - Thân mố M2 chữ U (tường thân trước) | D46: m3 | E46: 1 | F46: 11.75 | G46: 1.2 | H46: 6 | I46: 1 | J46: =E46*F46*G46*H46*I46
A47: 11 | B47: AF.12311 | C47: Bê tông tường cánh và tường đỉnh mố M1, M2 mác C30 | D47: m3 | J47: =SUM(J48:J49) | K47: 1520000 | L47: =J47*K47
C48: - Tường đỉnh mố M1 và M2 | D48: m3 | E48: 2 | F48: 11.75 | G48: 0.45 | H48: 2.71 | I48: 1 | J48: =E48*F48*G48*H48*I48
C49: - Tường cánh mố M1 và M2 (4 tường cánh vát) | D49: m3 | E49: 4 | F49: 7.5 | G49: 0.4 | H49: 4.22 | I49: 0.4 | J49: =E49*F49*G49*H49*I49
A50: 12 | B50: AF.13111 | C50: Bê tông thân đặc trụ T1 và T2 mác C30 | D50: m3 | J50: =SUM(J51:J52) | K50: 1550000 | L50: =J50*K50
C51: - Thân đặc trụ T1 (chiều cao trụ H=14.5m) | D51: m3 | E51: 1 | F51: 9.75 | G51: 2 | H51: 14.5 | I51: 0.995 | J51: =E51*F51*G51*H51*I51
C52: - Thân đặc trụ T2 (chiều cao trụ H=11.4m) | D52: m3 | E52: 1 | F52: 9.75 | G52: 2 | H52: 11.4 | I52: 0.995 | J52: =E52*F52*G52*H52*I52
A53: 13 | B53: AF.13211 | C53: Bê tông xà mũ trụ T1, T2 mác C30 | D53: m3 | J53: =SUM(J54:J55) | K53: 1580000 | L53: =J53*K53
C54: - Xà mũ trụ T1 (kích thước vát 12.3m x 3.3m x 1.8m) | D54: m3 | E54: 1 | F54: 12.3 | G54: 3.3 | H54: 1.8 | I54: 1 | J54: =E54*F54*G54*H54*I54
C55: - Xà mũ trụ T2 (kích thước vát 12.3m x 3.3m x 1.8m) | D55: m3 | E55: 1 | F55: 12.3 | G55: 3.3 | H55: 1.8 | I55: 1 | J55: =E55*F55*G55*H55*I55
A56: 14 | B56: AF.62111 | C56: Cốt thép mố và trụ (D<=10, 10<D<=18, D>18) | D56: Tấn | J56: 224.65226 | K56: 18500000 | L56: =J56*K56
C57: - Cốt thép mố M1 (tổng hợp bản vẽ Trang 31) | D57: Tấn | E57: 1 | F57: 23.45 | G57: 1 | H57: 1 | I57: 1 | J57: =E57*F57*G57*H57*I57
C58: - Cốt thép mố M2 (tổng hợp bản vẽ Trang 40) | D58: Tấn | E58: 1 | F58: 31.85 | G58: 1 | H58: 1 | I58: 1 | J58: =E58*F58*G58*H58*I58
C59: - Cốt thép trụ T1 (bệ, thân, xà mũ) | D59: Tấn | E59: 1 | F59: 38.6 | G59: 1 | H59: 1 | I59: 1 | J59: =E59*F59*G59*H59*I59
C60: - Cốt thép trụ T2 (bệ, thân, xà mũ) | D60: Tấn | E60: 1 | F60: 34.2 | G60: 1 | H60: 1 | I60: 1 | J60: =E60*F60*G60*H60*I60
A61: PHẦN III: KẾT CẤU PHẦN TRÊN (15 PHIẾN DẦM SUPER-T L=38.2M, BẢN MẶT CẦU)
A62: 15 | B62: AF.31111 | C62: Bê tông dầm chủ Super-T L=38.2m mác cao C45/55 | D62: m3 | J62: =SUM(J63:J63) | K62: 2150000 | L62: =J62*K62
C63: - Bê tông 15 phiến dầm Super-T (chiều dài L=38.2m, F_tb=0.759m2) | D63: m3 | E63: 15 | F63: 38.2 | G63: 0.759 | H63: 1 | I63: 1 | J63: =E63*F63*G63*H63*I63
A64: 16 | B64: AF.63111 | C64: Cáp dự ứng lực tao xoắn 15.2mm Grade 270 kéo căng trước/sau | D64: Tấn | J64: 27.783624 | K64: 42000000 | L64: =J64*K64
C65: - Cáp DUL 15 phiến dầm Super-T (15 phiến x 1.994 tấn/phiến) | D65: Tấn | E65: 15 | F65: 1.994 | G65: 1 | H65: 1 | I65: 1 | J65: =E65*F65*G65*H65*I65
A66: 17 | B66: AF.64111 | C66: Cốt thép thường dầm chủ Super-T (D10, D14, D16, D20) | D66: Tấn | J66: 361.5961 | K66: 18800000 | L66: =J66*K66
C67: - Cốt thép thường 15 phiến dầm Super-T (15 phiến x 6.042 tấn/phiến) | D67: Tấn | E67: 15 | F67: 6.042 | G67: 1 | H67: 1 | I67: 1 | J67: =E67*F67*G67*H67*I67
A68: 18 | B68: AC.21111 | C68: Vận chuyển và lao lắp 15 phiến dầm Super-T bằng giá lao dầm ray P43 | D68: Phiến | J68: =SUM(J69:J69) | K68: 18500000 | L68: =J68*K68
C69: - Lao lắp hoàn chỉnh 15 phiến dầm vào 3 nhịp (3 nhịp x 5 phiến) | D69: Phiến | E69: 3 | F69: 5 | G69: 1 | H69: 1 | I69: 1 | J69: =E69*F69*G69*H69*I69
A70: 19 | B70: AF.32111 | C70: Gối chậu cao su di động đơn hướng và song hướng | D70: Cái | J70: =SUM(J71:J72) | K70: 12500000 | L70: =J70*K70
C71: - Gối chậu đơn hướng (15 vị trí trên mố và trụ) | D71: Cái | E71: 15 | F71: 1 | G71: 1 | H71: 1 | I71: 1 | J71: =E71*F71*G71*H71*I71
C72: - Gối chậu song hướng (15 vị trí trên mố và trụ) | D72: Cái | E72: 15 | F72: 1 | G72: 1 | H72: 1 | I72: 1 | J72: =E72*F72*G72*H72*I72
A73: 20 | B73: AF.33111 | C73: Bê tông dầm ngang mố và trụ mác C35 | D73: m3 | J73: =SUM(J74:J74) | K73: 1650000 | L73: =J73*K73
C74: - Dầm ngang tại 2 mố và 2 trụ | D74: m3 | E74: 4 | F74: 12.3 | G74: 0.45 | H74: 1.8 | I74: 1 | J74: =E74*F74*G74*H74*I74
A75: 21 | B75: AF.34111 | C75: Cung cấp và lắp đặt tấm ván khuôn đúc sẵn đáy bản mặt cầu | D75: Tấm | J75: =SUM(J76:J76) | K75: 285000 | L75: =J75*K75
C76: - Tấm ván khuôn đúc sẵn (510 tấm toàn cầu) | D76: Tấm | E76: 510 | F76: 1 | G76: 1 | H76: 1 | I76: 1 | J76: =E76*F76*G76*H76*I76
A77: 22 | B77: AF.35111 | C77: Bê tông bản mặt cầu đổ tại chỗ dày 180mm mác C35 | D77: m3 | J77: =SUM(J78:J78) | K77: 1680000 | L77: =J77*K77
C78: - Bê tông bản mặt cầu 3 nhịp (L=118.2m, B=12.615m, d=0.18m, trừ dầm) | D78: m3 | E78: 1 | F78: 118.2 | G78: 12.615 | H78: 0.18 | I78: 1.1378 | J78: =E78*F78*G78*H78*I78
A79: 23 | B79: AF.36111 | C79: Bê tông mối nối liên tục nhiệt đỉnh trụ T1, T2 mác C35 | D79: m3 | J79: =SUM(J80:J80) | K79: 1700000 | L79: =J79*K79
C80: - Bản liên tục nhiệt tại trụ T1 và T2 | D80: m3 | E80: 2 | F80: 12.615 | G80: 4 | H80: 0.216 | I80: 1 | J80: =E80*F80*G80*H80*I80
A81: 24 | B81: AF.65111 | C81: Cốt thép bản mặt cầu và mối nối liên tục nhiệt (D14, D16) | D81: Tấn | J81: =SUM(J82:J82) | K81: 18500000 | L81: =J81*K81
C82: - Thép bản mặt cầu loại 1, loại 2, loại 3 & liên tục nhiệt | D82: Tấn | E82: 1 | F82: 33.07 | G82: 1 | H82: 1 | I82: 1 | J82: =E82*F82*G82*H82*I82
A83: 25 | B83: AC.31111 | C83: Khe co giãn răng lược thép D=100mm mạ kẽm nhúng nóng | D83: m | J83: =SUM(J84:J84) | K83: 8500000 | L83: =J83*K83
C84: - Khe co giãn mố M1 và M2 (2 vị trí x 12.25m) | D84: m | E84: 2 | F84: 12.25 | G84: 1 | H84: 1 | I84: 1 | J84: =E84*F84*G84*H84*I84
A85: PHẦN IV: KẾT CẤU PHỤ TRỢ, ĐƯỜNG ĐẦU CẦU & HOÀN THIỆN TOÀN CẦU
A86: 26 | B86: AF.41111 | C86: Bê tông bản quá độ sau mố M1, M2 mác C25 | D86: m3 | J86: =SUM(J87:J88) | K86: 1450000 | L86: =J86*K86
C87: - Bản quá độ sau mố M1 (L=8.0m, B=12.5m, d=0.35m) | D87: m3 | E87: 1 | F87: 8 | G87: 12.5 | H87: 0.35 | I87: 0.9626 | J87: =E87*F87*G87*H87*I87
C88: - Bản quá độ sau mố M2 (L=8.0m, B=12.5m, d=0.35m) | D88: m3 | E88: 1 | F88: 8 | G88: 12.5 | H88: 0.35 | I88: 0.9626 | J88: =E88*F88*G88*H88*I88
A89: 27 | B89: AB.21111 | C89: Đắp vật liệu dạng hạt chọn lọc sau mố đầm chặt K >= 0.98 | D89: m3 | J89: =SUM(J90:J90) | K89: 185000 | L89: =J89*K89
C90: - Đoạn đắp chuyển tiếp sau mố M1 và M2 | D90: m3 | E90: 2 | F90: 18 | G90: 12.5 | H90: 4.5 | I90: 0.5 | J90: =E90*F90*G90*H90*I90
A91: 28 | B91: AF.42111 | C91: Bê tông gờ lan can mác C25 và lắp tay vịn thép mạ kẽm | D91: m | J91: =SUM(J92:J92) | K91: 1650000 | L91: =J91*K91
C92: - Lan can 2 bên suốt chiều dài cầu (2 bên x 130.4m) | D92: m | E92: 2 | F92: 130.4 | G92: 1 | H92: 1 | I92: 1 | J92: =E92*F92*G92*H92*I92
A93: 29 | B93: AC.41111 | C93: Hệ thống thoát nước mặt cầu (24 bộ hố ga gang & ống PVC D150) | D93: Bộ | J93: =SUM(J94:J94) | K93: 2850000 | L93: =J93*K93
C94: - Cụm hố ga gang xám có lưới chắn rác và ống xả D150 | D94: Bộ | E94: 24 | F94: 1 | G94: 1 | H94: 1 | I94: 1 | J94: =E94*F94*G94*H94*I94
A95: 30 | B95: AD.11111 | C95: Lớp phun chống thấm & thảm bê tông nhựa chặt C16 dày 7cm mặt cầu | D95: m2 | J95: =SUM(J96:J96) | K95: 385000 | L95: =J95*K95
C96: - Diện tích mặt cầu xe chạy (L=118.2m x B=11.68m) | D96: m2 | E96: 1 | F96: 118.2 | G96: 11.678 | H96: 1 | I96: 1 | J96: =E96*F96*G96*H96*I96
A97: 31 | B97: AL.11111 | C97: Gia cố mái taluy tứ nón mố bằng đá hộc xây vữa VXM M100 | D97: m3 | J97: =SUM(J98:J98) | K97: 850000 | L97: =J97*K97
C98: - Tứ nón và chân khay đá hộc mố M1, M2 | D98: m3 | E98: 1 | F98: 52.216 | G98: 1 | H98: 1 | I98: 1 | J98: =E98*F98*G98*H98*I98
A99: 32 | B99: TN.21111 | C99: Thử tải tĩnh/động cầu & kiểm định an toàn chịu lực trước khi bàn giao | D99: Gói | J99: =SUM(J100:J100) | K99: 350000000 | L99: =J99*K99
C100: - Trọn gói thử tải xe tải nặng theo đề cương phê duyệt | D100: Gói | E100: 1 | F100: 1 | G100: 1 | H100: 1 | I100: 1 | J100: =E100*F100*G100*H100*I100
A101: TỔNG CỘNG CHI PHÍ TRỰC TIẾP (T) (VNĐ) | L101: =L7+L12+L17+L22+L27+L29+L32+L34+L39+L44+L47+L50+L53+L56+L62+L64+L66+L68+L70+L73+L75+L77+L79+L81+L83+L86+L89+L91+L93+L95+L97+L99

Sheet KHOI_LUONG_DAO_DAP
B2: DỰ ÁN: CAO TỐC TUYÊN QUANG - HÀ GIANG (GIAI ĐOẠN 1) - ĐOẠN QUA TỈNH HÀ GIANG
B3: BẢNG TÍNH KHỐI LƯỢNG ĐÀO ĐẮP TRẮC NGANG V = ((F1+F2)/2)*L - ĐƯỜNG CÔNG VỤ VÀ MÓNG MỐ TRỤ
B4: Trích xuất từ Bản vẽ bình đồ, trắc dọc & trắc ngang thi công (Trang 138-150 Hồ sơ TKBVTC)
A5: STT | B5: Lý trình / Vị trí cọc | C5: Khoảng cách L (m) | D5: Diện tích Đào F1 (m2) | E5: Diện tích Đào F2 (m2) | F5: Thể tích Đào V_dao (m3) | G5: Diện tích Đắp F1 (m2) | H5: Diện tích Đắp F2 (m2) | I5: Thể tích Đắp V_dap (m3) | J5: Ghi chú
A6: I. ĐƯỜNG CÔNG VỤ NHÁNH 6 (TIẾP CẬN CẦU KM19+529.080)
A7: 1 | B7: Km 0+00.00 đến Km 0+10.00 | C7: 10 | D7: 51.47 | E7: 33.55 | F7: =((D7+E7)/2)*C7 | G7: 0 | H7: 0 | I7: =((G7+H7)/2)*C7 | J7: Chuẩn hình học
A8: 2 | B8: Km 0+10.00 đến cọc TD1 (Km 0+18.12) | C8: 8.12 | D8: 33.55 | E8: 10.5 | F8: =((D8+E8)/2)*C8 | G8: 0 | H8: 0 | I8: =((G8+H8)/2)*C8 | J8: Chuẩn hình học
A9: 3 | B9: Cọc TD1 đến cọc 2 (Km 0+20.00) | C9: 1.88 | D9: 10.5 | E9: 9.18 | F9: =((D9+E9)/2)*C9 | G9: 0 | H9: 0 | I9: =((G9+H9)/2)*C9 | J9: Chuẩn hình học
A10: 4 | B10: Cọc 2 đến cọc P1 (Km 0+21.65) | C10: 1.65 | D10: 9.18 | E10: 9.02 | F10: =((D10+E10)/2)*C10 | G10: 0 | H10: 0.22 | I10: =((G10+H10)/2)*C10 | J10: Chuẩn hình học
A11: 5 | B11: Cọc P1 đến cọc TC1 (Km 0+25.17) | C11: 3.52 | D11: 9.02 | E11: 11.58 | F11: =((D11+E11)/2)*C11 | G11: 0.22 | H11: 3.2 | I11: =((G11+H11)/2)*C11 | J11: Chuẩn hình học
A12: 6 | B12: Cọc TC1 đến cọc 3 (Km 0+30.00) | C12: 4.83 | D12: 11.58 | E12: 20.34 | F12: =((D12+E12)/2)*C12 | G12: 3.2 | H12: 0 | I12: =((G12+H12)/2)*C12 | J12: Chuẩn hình học
A13: 7 | B13: Cọc 3 đến cọc 4 (Km 0+40.00) | C13: 10 | D13: 20.34 | E13: 51.82 | F13: =((D13+E13)/2)*C13 | G13: 0 | H13: 0 | I13: =((G13+H13)/2)*C13 | J13: Chuẩn hình học
A14: 8 | B14: Km 0+40.00 đến Km 0+80.00 (Nhánh tiếp cận trụ T1) | C14: 40 | D14: 51.82 | E14: 28.4 | F14: =((D14+E14)/2)*C14 | G14: 0 | H14: 0 | I14: =((G14+H14)/2)*C14 | J14: Chuẩn hình học
A15: 9 | B15: Km 0+80.00 đến Km 0+120.00 (Nhánh tiếp cận trụ T2) | C15: 40 | D15: 28.4 | E15: 16.5 | F15: =((D15+E15)/2)*C15 | G15: 0 | H15: 0.5 | I15: =((G15+H15)/2)*C15 | J15: Chuẩn hình học
A16: II. HỐ MÓNG BỆ MỐ M1, M2 VÀ BỆ TRỤ T1, T2
A17: 10 | B17: Đào đất đá hố móng bệ mố M1 chân dê (Km19+463.88) | C17: 12 | D17: 36.5 | E17: 36.5 | F17: =((D17+E17)/2)*C17 | G17: 0 | H17: 0 | I17: =((G17+H17)/2)*C17 | J17: Chuẩn hình học
A18: 11 | B18: Đào đất đá hố móng bệ mố M2 chữ U (Km19+594.28) | C18: 14 | D18: 42 | E18: 42 | F18: =((D18+E18)/2)*C18 | G18: 0 | H18: 0 | I18: =((G18+H18)/2)*C18 | J18: Chuẩn hình học
A19: 12 | B19: Đào đất đá hố móng bệ trụ T1 (Km19+502.98) | C19: 15 | D19: 55 | E19: 55 | F19: =((D19+E19)/2)*C19 | G19: 0 | H19: 0 | I19: =((G19+H19)/2)*C19 | J19: Chuẩn hình học
A20: 13 | B20: Đào đất đá hố móng bệ trụ T2 (Km19+542.98) | C20: 15 | D20: 52 | E20: 52 | F20: =((D20+E20)/2)*C20 | G20: 0 | H20: 0 | I20: =((G20+H20)/2)*C20 | J20: Chuẩn hình học
A21: TỔNG CỘNG KHỐI LƯỢNG ĐÀO ĐẮP (M3) | F21: =F7+F8+F9+F10+F11+F12+F13+F14+F15+F17+F18+F19+F20 | I21: =I7+I8+I9+I10+I11+I12+I13+I14+I15+I17+I18+I19+I20

Sheet TIEN_DO_THI_CONG_WBS
B2: DỰ ÁN: CAO TỐC TUYÊN QUANG - HÀ GIANG (GIAI ĐOẠN 1) - ĐOẠN QUA TỈNH HÀ GIANG
B3: BẢNG KẾ HOẠCH TIẾN ĐỘ WBS, ĐIỀU PHỐI NHÂN CÔNG & BIỂU ĐỒ GANTT CPM - CẦU KM19+529.080
B4: Định mức ngày công TT 12/2021/TT-BXD, Luật Xây dựng số 135/2025/QH15 & NĐ 207/2026/NĐ-CP (Cột đỏ: Đường găng CPM)
A5: Mã WBS | B5: Danh mục công tác thi công | C5: Khối lượng | D5: ĐVT | E5: Định mức (công/ĐVT) | F5: Tổng công (công) | G5: Tổ đội (người) | H5: Thời gian Duration (ngày) | I5: Ngày bắt đầu Start | J5: Ngày hoàn thành Finish | K5: Quan hệ logic Predecessors | L5: Đường găng CPM | M5: Tháng 10/2026 | Q5: Tháng 11/2026 | U5: Tháng 12/2026 | Y5: Tháng 01/2027 | AC5: Tháng 02/2027 | AG5: Tháng 03/2027
M6: T1 | N6: T2 | O6: T3 | P6: T4 | Q6: T1 | R6: T2 | S6: T3 | T6: T4 | U6: T1 | V6: T2 | W6: T3 | X6: T4 | Y6: T1 | Z6: T2 | AA6: T3 | AB6: T4 | AC6: T1 | AD6: T2 | AE6: T3 | AF6: T4 | AG6: T1 | AH6: T2 | AI6: T3 | AJ6: T4
A7: 1.0
A8: 1.1 | B8: Bàn giao tim mốc VN2000, cao độ quốc gia Hòn Dấu & tim mốc cầu | C8: 1 | D8: Điểm | E8: 12 | F8: =C8*E8 | G8: 6 | H8: =ROUNDUP(F8/G8, 0) | I8: 2026-10-01 | J8: 2026-10-02 | K8: - | L8: YES
A9: 1.2 | B9: Rà phá bom mìn, dọn dẹp mặt bằng thi công & dựng lán trại | C9: 12500 | D9: m2 | E9: 0.02 | F9: =C9*E9 | G9: 10 | H9: =ROUNDUP(F9/G9, 0) | I9: 2026-10-03 | J9: 2026-10-08 | K9: 1.1FS | L9: YES
A10: 1.3 | B10: Thi công đường công vụ nhánh 6 & nhánh 6A tiếp cận mố trụ | C10: =KHOI_LUONG_DAO_DAP!F19 | D10: m3 | E10: 0.08 | F10: =C10*E10 | G10: 12 | H10: =ROUNDUP(F10/G10, 0) | I10: 2026-10-09 | J10: 2026-10-18 | K10: 1.2FS | L10: YES
A11: 1.4 | B11: Xây dựng bãi đúc dầm Super-T, bệ đúc cáp căng & trạm trộn BTXM | C11: 1 | D11: Hệ | E11: 180 | F11: =C11*E11 | G11: 15 | H11: =ROUNDUP(F11/G11, 0) | I11: 2026-10-12 | J11: 2026-10-24 | K11: 1.3SS+3d | L11: NO
A12: 2.0
A13: 2.1 | B13: Khoan thăm dò hang Karst sâu 5m vào đá liền khối dưới mũi cọc | C13: 26 | D13: Lỗ | E13: 12 | F13: =C13*E13 | G13: 8 | H13: =ROUNDUP(F13/G13, 0) | I13: 2026-10-25 | J13: 2026-11-05 | K13: 1.3FS | L13: YES
A14: 2.2 | B14: Khoan cọc nhồi D1200mm M1 (3 cọc L=20m) & đổ bê tông C30 | C14: =QS_DIEN_GIAI_CHI_TIET!J8 | D14: m | E14: 0.75 | F14: =C14*E14 | G14: 10 | H14: =ROUNDUP(F14/G14, 0) | I14: 2026-11-06 | J14: 2026-11-12 | K14: 2.1FS | L14: YES
A15: 2.3 | B15: Khoan cọc nhồi D1200mm Trụ T1 (8 cọc L=40m) & đổ bê tông C30 | C15: =QS_DIEN_GIAI_CHI_TIET!J9 | D15: m | E15: 0.75 | F15: =C15*E15 | G15: 16 | H15: =ROUNDUP(F15/G15, 0) | I15: 2026-11-10 | J15: 2026-11-28 | K15: 2.2SS+4d | L15: YES
A16: 2.4 | B16: Khoan cọc nhồi D1200mm Trụ T2 (8 cọc L=30m) & đổ bê tông C30 | C16: =QS_DIEN_GIAI_CHI_TIET!J10 | D16: m | E16: 0.75 | F16: =C16*E16 | G16: 14 | H16: =ROUNDUP(F16/G16, 0) | I16: 2026-11-18 | J16: 2026-12-04 | K16: 2.3SS+8d | L16: YES
A17: 2.5 | B17: Khoan cọc nhồi D1200mm M2 (7 cọc L=36m) & đổ bê tông C30 | C17: =QS_DIEN_GIAI_CHI_TIET!J11 | D17: m | E17: 0.75 | F17: =C17*E17 | G17: 14 | H17: =ROUNDUP(F17/G17, 0) | I17: 2026-11-25 | J17: 2026-12-12 | K17: 2.4SS+7d | L17: NO
A18: 2.6 | B18: Thí nghiệm siêu âm 156 mặt cắt, khoan kiểm tra mũi cọc & thử tải PDA | C18: 1 | D18: Gói | E18: 48 | F18: =C18*E18 | G18: 6 | H18: =ROUNDUP(F18/G18, 0) | I18: 2026-12-13 | J18: 2026-12-20 | K18: 2.4FS,2.5FS | L18: YES
A19: 3.0
A20: 3.1 | B20: Đào hố móng, đập đầu 26 cọc nhồi & đổ bê tông lót đáy bệ mác C10 | C20: 26 | D20: Cọc | E20: 2.5 | F20: =C20*E20 | G20: 10 | H20: =ROUNDUP(F20/G20, 0) | I20: 2026-12-21 | J20: 2026-12-27 | K20: 2.6FS | L20: YES
A21: 3.2 | B21: Gia công lắp dựng cốt thép, ván khuôn & đổ bê tông bệ móng mố M1, M2 | C21: =QS_DIEN_GIAI_CHI_TIET!J38 | D21: m3 | E21: 0.45 | F21: =C21*E21 | G21: 16 | H21: =ROUNDUP(F21/G21, 0) | I21: 2026-12-28 | J21: 2027-01-04 | K21: 3.1FS | L21: YES
A22: 3.3 | B22: Gia công lắp dựng cốt thép, ván khuôn & đổ bê tông bệ trụ T1, T2 | C22: =QS_DIEN_GIAI_CHI_TIET!J39 | D22: m3 | E22: 0.42 | F22: =C22*E22 | G22: 18 | H22: =ROUNDUP(F22/G22, 0) | I22: 2026-12-30 | J22: 2027-01-08 | K22: 3.1FS+2d | L22: YES
A23: 3.4 | B23: Thi công thân đặc trụ T1, T2 (H=14.5m & 11.4m) bê tông C30 | C23: =QS_DIEN_GIAI_CHI_TIET!J47 | D23: m3 | E23: 0.55 | F23: =C23*E23 | G23: 18 | H23: =ROUNDUP(F23/G23, 0) | I23: 2027-01-09 | J23: 2027-01-22 | K23: 3.3FS | L23: YES
A24: 3.5 | B24: Thi công thân mố chân dê M1 và mố chữ U M2 bê tông C30 | C24: =QS_DIEN_GIAI_CHI_TIET!J42 | D24: m3 | E24: 0.52 | F24: =C24*E24 | G24: 14 | H24: =ROUNDUP(F24/G24, 0) | I24: 2027-01-06 | J24: 2027-01-18 | K24: 3.2FS | L24: NO
A25: 3.6 | B25: Thi công xà mũ trụ T1, T2, đá kê gối & khối chống xô | C25: =QS_DIEN_GIAI_CHI_TIET!J51 | D25: m3 | E25: 0.65 | F25: =C25*E25 | G25: 14 | H25: =ROUNDUP(F25/G25, 0) | I25: 2027-01-23 | J25: 2027-01-30 | K25: 3.4FS | L25: YES
A26: 4.0
A27: 4.1 | B27: Gia công cốt thép, luồn cáp DUL 15.2mm 15 phiến dầm tại bãi đúc | C27: 15 | D27: Phiến | E27: 28 | F27: =C27*E27 | G27: 16 | H27: =ROUNDUP(F27/G27, 0) | I27: 2026-11-28 | J27: 2026-12-25 | K27: 1.4FS | L27: NO
A28: 4.2 | B28: Đổ bê tông C45 15 phiến dầm Super-T (bảo dưỡng đạt cường độ R28) | C28: =QS_DIEN_GIAI_CHI_TIET!J57 | D28: m3 | E28: 0.65 | F28: =C28*E28 | G28: 16 | H28: =ROUNDUP(F28/G28, 0) | I28: 2026-12-26 | J28: 2027-01-15 | K28: 4.1FS | L28: NO
A29: 4.3 | B29: Căng kéo cáp DUL tao xoắn 15.2mm & bơm vữa ống gen dầm | C29: 15 | D29: Phiến | E29: 4 | F29: =C29*E29 | G29: 8 | H29: =ROUNDUP(F29/G29, 0) | I29: 2027-01-16 | J29: 2027-01-25 | K29: 4.2FS | L29: YES
A30: 4.4 | B30: Lắp đặt 30 gối chậu cao su đơn/song hướng mố trụ | C30: 30 | D30: Cái | E30: 1.2 | F30: =C30*E30 | G30: 6 | H30: =ROUNDUP(F30/G30, 0) | I30: 2027-01-31 | J30: 2027-02-04 | K30: 3.6FS | L30: YES
A31: 4.5 | B31: Lắp đặt đường ray P43, vận chuyển & lao lắp 15 phiến dầm Super-T | C31: 15 | D31: Phiến | E31: 5 | F31: =C31*E31 | G31: 12 | H31: =ROUNDUP(F31/G31, 0) | I31: 2027-02-05 | J31: 2027-02-14 | K31: 4.3FS,4.4FS | L31: YES
A32: 5.0
A33: 5.1 | B33: Đổ bê tông dầm ngang mố, dầm ngang trụ và bản liên tục nhiệt C35 | C33: =QS_DIEN_GIAI_CHI_TIET!J68 | D33: m3 | E33: 0.85 | F33: =C33*E33 | G33: 12 | H33: =ROUNDUP(F33/G33, 0) | I33: 2027-02-15 | J33: 2027-02-19 | K33: 4.5FS | L33: YES
A34: 5.2 | B34: Lắp đặt 510 tấm ván khuôn đúc sẵn & lắp cốt thép bản mặt cầu C35 | C34: =QS_DIEN_GIAI_CHI_TIET!J72 | D34: Tấm | E34: 0.08 | F34: =C34*E34 | G34: 14 | H34: =ROUNDUP(F34/G34, 0) | I34: 2027-02-20 | J34: 2027-02-24 | K34: 5.1FS | L34: YES
A35: 5.3 | B35: Đổ bê tông bản mặt cầu tại chỗ C35 (dày tối thiểu 180mm) | C35: =QS_DIEN_GIAI_CHI_TIET!J74 | D35: m3 | E35: 0.45 | F35: =C35*E35 | G35: 18 | H35: =ROUNDUP(F35/G35, 0) | I35: 2027-02-25 | J35: 2027-03-02 | K35: 5.2FS | L35: YES
A36: 5.4 | B36: Đổ bê tông bản quá độ C25 sau 2 mố & đắp đất chọn lọc K98 | C36: 2 | D36: Bản | E36: 24 | F36: =C36*E36 | G36: 10 | H36: =ROUNDUP(F36/G36, 0) | I36: 2027-03-01 | J36: 2027-03-06 | K36: 5.1FS | L36: NO
A37: 5.5 | B37: Lắp đặt khe co giãn răng lược thép D=100mm & ống thoát nước PVC D150 | C37: 2 | D37: Bộ | E37: 18 | F37: =C37*E37 | G37: 6 | H37: =ROUNDUP(F37/G37, 0) | I37: 2027-03-07 | J37: 2027-03-12 | K37: 5.3FS | L37: YES
A38: 5.6 | B38: Đổ bê tông gờ lan can C25 & lắp dựng tay vịn thép mạ kẽm | C38: 260.8 | D38: m | E38: 0.35 | F38: =C38*E38 | G38: 10 | H38: =ROUNDUP(F38/G38, 0) | I38: 2027-03-08 | J38: 2027-03-15 | K38: 5.3FS | L38: NO
A39: 5.7 | B39: Phun lớp màng chống thấm & thảm bê tông nhựa C16 mặt cầu dày 7cm | C39: =QS_DIEN_GIAI_CHI_TIET!J87 | D39: m2 | E39: 0.04 | F39: =C39*E39 | G39: 12 | H39: =ROUNDUP(F39/G39, 0) | I39: 2027-03-16 | J39: 2027-03-19 | K39: 5.5FS | L39: YES
A40: 6.0
A41: 6.1 | B41: Thử tải tĩnh/động cầu bằng đoàn xe tải nặng, đo dao động & võng dầm | C41: 1 | D41: Gói | E41: 32 | F41: =C41*E41 | G41: 8 | H41: =ROUNDUP(F41/G41, 0) | I41: 2027-03-20 | J41: 2027-03-24 | K41: 5.7FS | L41: YES
A42: 6.2 | B42: Hoàn thiện hồ sơ hoàn công, nghiệm thu bàn giao đưa vào khai thác | C42: 1 | D42: Gói | E42: 24 | F42: =C42*E42 | G42: 6 | H42: =ROUNDUP(F42/G42, 0) | I42: 2027-03-25 | J42: 2027-03-28 | K42: 6.1FS | L42: YES
